visit_id,branch_id,arrival_timestamp,date,day_of_week,hour,service_category,customer_type,appointment_status,token_number,counter_id,service_start_timestamp,service_end_timestamp,waiting_time_minutes,service_time_minutes,employees_available,employees_absent,queue_length_at_arrival,completed_status,sla_breached
VIS-20260601-100001,BR001,2026-06-01 09:01:33,2026-06-01,Monday,9,KYC Related,Regular,Walk-in,K329,C7,2026-06-01 09:11:36,2026-06-01 09:24:50,10.05,13.24,15,0,8,Completed,False
VIS-20260601-100002,BR001,2026-06-01 09:16:20,2026-06-01,Monday,9,Withdrawal,Regular,Walk-in,W457,C12,2026-06-01 09:17:33,2026-06-01 09:21:23,1.22,3.84,15,0,6,Completed,False
VIS-20260601-100003,BR001,2026-06-01 09:18:59,2026-06-01,Monday,9,Deposit,Regular,Walk-in,D271,C8,2026-06-01 09:21:47,2026-06-01 09:28:42,2.81,6.92,15,0,5,Completed,False
VIS-20260601-100004,BR001,2026-06-01 09:20:25,2026-06-01,Monday,9,Account Opening,Regular,Walk-in,A756,C7,2026-06-01 09:30:04,2026-06-01 09:51:47,9.66,21.72,15,0,5,Completed,False
VIS-20260601-100005,BR001,2026-06-01 09:58:51,2026-06-01,Monday,9,Account Opening,Regular,Walk-in,A656,C7,2026-06-01 10:05:59,2026-06-01 10:21:33,7.14,15.57,15,0,5,Completed,False
VIS-20260601-100006,BR001,2026-06-01 09:28:33,2026-06-01,Monday,9,Locker Issuing,Corporate,Walk-in,L795,C3,2026-06-01 09:43:51,2026-06-01 10:09:27,15.31,25.6,15,0,6,Completed,False
VIS-20260601-100007,BR001,2026-06-01 09:51:18,2026-06-01,Monday,9,Withdrawal,Regular,Walk-in,W321,C8,2026-06-01 09:52:49,2026-06-01 09:56:31,1.53,3.69,15,0,6,Completed,False
VIS-20260601-100008,BR001,2026-06-01 09:57:06,2026-06-01,Monday,9,Loans - Payment and Sanctioning,Regular,Booked,L756,C7,2026-06-01 09:58:02,2026-06-01 10:38:58,0.94,40.94,15,0,0,Completed,False
VIS-20260601-100009,BR001,2026-06-01 09:12:20,2026-06-01,Monday,9,Insurance,Senior Citizen,Walk-in,I142,C10,2026-06-01 09:19:28,2026-06-01 09:39:44,7.14,20.26,15,0,3,Completed,False
VIS-20260601-100010,BR001,2026-06-01 09:45:15,2026-06-01,Monday,9,Withdrawal,Regular,Walk-in,W210,C10,2026-06-01 09:45:45,2026-06-01 09:47:57,0.5,2.2,15,0,5,Completed,False
VIS-20260601-100011,BR001,2026-06-01 09:30:10,2026-06-01,Monday,9,Cheque Withdrawal,Senior Citizen,Walk-in,C643,C1,2026-06-01 09:31:58,2026-06-01 09:35:10,1.8,3.21,15,0,5,Completed,False
VIS-20260601-100012,BR001,2026-06-01 09:24:36,2026-06-01,Monday,9,KYC Related,Regular,Walk-in,K172,C2,2026-06-01 09:31:45,2026-06-01 09:45:09,7.15,13.4,15,0,7,Completed,False
VIS-20260601-100013,BR001,2026-06-01 09:29:04,2026-06-01,Monday,9,KYC Related,Senior Citizen,Walk-in,K641,C5,2026-06-01 09:37:55,2026-06-01 09:52:34,8.85,14.65,15,0,7,Completed,False
VIS-20260601-100014,BR001,2026-06-01 09:26:53,2026-06-01,Monday,9,Withdrawal,Regular,Walk-in,W208,C7,2026-06-01 09:30:50,2026-06-01 09:35:14,3.96,4.4,15,0,3,Completed,False
VIS-20260601-100015,BR001,2026-06-01 09:51:36,2026-06-01,Monday,9,KYC Related,Regular,Walk-in,K116,C7,2026-06-01 09:52:52,2026-06-01 10:04:18,1.28,11.43,15,0,3,Completed,False
VIS-20260601-100016,BR001,2026-06-01 09:40:38,2026-06-01,Monday,9,Money Transfer,Senior Citizen,Walk-in,M625,C4,2026-06-01 09:41:08,2026-06-01 09:44:20,0.5,3.21,15,0,6,Completed,False
VIS-20260601-100017,BR001,2026-06-01 09:08:23,2026-06-01,Monday,9,Debit Card,HNI,Walk-in,D103,C9,2026-06-01 09:09:43,2026-06-01 09:18:26,1.34,8.72,15,0,2,Completed,False
VIS-20260601-100018,BR001,2026-06-01 09:58:21,2026-06-01,Monday,9,KYC Related,Senior Citizen,Booked,K253,C3,2026-06-01 09:58:33,2026-06-01 10:10:03,0.2,11.5,15,0,2,Completed,False
VIS-20260601-100019,BR001,2026-06-01 09:08:46,2026-06-01,Monday,9,Deposit,HNI,Walk-in,D198,C12,2026-06-01 09:10:13,2026-06-01 09:15:05,1.46,4.87,15,0,8,Completed,False
VIS-20260601-100020,BR001,2026-06-01 09:02:07,2026-06-01,Monday,9,Aadhaar Linking,Senior Citizen,Walk-in,A908,C5,2026-06-01 09:09:34,2026-06-01 09:20:56,7.46,11.36,15,0,7,Completed,False
VIS-20260601-100021,BR001,2026-06-01 09:46:37,2026-06-01,Monday,9,Deposit,Senior Citizen,Walk-in,D140,C2,2026-06-01 09:51:42,2026-06-01 09:57:27,5.09,5.75,15,0,6,Completed,False
VIS-20260601-100022,BR001,2026-06-01 09:18:39,2026-06-01,Monday,9,Withdrawal,Regular,Walk-in,W861,C3,2026-06-01 09:20:53,2026-06-01 09:25:13,2.24,4.33,15,0,4,Completed,False
VIS-20260601-100023,BR001,2026-06-01 09:23:07,2026-06-01,Monday,9,Credit Card,Regular,Booked,C495,C2,2026-06-01 09:23:19,2026-06-01 09:33:10,0.21,9.85,15,0,0,Completed,False
VIS-20260601-100024,BR001,2026-06-01 09:27:28,2026-06-01,Monday,9,Deposit,Regular,Walk-in,D408,C10,2026-06-01 09:28:26,2026-06-01 09:32:31,0.97,4.08,15,0,5,Completed,False
VIS-20260601-100025,BR001,2026-06-01 09:24:20,2026-06-01,Monday,9,Withdrawal,Corporate,Walk-in,W779,C3,2026-06-01 09:27:21,2026-06-01 09:32:07,3.02,4.77,15,0,2,Completed,False
VIS-20260601-100026,BR001,2026-06-01 09:58:20,2026-06-01,Monday,9,KYC Related,Regular,Walk-in,K436,C1,2026-06-01 10:03:43,2026-06-01 10:14:02,5.39,10.32,15,0,5,Completed,False
VIS-20260601-100027,BR001,2026-06-01 09:56:10,2026-06-01,Monday,9,Withdrawal,Corporate,Walk-in,W218,C11,2026-06-01 09:56:40,2026-06-01 09:59:04,0.5,2.41,15,0,4,Completed,False
VIS-20260601-100028,BR001,2026-06-01 10:32:28,2026-06-01,Monday,10,Account Opening,Regular,Walk-in,A806,C4,2026-06-01 10:36:42,2026-06-01 10:53:38,4.24,16.94,15,0,3,Completed,False
VIS-20260601-100029,BR001,2026-06-01 10:39:51,2026-06-01,Monday,10,Debit Card,Regular,Booked,D630,C3,2026-06-01 10:40:03,2026-06-01 10:47:40,0.2,7.62,15,0,0,Completed,False
VIS-20260601-100030,BR001,2026-06-01 10:11:32,2026-06-01,Monday,10,Cheque Withdrawal,Regular,Walk-in,C335,C1,2026-06-01 10:14:05,2026-06-01 10:17:41,2.56,3.59,15,0,5,Completed,False
VIS-20260601-100031,BR001,2026-06-01 10:44:37,2026-06-01,Monday,10,Money Transfer,Regular,Walk-in,M747,C3,2026-06-01 10:49:01,2026-06-01 10:55:03,4.41,6.03,15,0,9,Completed,False
VIS-20260601-100032,BR001,2026-06-01 10:50:45,2026-06-01,Monday,10,Debit Card,Regular,Walk-in,D831,C8,2026-06-01 10:54:39,2026-06-01 11:03:52,3.9,9.22,15,0,6,Completed,False
VIS-20260601-100033,BR001,2026-06-01 10:07:26,2026-06-01,Monday,10,Withdrawal,Corporate,Walk-in,W969,C5,2026-06-01 10:10:28,2026-06-01 10:13:14,3.04,2.77,15,0,8,Completed,False
VIS-20260601-100034,BR001,2026-06-01 10:46:19,2026-06-01,Monday,10,Money Transfer,Regular,Walk-in,M302,C5,2026-06-01 10:48:50,2026-06-01 10:55:37,2.52,6.79,15,0,7,Completed,False
VIS-20260601-100035,BR001,2026-06-01 10:10:29,2026-06-01,Monday,10,Account Opening,Regular,Walk-in,A249,C3,2026-06-01 10:26:17,2026-06-01 10:43:02,15.81,16.75,15,0,10,Completed,False
VIS-20260601-100036,BR001,2026-06-01 10:51:29,2026-06-01,Monday,10,Cheque Withdrawal,Regular,Walk-in,C981,C5,2026-06-01 10:53:11,2026-06-01 10:58:27,1.71,5.27,15,0,7,Completed,False
VIS-20260601-100037,BR001,2026-06-01 10:49:38,2026-06-01,Monday,10,KYC Related,Regular,Walk-in,K847,C1,2026-06-01 10:53:39,2026-06-01 11:03:47,4.02,10.14,15,0,6,Completed,False
VIS-20260601-100038,BR001,2026-06-01 10:46:01,2026-06-01,Monday,10,Deposit,Regular,Walk-in,D306,C9,2026-06-01 10:49:10,2026-06-01 10:54:43,3.16,5.54,15,0,8,Completed,False
VIS-20260601-100039,BR001,2026-06-01 10:35:11,2026-06-01,Monday,10,PAN Linking,Regular,Walk-in,P496,C7,2026-06-01 10:39:29,2026-06-01 10:47:19,4.31,7.83,15,0,8,Completed,False
VIS-20260601-100040,BR001,2026-06-01 10:32:51,2026-06-01,Monday,10,Deposit,Regular,Walk-in,D888,C8,2026-06-01 10:39:43,2026-06-01 10:46:06,6.87,6.39,15,0,9,Completed,False
VIS-20260601-100041,BR001,2026-06-01 10:42:23,2026-06-01,Monday,10,Withdrawal,Corporate,Booked,W729,C9,2026-06-01 10:43:27,2026-06-01 10:45:29,1.08,2.02,15,0,3,Completed,False
VIS-20260601-100042,BR001,2026-06-01 10:00:07,2026-06-01,Monday,10,Deposit,Senior Citizen,Walk-in,D788,C8,2026-06-01 10:05:25,2026-06-01 10:11:00,5.3,5.59,15,0,6,Completed,False
VIS-20260601-100043,BR001,2026-06-01 10:30:00,2026-06-01,Monday,10,Insurance,Regular,Booked,I957,C3,2026-06-01 10:33:21,2026-06-01 11:02:14,3.36,28.88,15,0,3,Completed,False
VIS-20260601-100044,BR001,2026-06-01 10:13:04,2026-06-01,Monday,10,Withdrawal,Regular,Walk-in,W514,C6,2026-06-01 10:16:55,2026-06-01 10:19:08,3.86,2.22,15,0,8,Completed,False
VIS-20260601-100045,BR001,2026-06-01 10:02:36,2026-06-01,Monday,10,KYC Related,Regular,Walk-in,K549,C12,2026-06-01 10:08:01,2026-06-01 10:19:09,5.42,11.14,15,0,6,Completed,False
VIS-20260601-100046,BR001,2026-06-01 10:38:48,2026-06-01,Monday,10,KYC Related,Regular,Walk-in,K194,C1,2026-06-01 10:45:45,2026-06-01 10:56:21,6.96,10.59,15,0,7,Completed,False
VIS-20260601-100047,BR001,2026-06-01 10:01:41,2026-06-01,Monday,10,Credit Card,Regular,Walk-in,C114,C11,2026-06-01 10:02:57,2026-06-01 10:08:08,1.28,5.18,15,0,6,Completed,False
VIS-20260601-100048,BR001,2026-06-01 10:24:21,2026-06-01,Monday,10,Withdrawal,Regular,Walk-in,W638,C3,2026-06-01 10:27:36,2026-06-01 10:30:50,3.25,3.24,15,0,4,Completed,False
VIS-20260601-100049,BR001,2026-06-01 10:24:55,2026-06-01,Monday,10,Deposit,Regular,Walk-in,D352,C2,2026-06-01 10:26:14,2026-06-01 10:32:01,1.33,5.78,15,0,6,Completed,False
VIS-20260601-100050,BR001,2026-06-01 10:47:03,2026-06-01,Monday,10,Withdrawal,Regular,Walk-in,W382,C2,2026-06-01 10:53:50,2026-06-01 10:58:25,6.79,4.59,15,0,10,Completed,False
VIS-20260601-100051,BR001,2026-06-01 10:17:54,2026-06-01,Monday,10,PAN Linking,Regular,Walk-in,P786,C5,2026-06-01 10:23:45,2026-06-01 10:31:30,5.85,7.75,15,0,6,Completed,False
VIS-20260601-100052,BR001,2026-06-01 10:46:24,2026-06-01,Monday,10,Money Transfer,Regular,Walk-in,M164,C7,2026-06-01 10:54:12,2026-06-01 11:00:07,7.8,5.93,15,0,11,Completed,False
VIS-20260601-100053,BR001,2026-06-01 10:31:19,2026-06-01,Monday,10,Cheque Withdrawal,Regular,Walk-in,C464,C9,2026-06-01 10:36:04,2026-06-01 10:40:52,4.76,4.79,15,0,6,Completed,False
VIS-20260601-100054,BR001,2026-06-01 10:18:42,2026-06-01,Monday,10,Account Opening,Regular,Walk-in,A703,C8,2026-06-01 10:32:38,2026-06-01 10:50:34,13.94,17.93,15,0,8,Completed,False
VIS-20260601-100055,BR001,2026-06-01 10:51:52,2026-06-01,Monday,10,Deposit,Regular,Walk-in,D291,C5,2026-06-01 10:56:57,2026-06-01 11:02:47,5.09,5.83,15,0,9,Completed,False
VIS-20260601-100056,BR001,2026-06-01 10:21:22,2026-06-01,Monday,10,Cheque Withdrawal,Regular,Walk-in,C751,C10,2026-06-01 10:21:52,2026-06-01 10:25:42,0.5,3.84,15,0,4,Completed,False
VIS-20260601-100057,BR001,2026-06-01 10:39:25,2026-06-01,Monday,10,Deposit,Senior Citizen,Walk-in,D679,C12,2026-06-01 10:42:10,2026-06-01 10:47:56,2.75,5.78,15,0,6,Completed,False
VIS-20260601-100058,BR001,2026-06-01 10:53:41,2026-06-01,Monday,10,Loans - Payment and Sanctioning,Regular,Walk-in,L541,C10,2026-06-01 11:14:32,2026-06-01 11:50:27,20.85,35.93,15,0,6,Completed,True
VIS-20260601-100059,BR001,2026-06-01 10:11:54,2026-06-01,Monday,10,KYC Related,Regular,Walk-in,K787,C11,2026-06-01 10:15:43,2026-06-01 10:25:24,3.82,9.69,15,0,7,Completed,False
VIS-20260601-100060,BR001,2026-06-01 10:57:08,2026-06-01,Monday,10,Debit Card,HNI,Walk-in,D478,C7,2026-06-01 11:04:47,2026-06-01 11:12:45,7.65,7.97,15,0,8,Completed,False
VIS-20260601-100061,BR001,2026-06-01 10:44:13,2026-06-01,Monday,10,Withdrawal,Senior Citizen,Walk-in,W470,C9,2026-06-01 10:44:43,2026-06-01 10:47:22,0.5,2.65,15,0,6,Completed,False
VIS-20260601-100062,BR001,2026-06-01 10:46:53,2026-06-01,Monday,10,Account Opening,Regular,Walk-in,A224,C8,2026-06-01 10:55:05,2026-06-01 11:11:02,8.2,15.95,15,0,6,Completed,False
VIS-20260601-100063,BR001,2026-06-01 10:15:42,2026-06-01,Monday,10,Deposit,Regular,Walk-in,D188,C6,2026-06-01 10:18:44,2026-06-01 10:26:18,3.04,7.57,15,0,7,Completed,False
VIS-20260601-100064,BR001,2026-06-01 10:27:37,2026-06-01,Monday,10,Withdrawal,Regular,Walk-in,W800,C10,2026-06-01 10:28:07,2026-06-01 10:31:45,0.5,3.64,15,0,3,Completed,False
VIS-20260601-100065,BR001,2026-06-01 10:13:22,2026-06-01,Monday,10,Money Transfer,HNI,Walk-in,M385,C9,2026-06-01 10:16:40,2026-06-01 10:20:01,3.31,3.34,15,0,5,Completed,False
VIS-20260601-100066,BR001,2026-06-01 10:57:49,2026-06-01,Monday,10,KYC Related,Regular,Walk-in,K387,C4,2026-06-01 11:07:43,2026-06-01 11:20:46,9.91,13.05,15,0,9,Completed,False
VIS-20260601-100067,BR001,2026-06-01 10:43:49,2026-06-01,Monday,10,Deposit,Regular,Booked,D530,C11,2026-06-01 10:45:20,2026-06-01 10:49:58,1.53,4.62,15,0,3,Completed,False
VIS-20260601-100068,BR001,2026-06-01 10:34:42,2026-06-01,Monday,10,Cheque Withdrawal,Regular,Walk-in,C327,C7,2026-06-01 10:36:07,2026-06-01 10:41:07,1.43,5.0,15,0,7,Completed,False
VIS-20260601-100069,BR001,2026-06-01 10:42:28,2026-06-01,Monday,10,KYC Related,Regular,Walk-in,K493,C7,2026-06-01 10:49:59,2026-06-01 11:04:01,7.53,14.03,15,0,8,Completed,False
VIS-20260601-100070,BR001,2026-06-01 10:39:37,2026-06-01,Monday,10,Deposit,Corporate,Booked,D678,C5,2026-06-01 10:39:51,2026-06-01 10:46:47,0.24,6.93,15,0,0,Completed,False
VIS-20260601-100071,BR001,2026-06-01 10:18:05,2026-06-01,Monday,10,Withdrawal,Senior Citizen,Walk-in,W874,C11,2026-06-01 10:19:01,2026-06-01 10:21:19,0.94,2.3,15,0,7,Completed,False
VIS-20260601-100072,BR001,2026-06-01 10:45:34,2026-06-01,Monday,10,Withdrawal,Corporate,Walk-in,W833,C12,2026-06-01 10:46:36,2026-06-01 10:50:51,1.04,4.25,15,0,8,Completed,False
VIS-20260601-100073,BR001,2026-06-01 10:42:50,2026-06-01,Monday,10,Loans - Payment and Sanctioning,Regular,Walk-in,L663,C6,2026-06-01 10:59:32,2026-06-01 11:29:32,16.7,30.0,15,0,6,Completed,False
VIS-20260601-100074,BR001,2026-06-01 11:42:05,2026-06-01,Monday,11,Withdrawal,Regular,Booked,W346,C10,2026-06-01 11:42:45,2026-06-01 11:46:50,0.67,4.09,15,0,0,Completed,False
VIS-20260601-100075,BR001,2026-06-01 11:32:28,2026-06-01,Monday,11,Insurance,HNI,Walk-in,I303,C1,2026-06-01 11:53:59,2026-06-01 12:19:13,21.53,25.22,15,0,9,Completed,True
VIS-20260601-100076,BR001,2026-06-01 11:00:29,2026-06-01,Monday,11,Debit Card,Senior Citizen,Walk-in,D397,C2,2026-06-01 11:08:10,2026-06-01 11:16:59,7.69,8.82,15,0,10,Completed,False
VIS-20260601-100077,BR001,2026-06-01 11:41:56,2026-06-01,Monday,11,Withdrawal,Regular,Walk-in,W199,C7,2026-06-01 11:44:18,2026-06-01 11:48:47,2.37,4.48,15,0,5,Completed,False
VIS-20260601-100078,BR001,2026-06-01 11:15:12,2026-06-01,Monday,11,Cheque Withdrawal,Senior Citizen,Walk-in,C440,C8,2026-06-01 11:18:39,2026-06-01 11:24:00,3.45,5.36,15,0,10,Completed,False
VIS-20260601-100079,BR001,2026-06-01 11:47:22,2026-06-01,Monday,11,Account Opening,Regular,Walk-in,A987,C6,2026-06-01 11:56:11,2026-06-01 12:19:56,8.83,23.75,15,0,5,Completed,False
VIS-20260601-100080,BR001,2026-06-01 11:01:29,2026-06-01,Monday,11,Cheque Withdrawal,Regular,Walk-in,C469,C12,2026-06-01 11:03:27,2026-06-01 11:09:15,1.97,5.81,15,0,8,Completed,False
VIS-20260601-100081,BR001,2026-06-01 11:09:27,2026-06-01,Monday,11,Insurance,Regular,Walk-in,I881,C5,2026-06-01 11:18:42,2026-06-01 11:39:51,9.25,21.15,15,0,6,Completed,False
VIS-20260601-100082,BR001,2026-06-01 11:31:17,2026-06-01,Monday,11,Money Transfer,Regular,Walk-in,M546,C9,2026-06-01 11:32:07,2026-06-01 11:35:50,0.84,3.72,15,0,6,Completed,False
VIS-20260601-100083,BR001,2026-06-01 11:18:32,2026-06-01,Monday,11,KYC Related,Regular,Walk-in,K802,C3,2026-06-01 11:21:58,2026-06-01 11:32:41,3.44,10.71,15,0,3,Completed,False
VIS-20260601-100084,BR001,2026-06-01 11:00:57,2026-06-01,Monday,11,Account Opening,Regular,Walk-in,A793,C10,2026-06-01 11:16:57,2026-06-01 11:37:15,16.0,20.31,15,0,10,Completed,False
VIS-20260601-100085,BR001,2026-06-01 11:40:41,2026-06-01,Monday,11,Deposit,Regular,Booked,D647,C8,2026-06-01 11:42:51,2026-06-01 11:49:13,2.17,6.37,15,0,5,Completed,False
VIS-20260601-100086,BR001,2026-06-01 11:56:38,2026-06-01,Monday,11,Deposit,Regular,Booked,D567,C7,2026-06-01 11:57:48,2026-06-01 12:05:11,1.17,7.39,15,0,2,Completed,False
VIS-20260601-100087,BR001,2026-06-01 11:47:00,2026-06-01,Monday,11,Deposit,Regular,Walk-in,D229,C7,2026-06-01 11:53:18,2026-06-01 12:00:09,6.31,6.85,15,0,8,Completed,False
VIS-20260601-100088,BR001,2026-06-01 11:08:19,2026-06-01,Monday,11,Credit Card,Regular,Booked,C953,C7,2026-06-01 11:09:50,2026-06-01 11:17:25,1.52,7.59,15,0,2,Completed,False
VIS-20260601-100089,BR001,2026-06-01 11:55:27,2026-06-01,Monday,11,Withdrawal,HNI,Walk-in,W886,C8,2026-06-01 11:58:50,2026-06-01 12:02:18,3.39,3.47,15,0,4,Completed,False
VIS-20260601-100090,BR001,2026-06-01 11:57:18,2026-06-01,Monday,11,Credit Card,Regular,Walk-in,C536,C3,2026-06-01 12:05:49,2026-06-01 12:14:23,8.52,8.57,15,0,10,Completed,False
VIS-20260601-100091,BR001,2026-06-01 11:50:51,2026-06-01,Monday,11,Withdrawal,Regular,Walk-in,W999,C3,2026-06-01 11:54:31,2026-06-01 11:57:47,3.67,3.27,15,0,5,Completed,False
VIS-20260601-100092,BR001,2026-06-01 11:20:27,2026-06-01,Monday,11,Cheque Withdrawal,Regular,Walk-in,C580,C2,2026-06-01 11:21:50,2026-06-01 11:25:10,1.39,3.33,15,0,4,Completed,False
VIS-20260601-100093,BR001,2026-06-01 11:49:21,2026-06-01,Monday,11,Deposit,HNI,Walk-in,D339,C6,2026-06-01 11:52:52,2026-06-01 11:59:01,3.53,6.14,15,0,8,Completed,False
VIS-20260601-100094,BR001,2026-06-01 11:01:12,2026-06-01,Monday,11,Deposit,Regular,Walk-in,D556,C5,2026-06-01 11:05:46,2026-06-01 11:11:00,4.57,5.24,15,0,10,Completed,False
VIS-20260601-100095,BR001,2026-06-01 11:41:47,2026-06-01,Monday,11,Withdrawal,HNI,Walk-in,W975,C8,2026-06-01 11:45:51,2026-06-01 11:48:37,4.08,2.76,15,0,8,Completed,False
VIS-20260601-100096,BR001,2026-06-01 11:13:39,2026-06-01,Monday,11,PAN Linking,HNI,Booked,P601,C8,2026-06-01 11:14:05,2026-06-01 11:20:51,0.44,6.76,15,0,1,Completed,False
VIS-20260601-100097,BR001,2026-06-01 11:17:52,2026-06-01,Monday,11,Loans - Payment and Sanctioning,Senior Citizen,Booked,L781,C7,2026-06-01 11:20:22,2026-06-01 12:00:46,2.51,40.39,15,0,2,Completed,False
VIS-20260601-100098,BR001,2026-06-01 11:23:03,2026-06-01,Monday,11,Credit Card,HNI,Walk-in,C324,C9,2026-06-01 11:29:49,2026-06-01 11:36:54,6.77,7.09,15,0,9,Completed,False
VIS-20260601-100099,BR001,2026-06-01 11:31:50,2026-06-01,Monday,11,Withdrawal,Regular,Walk-in,W756,C9,2026-06-01 11:34:54,2026-06-01 11:37:35,3.07,2.69,15,0,6,Completed,False
VIS-20260601-100100,BR001,2026-06-01 11:53:44,2026-06-01,Monday,11,Aadhaar Linking,Senior Citizen,Walk-in,A569,C3,2026-06-01 12:00:05,2026-06-01 12:11:16,6.36,11.18,15,0,7,Completed,False
VIS-20260601-100101,BR001,2026-06-01 11:39:46,2026-06-01,Monday,11,Cheque Withdrawal,Corporate,Walk-in,C830,C1,2026-06-01 11:44:25,2026-06-01 11:48:41,4.66,4.26,15,0,8,Completed,False
VIS-20260601-100102,BR001,2026-06-01 11:56:26,2026-06-01,Monday,11,KYC Related,Regular,Walk-in,K796,C8,2026-06-01 12:04:56,2026-06-01 12:19:11,8.51,14.24,15,0,7,Completed,False
VIS-20260601-100103,BR001,2026-06-01 11:29:16,2026-06-01,Monday,11,Withdrawal,Regular,Walk-in,W580,C2,2026-06-01 11:31:24,2026-06-01 11:36:05,2.14,4.69,15,0,8,Completed,False
VIS-20260601-100104,BR001,2026-06-01 11:47:49,2026-06-01,Monday,11,Cheque Withdrawal,Regular,Walk-in,C853,C4,2026-06-01 11:48:19,2026-06-01 11:51:28,0.5,3.16,15,0,5,Completed,False
VIS-20260601-100105,BR001,2026-06-01 11:21:47,2026-06-01,Monday,11,Cheque Withdrawal,Regular,Walk-in,C238,C1,2026-06-01 11:25:26,2026-06-01 11:28:47,3.66,3.34,15,0,8,Completed,False
VIS-20260601-100106,BR001,2026-06-01 11:13:05,2026-06-01,Monday,11,Locker Issuing,Regular,Walk-in,L613,C5,2026-06-01 11:32:03,2026-06-01 12:05:34,18.97,33.52,15,0,6,Completed,False
VIS-20260601-100107,BR001,2026-06-01 11:30:32,2026-06-01,Monday,11,KYC Related,Regular,Walk-in,K458,C9,2026-06-01 11:43:46,2026-06-01 11:56:08,13.24,12.36,15,0,10,Completed,False
VIS-20260601-100108,BR001,2026-06-01 11:40:45,2026-06-01,Monday,11,Cheque Withdrawal,Regular,Walk-in,C994,C10,2026-06-01 11:41:26,2026-06-01 11:45:50,0.69,4.4,15,0,6,Completed,False
VIS-20260601-100109,BR001,2026-06-01 11:05:29,2026-06-01,Monday,11,Money Transfer,Regular,Walk-in,M703,C12,2026-06-01 11:10:02,2026-06-01 11:13:18,4.56,3.27,15,0,7,Completed,False
VIS-20260601-100110,BR001,2026-06-01 11:58:11,2026-06-01,Monday,11,KYC Related,Regular,Walk-in,K880,C8,2026-06-01 12:04:24,2026-06-01 12:14:53,6.23,10.48,15,0,4,Completed,False
VIS-20260601-100111,BR001,2026-06-01 11:42:33,2026-06-01,Monday,11,PAN Linking,Regular,Walk-in,P408,C3,2026-06-01 11:51:06,2026-06-01 12:00:21,8.56,9.25,15,0,10,Completed,False
VIS-20260601-100112,BR001,2026-06-01 11:01:01,2026-06-01,Monday,11,Deposit,Corporate,Walk-in,D243,C5,2026-06-01 11:06:04,2026-06-01 11:11:23,5.05,5.32,15,0,6,Completed,False
VIS-20260601-100113,BR001,2026-06-01 11:06:06,2026-06-01,Monday,11,Withdrawal,Regular,Walk-in,W328,C4,2026-06-01 11:11:10,2026-06-01 11:16:09,5.07,4.99,15,0,5,Completed,False
VIS-20260601-100114,BR001,2026-06-01 11:21:11,2026-06-01,Monday,11,KYC Related,Regular,Walk-in,K805,C2,2026-06-01 11:28:38,2026-06-01 11:39:42,7.46,11.06,15,0,8,Completed,False
VIS-20260601-100115,BR001,2026-06-01 11:01:34,2026-06-01,Monday,11,Withdrawal,Corporate,Walk-in,W408,C6,2026-06-01 11:05:02,2026-06-01 11:08:44,3.47,3.7,15,0,10,Completed,False
VIS-20260601-100116,BR001,2026-06-01 11:13:33,2026-06-01,Monday,11,Aadhaar Linking,Regular,Walk-in,A485,C3,2026-06-01 11:18:45,2026-06-01 11:25:36,5.2,6.86,15,0,9,Completed,False
VIS-20260601-100117,BR001,2026-06-01 11:07:40,2026-06-01,Monday,11,Aadhaar Linking,Regular,Walk-in,A971,C2,2026-06-01 11:14:33,2026-06-01 11:22:29,6.89,7.93,15,0,8,Completed,False
VIS-20260601-100118,BR001,2026-06-01 11:22:47,2026-06-01,Monday,11,Deposit,HNI,Walk-in,D756,C10,2026-06-01 11:29:15,2026-06-01 11:34:01,6.48,4.76,15,0,11,Completed,False
VIS-20260601-100119,BR001,2026-06-01 11:55:37,2026-06-01,Monday,11,Cheque Withdrawal,Regular,Walk-in,C884,C6,2026-06-01 11:56:07,2026-06-01 11:59:19,0.5,3.2,15,0,7,Completed,False
VIS-20260601-100120,BR001,2026-06-01 11:36:59,2026-06-01,Monday,11,Loans - Payment and Sanctioning,Regular,Walk-in,L514,C12,2026-06-01 12:03:22,2026-06-01 12:45:43,26.39,42.35,15,0,8,Completed,True
VIS-20260601-100121,BR001,2026-06-01 11:16:11,2026-06-01,Monday,11,Money Transfer,Senior Citizen,Walk-in,M399,C11,2026-06-01 11:17:21,2026-06-01 11:21:13,1.17,3.87,15,0,5,Completed,False
VIS-20260601-100122,BR001,2026-06-01 12:36:57,2026-06-01,Monday,12,Account Opening,Senior Citizen,Walk-in,A775,C12,2026-06-01 12:47:10,2026-06-01 13:02:55,10.22,15.75,15,0,7,Completed,False
VIS-20260601-100123,BR001,2026-06-01 12:46:18,2026-06-01,Monday,12,Cheque Withdrawal,Corporate,Walk-in,C607,C5,2026-06-01 12:47:21,2026-06-01 12:50:53,1.06,3.53,15,0,2,Completed,False
VIS-20260601-100124,BR001,2026-06-01 12:34:49,2026-06-01,Monday,12,Deposit,HNI,Walk-in,D602,C11,2026-06-01 12:39:01,2026-06-01 12:46:37,4.2,7.61,15,0,4,Completed,False
VIS-20260601-100125,BR001,2026-06-01 12:36:26,2026-06-01,Monday,12,Deposit,Regular,Walk-in,D936,C2,2026-06-01 12:39:50,2026-06-01 12:44:05,3.41,4.24,15,0,7,Completed,False
VIS-20260601-100126,BR001,2026-06-01 12:39:57,2026-06-01,Monday,12,Withdrawal,Regular,Walk-in,W382,C6,2026-06-01 12:41:07,2026-06-01 12:43:24,1.17,2.28,15,0,4,Completed,False
VIS-20260601-100127,BR001,2026-06-01 12:30:03,2026-06-01,Monday,12,PAN Linking,Regular,Walk-in,P955,C4,2026-06-01 12:36:53,2026-06-01 12:48:18,6.84,11.41,15,0,7,Completed,False
VIS-20260601-100128,BR001,2026-06-01 12:28:32,2026-06-01,Monday,12,Withdrawal,Senior Citizen,Walk-in,W689,C10,2026-06-01 12:29:06,2026-06-01 12:33:08,0.57,4.03,15,0,5,Completed,False
VIS-20260601-100129,BR001,2026-06-01 12:36:12,2026-06-01,Monday,12,Money Transfer,HNI,Walk-in,M983,C8,2026-06-01 12:36:42,2026-06-01 12:40:03,0.5,3.35,15,0,6,Completed,False
VIS-20260601-100130,BR001,2026-06-01 12:40:00,2026-06-01,Monday,12,Loans - Payment and Sanctioning,Regular,Walk-in,L287,C8,2026-06-01 13:04:10,2026-06-01 13:46:24,24.17,42.24,15,0,7,Completed,True
VIS-20260601-100131,BR001,2026-06-01 12:32:54,2026-06-01,Monday,12,Withdrawal,Regular,Walk-in,W872,C1,2026-06-01 12:34:35,2026-06-01 12:36:37,1.69,2.03,15,0,7,Completed,False
VIS-20260601-100132,BR001,2026-06-01 12:26:50,2026-06-01,Monday,12,PAN Linking,Regular,Walk-in,P881,C9,2026-06-01 12:31:41,2026-06-01 12:42:41,4.86,11.0,15,0,7,Completed,False
VIS-20260601-100133,BR001,2026-06-01 12:26:34,2026-06-01,Monday,12,Debit Card,Senior Citizen,Walk-in,D298,C12,2026-06-01 12:31:42,2026-06-01 12:39:58,5.14,8.26,15,0,6,Completed,False
VIS-20260601-100134,BR001,2026-06-01 12:11:00,2026-06-01,Monday,12,Deposit,Regular,Walk-in,D763,C11,2026-06-01 12:16:00,2026-06-01 12:22:13,5.01,6.21,15,0,9,Completed,False
VIS-20260601-100135,BR001,2026-06-01 12:13:30,2026-06-01,Monday,12,Withdrawal,Corporate,Walk-in,W822,C12,2026-06-01 12:14:34,2026-06-01 12:18:03,1.08,3.47,15,0,5,Completed,False
VIS-20260601-100136,BR001,2026-06-01 12:57:24,2026-06-01,Monday,12,Money Transfer,Regular,Walk-in,M617,C2,2026-06-01 12:58:46,2026-06-01 13:02:49,1.38,4.04,15,0,7,Completed,False
VIS-20260601-100137,BR001,2026-06-01 12:14:08,2026-06-01,Monday,12,Deposit,Regular,Walk-in,D413,C4,2026-06-01 12:15:15,2026-06-01 12:19:20,1.13,4.08,15,0,3,Completed,False
VIS-20260601-100138,BR001,2026-06-01 12:44:51,2026-06-01,Monday,12,Withdrawal,Senior Citizen,Walk-in,W393,C10,2026-06-01 12:46:16,2026-06-01 12:50:46,1.42,4.51,15,0,6,Completed,False
VIS-20260601-100139,BR001,2026-06-01 12:09:42,2026-06-01,Monday,12,Aadhaar Linking,Regular,Booked,A668,C3,2026-06-01 12:09:54,2026-06-01 12:19:51,0.2,9.95,15,0,0,Completed,False
VIS-20260601-100140,BR001,2026-06-01 12:51:43,2026-06-01,Monday,12,PAN Linking,Regular,Walk-in,P965,C12,2026-06-01 12:54:59,2026-06-01 13:01:22,3.28,6.37,15,0,5,Completed,False
VIS-20260601-100141,BR001,2026-06-01 12:33:43,2026-06-01,Monday,12,Cheque Withdrawal,Regular,Walk-in,C727,C8,2026-06-01 12:38:48,2026-06-01 12:43:46,5.09,4.97,15,0,7,Completed,False
VIS-20260601-100142,BR001,2026-06-01 12:38:15,2026-06-01,Monday,12,Debit Card,Senior Citizen,Walk-in,D300,C12,2026-06-01 12:40:32,2026-06-01 12:46:39,2.29,6.12,15,0,6,Completed,False
VIS-20260601-100143,BR001,2026-06-01 12:12:33,2026-06-01,Monday,12,Withdrawal,Regular,Walk-in,W642,C3,2026-06-01 12:16:12,2026-06-01 12:19:51,3.65,3.66,15,0,9,Completed,False
VIS-20260601-100144,BR001,2026-06-01 12:22:32,2026-06-01,Monday,12,Deposit,Regular,Walk-in,D487,C6,2026-06-01 12:27:57,2026-06-01 12:34:50,5.42,6.88,15,0,5,Completed,False
VIS-20260601-100145,BR001,2026-06-01 12:11:47,2026-06-01,Monday,12,Deposit,Regular,Walk-in,D656,C8,2026-06-01 12:15:50,2026-06-01 12:23:08,4.05,7.31,15,0,8,Completed,False
VIS-20260601-100146,BR001,2026-06-01 12:14:46,2026-06-01,Monday,12,Debit Card,Regular,Walk-in,D711,C7,2026-06-01 12:18:29,2026-06-01 12:26:05,3.72,7.61,15,0,7,Completed,False
VIS-20260601-100147,BR001,2026-06-01 12:01:42,2026-06-01,Monday,12,Deposit,Regular,Walk-in,D158,C9,2026-06-01 12:08:06,2026-06-01 12:14:29,6.41,6.38,15,0,9,Completed,False
VIS-20260601-100148,BR001,2026-06-01 12:25:29,2026-06-01,Monday,12,Deposit,HNI,Walk-in,D560,C7,2026-06-01 12:29:36,2026-06-01 12:36:07,4.12,6.52,15,0,3,Completed,False
VIS-20260601-100149,BR001,2026-06-01 12:28:29,2026-06-01,Monday,12,Cheque Withdrawal,Regular,Walk-in,C593,C2,2026-06-01 12:32:46,2026-06-01 12:38:20,4.29,5.56,15,0,6,Completed,False
VIS-20260601-100150,BR001,2026-06-01 12:34:04,2026-06-01,Monday,12,PAN Linking,Regular,Walk-in,P687,C10,2026-06-01 12:43:17,2026-06-01 12:51:55,9.22,8.63,15,0,9,Completed,False
VIS-20260601-100151,BR001,2026-06-01 12:14:13,2026-06-01,Monday,12,Loans - Payment and Sanctioning,Regular,Walk-in,L220,C1,2026-06-01 12:23:41,2026-06-01 12:49:33,9.48,25.86,15,0,5,Completed,False
VIS-20260601-100152,BR001,2026-06-01 12:45:15,2026-06-01,Monday,12,Deposit,Regular,Walk-in,D649,C5,2026-06-01 12:46:15,2026-06-01 12:52:08,1.0,5.89,15,0,5,Completed,False
VIS-20260601-100153,BR001,2026-06-01 12:49:38,2026-06-01,Monday,12,Deposit,Regular,Walk-in,D509,C4,2026-06-01 12:52:23,2026-06-01 12:57:57,2.75,5.57,15,0,7,Completed,False
VIS-20260601-100154,BR001,2026-06-01 12:23:30,2026-06-01,Monday,12,Deposit,Regular,Walk-in,D776,C12,2026-06-01 12:27:40,2026-06-01 12:34:04,4.17,6.4,15,0,4,Completed,False
VIS-20260601-100155,BR001,2026-06-01 12:33:20,2026-06-01,Monday,12,Loans - Payment and Sanctioning,Regular,Walk-in,L829,C12,2026-06-01 12:46:43,2026-06-01 13:25:15,13.39,38.54,15,0,4,Completed,False
VIS-20260601-100156,BR001,2026-06-01 13:50:00,2026-06-01,Monday,13,Loans - Payment and Sanctioning,Regular,Walk-in,L814,C5,2026-06-01 14:06:25,2026-06-01 14:41:38,16.42,35.22,15,0,6,Completed,False
VIS-20260601-100157,BR001,2026-06-01 13:41:51,2026-06-01,Monday,13,Money Transfer,Regular,Booked,M873,C8,2026-06-01 13:42:03,2026-06-01 13:46:21,0.2,4.31,15,0,1,Completed,False
VIS-20260601-100158,BR001,2026-06-01 13:47:14,2026-06-01,Monday,13,Withdrawal,Regular,Walk-in,W490,C5,2026-06-01 13:47:44,2026-06-01 13:50:24,0.5,2.68,15,0,4,Completed,False
VIS-20260601-100159,BR001,2026-06-01 13:39:36,2026-06-01,Monday,13,Withdrawal,HNI,Walk-in,W253,C3,2026-06-01 13:41:37,2026-06-01 13:45:46,2.02,4.16,15,0,5,Completed,False
VIS-20260601-100160,BR001,2026-06-01 13:09:44,2026-06-01,Monday,13,Withdrawal,Senior Citizen,Walk-in,W342,C1,2026-06-01 13:14:05,2026-06-01 13:18:06,4.35,4.02,15,0,5,Completed,False
VIS-20260601-100161,BR001,2026-06-01 13:00:09,2026-06-01,Monday,13,Account Opening,Regular,Walk-in,A924,C10,2026-06-01 13:13:34,2026-06-01 13:35:59,13.42,22.42,15,0,6,Completed,False
VIS-20260601-100162,BR001,2026-06-01 13:30:48,2026-06-01,Monday,13,Money Transfer,Regular,Walk-in,M466,C4,2026-06-01 13:31:28,2026-06-01 13:37:54,0.68,6.43,15,0,4,Completed,False
VIS-20260601-100163,BR001,2026-06-01 13:55:35,2026-06-01,Monday,13,Withdrawal,Regular,Booked,W138,C8,2026-06-01 13:55:47,2026-06-01 14:00:34,0.2,4.79,15,0,0,Completed,False
VIS-20260601-100164,BR001,2026-06-01 13:21:55,2026-06-01,Monday,13,Loans - Payment and Sanctioning,Regular,Walk-in,L474,C9,2026-06-01 13:31:24,2026-06-01 14:11:49,9.49,40.41,15,0,2,Completed,False
VIS-20260601-100165,BR001,2026-06-01 13:56:59,2026-06-01,Monday,13,Withdrawal,Regular,Walk-in,W362,C6,2026-06-01 14:00:05,2026-06-01 14:04:46,3.11,4.68,15,0,2,Completed,False
VIS-20260601-100166,BR001,2026-06-01 13:22:27,2026-06-01,Monday,13,Withdrawal,Regular,Booked,W185,C4,2026-06-01 13:22:39,2026-06-01 13:25:33,0.2,2.91,15,0,0,Completed,False
VIS-20260601-100167,BR001,2026-06-01 13:39:51,2026-06-01,Monday,13,KYC Related,Regular,Walk-in,K153,C4,2026-06-01 13:46:01,2026-06-01 14:00:24,6.18,14.37,15,0,6,Completed,False
VIS-20260601-100168,BR001,2026-06-01 13:35:05,2026-06-01,Monday,13,Withdrawal,Regular,Walk-in,W825,C2,2026-06-01 13:36:47,2026-06-01 13:38:54,1.7,2.12,15,0,4,Completed,False
VIS-20260601-100169,BR001,2026-06-01 13:00:53,2026-06-01,Monday,13,Withdrawal,Senior Citizen,Walk-in,W596,C5,2026-06-01 13:02:15,2026-06-01 13:04:35,1.37,2.34,15,0,4,Completed,False
VIS-20260601-100170,BR001,2026-06-01 13:02:45,2026-06-01,Monday,13,KYC Related,Regular,Booked,K715,C4,2026-06-01 13:03:06,2026-06-01 13:16:54,0.36,13.79,15,0,0,Completed,False
VIS-20260601-100171,BR001,2026-06-01 13:53:33,2026-06-01,Monday,13,Deposit,Regular,Booked,D690,C4,2026-06-01 13:53:45,2026-06-01 13:59:30,0.2,5.76,15,0,0,Completed,False
VIS-20260601-100172,BR001,2026-06-01 13:00:49,2026-06-01,Monday,13,Debit Card,Regular,Booked,D985,C1,2026-06-01 13:01:01,2026-06-01 13:06:44,0.2,5.72,15,0,0,Completed,False
VIS-20260601-100173,BR001,2026-06-01 13:35:59,2026-06-01,Monday,13,Deposit,Regular,Booked,D640,C10,2026-06-01 13:36:40,2026-06-01 13:43:17,0.69,6.61,15,0,0,Completed,False
VIS-20260601-100174,BR001,2026-06-01 13:26:20,2026-06-01,Monday,13,Withdrawal,Corporate,Booked,W347,C9,2026-06-01 13:26:43,2026-06-01 13:31:38,0.39,4.92,15,0,0,Completed,False
VIS-20260601-100175,BR001,2026-06-01 13:53:27,2026-06-01,Monday,13,Withdrawal,Regular,Booked,W481,C5,2026-06-01 13:54:10,2026-06-01 13:58:28,0.72,4.31,15,0,1,Completed,False
VIS-20260601-100176,BR001,2026-06-01 13:32:29,2026-06-01,Monday,13,Withdrawal,Regular,Walk-in,W501,C1,2026-06-01 13:35:10,2026-06-01 13:38:18,2.69,3.14,15,0,2,Completed,False
VIS-20260601-100177,BR001,2026-06-01 14:06:23,2026-06-01,Monday,14,Loans - Payment and Sanctioning,Regular,Walk-in,L153,C7,2026-06-01 14:30:32,2026-06-01 15:13:42,24.16,43.16,15,0,6,Completed,True
VIS-20260601-100178,BR001,2026-06-01 14:25:40,2026-06-01,Monday,14,Withdrawal,Regular,Walk-in,W732,C1,2026-06-01 14:30:28,2026-06-01 14:35:01,4.81,4.54,15,0,5,Completed,False
VIS-20260601-100179,BR001,2026-06-01 14:53:32,2026-06-01,Monday,14,Money Transfer,Regular,Walk-in,M923,C8,2026-06-01 14:55:44,2026-06-01 15:00:26,2.2,4.71,15,0,8,Completed,False
VIS-20260601-100180,BR001,2026-06-01 14:36:44,2026-06-01,Monday,14,PAN Linking,Regular,Walk-in,P680,C10,2026-06-01 14:40:04,2026-06-01 14:47:55,3.34,7.85,15,0,7,Completed,False
VIS-20260601-100181,BR001,2026-06-01 14:02:45,2026-06-01,Monday,14,Deposit,Senior Citizen,Booked,D118,C10,2026-06-01 14:03:34,2026-06-01 14:10:43,0.82,7.16,15,0,0,Completed,False
VIS-20260601-100182,BR001,2026-06-01 14:07:01,2026-06-01,Monday,14,Deposit,Regular,Walk-in,D791,C11,2026-06-01 14:09:56,2026-06-01 14:15:56,2.93,5.99,15,0,8,Completed,False
VIS-20260601-100183,BR001,2026-06-01 14:14:10,2026-06-01,Monday,14,Insurance,Regular,Walk-in,I236,C4,2026-06-01 14:25:09,2026-06-01 14:40:53,10.99,15.74,15,0,7,Completed,False
VIS-20260601-100184,BR001,2026-06-01 14:31:28,2026-06-01,Monday,14,Deposit,Regular,Walk-in,D650,C4,2026-06-01 14:33:40,2026-06-01 14:40:47,2.2,7.13,15,0,7,Completed,False
VIS-20260601-100185,BR001,2026-06-01 14:06:16,2026-06-01,Monday,14,Withdrawal,Regular,Walk-in,W322,C4,2026-06-01 14:08:11,2026-06-01 14:12:56,1.92,4.76,15,0,6,Completed,False
VIS-20260601-100186,BR001,2026-06-01 14:47:56,2026-06-01,Monday,14,Deposit,Regular,Walk-in,D665,C7,2026-06-01 14:54:57,2026-06-01 15:02:10,7.03,7.21,15,0,7,Completed,False
VIS-20260601-100187,BR001,2026-06-01 14:26:48,2026-06-01,Monday,14,Account Opening,HNI,Walk-in,A669,C10,2026-06-01 14:34:25,2026-06-01 14:58:37,7.63,24.2,15,0,3,Completed,False
VIS-20260601-100188,BR001,2026-06-01 14:42:22,2026-06-01,Monday,14,Aadhaar Linking,HNI,Walk-in,A154,C2,2026-06-01 14:48:02,2026-06-01 14:54:44,5.68,6.7,15,0,6,Completed,False
VIS-20260601-100189,BR001,2026-06-01 14:54:20,2026-06-01,Monday,14,Withdrawal,HNI,Walk-in,W673,C11,2026-06-01 14:58:12,2026-06-01 15:02:27,3.88,4.24,15,0,9,Completed,False
VIS-20260601-100190,BR001,2026-06-01 14:03:30,2026-06-01,Monday,14,Withdrawal,Corporate,Walk-in,W643,C9,2026-06-01 14:06:54,2026-06-01 14:09:43,3.41,2.82,15,0,6,Completed,False
VIS-20260601-100191,BR001,2026-06-01 14:55:51,2026-06-01,Monday,14,Deposit,HNI,Walk-in,D516,C2,2026-06-01 14:59:49,2026-06-01 15:07:45,3.98,7.93,15,0,7,Completed,False
VIS-20260601-100192,BR001,2026-06-01 14:56:38,2026-06-01,Monday,14,Debit Card,Regular,Booked,D524,C3,2026-06-01 14:57:40,2026-06-01 15:03:08,1.04,5.47,15,0,0,Completed,False
VIS-20260601-100193,BR001,2026-06-01 14:58:25,2026-06-01,Monday,14,Withdrawal,Regular,Walk-in,W994,C11,2026-06-01 14:59:52,2026-06-01 15:04:26,1.46,4.57,15,0,6,Completed,False
VIS-20260601-100194,BR001,2026-06-01 14:43:25,2026-06-01,Monday,14,Deposit,Corporate,Walk-in,D146,C3,2026-06-01 14:47:50,2026-06-01 14:53:34,4.43,5.73,15,0,7,Completed,False
VIS-20260601-100195,BR001,2026-06-01 14:42:14,2026-06-01,Monday,14,Withdrawal,Corporate,Walk-in,W285,C3,2026-06-01 14:45:32,2026-06-01 14:48:14,3.3,2.7,15,0,5,Completed,False
VIS-20260601-100196,BR001,2026-06-01 14:24:27,2026-06-01,Monday,14,PAN Linking,Regular,Walk-in,P494,C3,2026-06-01 14:28:42,2026-06-01 14:38:34,4.25,9.88,15,0,7,Completed,False
VIS-20260601-100197,BR001,2026-06-01 14:35:33,2026-06-01,Monday,14,Deposit,Regular,Walk-in,D774,C6,2026-06-01 14:38:25,2026-06-01 14:46:11,2.88,7.76,15,0,6,Completed,False
VIS-20260601-100198,BR001,2026-06-01 14:05:40,2026-06-01,Monday,14,Deposit,HNI,Walk-in,D267,C8,2026-06-01 14:11:58,2026-06-01 14:17:41,6.3,5.72,15,0,8,Completed,False
VIS-20260601-100199,BR001,2026-06-01 14:32:18,2026-06-01,Monday,14,Account Opening,Regular,Walk-in,A279,C4,2026-06-01 14:46:41,2026-06-01 15:09:59,14.39,23.3,15,0,8,Completed,False
VIS-20260601-100200,BR001,2026-06-01 14:49:39,2026-06-01,Monday,14,Money Transfer,HNI,Walk-in,M274,C6,2026-06-01 14:53:27,2026-06-01 14:57:58,3.8,4.52,15,0,8,Completed,False
VIS-20260601-100201,BR001,2026-06-01 14:33:34,2026-06-01,Monday,14,Withdrawal,Corporate,Walk-in,W749,C12,2026-06-01 14:34:10,2026-06-01 14:38:58,0.6,4.8,15,0,5,Completed,False
VIS-20260601-100202,BR001,2026-06-01 14:48:20,2026-06-01,Monday,14,Cheque Withdrawal,HNI,Walk-in,C562,C4,2026-06-01 14:48:50,2026-06-01 14:53:24,0.5,4.58,15,0,6,Completed,False
VIS-20260601-100203,BR001,2026-06-01 14:39:30,2026-06-01,Monday,14,Deposit,Regular,Booked,D685,C1,2026-06-01 14:39:42,2026-06-01 14:45:39,0.2,5.95,15,0,0,Completed,False
VIS-20260601-100204,BR001,2026-06-01 14:24:07,2026-06-01,Monday,14,Account Opening,Regular,Walk-in,A423,C5,2026-06-01 14:31:55,2026-06-01 14:48:25,7.81,16.49,15,0,7,Completed,False
VIS-20260601-100205,BR001,2026-06-01 14:21:20,2026-06-01,Monday,14,Insurance,Senior Citizen,Walk-in,I542,C4,2026-06-01 14:29:57,2026-06-01 14:49:18,8.63,19.34,15,0,5,Completed,False
VIS-20260601-100206,BR001,2026-06-01 14:19:35,2026-06-01,Monday,14,Deposit,Regular,Walk-in,D765,C11,2026-06-01 14:24:59,2026-06-01 14:32:05,5.41,7.09,15,0,5,Completed,False
VIS-20260601-100207,BR001,2026-06-01 14:24:16,2026-06-01,Monday,14,Debit Card,Regular,Walk-in,D120,C2,2026-06-01 14:29:00,2026-06-01 14:35:04,4.74,6.06,15,0,5,Completed,False
VIS-20260601-100208,BR001,2026-06-01 14:52:23,2026-06-01,Monday,14,Withdrawal,Regular,Walk-in,W459,C8,2026-06-01 14:57:21,2026-06-01 15:01:23,4.98,4.02,15,0,6,Completed,False
VIS-20260601-100209,BR001,2026-06-01 14:14:12,2026-06-01,Monday,14,Account Opening,Senior Citizen,Walk-in,A744,C8,2026-06-01 14:21:04,2026-06-01 14:36:08,6.87,15.07,15,0,6,Completed,False
VIS-20260601-100210,BR001,2026-06-01 14:32:04,2026-06-01,Monday,14,Loans - Payment and Sanctioning,Regular,Booked,L204,C5,2026-06-01 14:34:09,2026-06-01 15:06:38,2.09,32.49,15,0,1,Completed,False
VIS-20260601-100211,BR001,2026-06-01 14:37:22,2026-06-01,Monday,14,Insurance,Regular,Walk-in,I978,C4,2026-06-01 14:46:34,2026-06-01 15:06:58,9.21,20.39,15,0,5,Completed,False
VIS-20260601-100212,BR001,2026-06-01 14:24:35,2026-06-01,Monday,14,Loans - Payment and Sanctioning,Senior Citizen,Walk-in,L363,C4,2026-06-01 14:47:29,2026-06-01 15:20:22,22.91,32.88,15,0,9,Completed,True
VIS-20260601-100213,BR001,2026-06-01 14:57:33,2026-06-01,Monday,14,Account Opening,Regular,Walk-in,A300,C11,2026-06-01 15:08:10,2026-06-01 15:26:16,10.62,18.11,15,0,6,Completed,False
VIS-20260601-100214,BR001,2026-06-01 14:56:01,2026-06-01,Monday,14,KYC Related,Regular,Walk-in,K448,C1,2026-06-01 15:00:07,2026-06-01 15:08:14,4.11,8.12,15,0,7,Completed,False
VIS-20260601-100215,BR001,2026-06-01 14:15:01,2026-06-01,Monday,14,Locker Issuing,Regular,Booked,L958,C9,2026-06-01 14:17:46,2026-06-01 14:43:08,2.76,25.36,15,0,3,Completed,False
VIS-20260601-100216,BR001,2026-06-01 15:01:11,2026-06-01,Monday,15,Account Opening,Senior Citizen,Walk-in,A311,C8,2026-06-01 15:18:48,2026-06-01 15:43:45,17.63,24.95,15,0,9,Completed,False
VIS-20260601-100217,BR001,2026-06-01 15:14:53,2026-06-01,Monday,15,Withdrawal,Senior Citizen,Booked,W439,C10,2026-06-01 15:15:51,2026-06-01 15:20:21,0.98,4.49,15,0,0,Completed,False
VIS-20260601-100218,BR001,2026-06-01 15:03:16,2026-06-01,Monday,15,Account Opening,Regular,Walk-in,A310,C1,2026-06-01 15:10:46,2026-06-01 15:27:11,7.51,16.41,15,0,6,Completed,False
VIS-20260601-100219,BR001,2026-06-01 15:50:52,2026-06-01,Monday,15,Cheque Withdrawal,Senior Citizen,Walk-in,C198,C4,2026-06-01 15:56:12,2026-06-01 16:00:53,5.34,4.69,15,0,8,Completed,False
VIS-20260601-100220,BR001,2026-06-01 15:43:42,2026-06-01,Monday,15,Withdrawal,Regular,Walk-in,W832,C1,2026-06-01 15:47:02,2026-06-01 15:49:28,3.34,2.44,15,0,6,Completed,False
VIS-20260601-100221,BR001,2026-06-01 15:39:35,2026-06-01,Monday,15,Debit Card,Regular,Walk-in,D815,C4,2026-06-01 15:42:47,2026-06-01 15:52:12,3.21,9.41,15,0,5,Completed,False
VIS-20260601-100222,BR001,2026-06-01 15:07:58,2026-06-01,Monday,15,Money Transfer,Regular,Walk-in,M529,C5,2026-06-01 15:11:18,2026-06-01 15:16:44,3.34,5.43,15,0,7,Completed,False
VIS-20260601-100223,BR001,2026-06-01 15:45:03,2026-06-01,Monday,15,PAN Linking,Corporate,Walk-in,P143,C7,2026-06-01 15:48:35,2026-06-01 15:56:45,3.54,8.16,15,0,5,Completed,False
VIS-20260601-100224,BR001,2026-06-01 15:08:34,2026-06-01,Monday,15,Cheque Withdrawal,Regular,Walk-in,C723,C10,2026-06-01 15:12:36,2026-06-01 15:16:10,4.04,3.57,15,0,6,Completed,False
VIS-20260601-100225,BR001,2026-06-01 15:12:34,2026-06-01,Monday,15,Debit Card,Regular,Walk-in,D433,C2,2026-06-01 15:17:06,2026-06-01 15:23:56,4.54,6.84,15,0,10,Completed,False
VIS-20260601-100226,BR001,2026-06-01 15:41:30,2026-06-01,Monday,15,Withdrawal,Regular,Walk-in,W422,C2,2026-06-01 15:42:54,2026-06-01 15:45:42,1.4,2.81,15,0,6,Completed,False
VIS-20260601-100227,BR001,2026-06-01 15:10:32,2026-06-01,Monday,15,KYC Related,Senior Citizen,Walk-in,K292,C7,2026-06-01 15:16:44,2026-06-01 15:29:03,6.2,12.33,15,0,7,Completed,False
VIS-20260601-100228,BR001,2026-06-01 15:31:26,2026-06-01,Monday,15,Withdrawal,Senior Citizen,Booked,W173,C4,2026-06-01 15:31:38,2026-06-01 15:33:52,0.2,2.24,15,0,0,Completed,False
VIS-20260601-100229,BR001,2026-06-01 15:14:41,2026-06-01,Monday,15,Cheque Withdrawal,HNI,Walk-in,C408,C5,2026-06-01 15:15:36,2026-06-01 15:19:41,0.93,4.07,15,0,6,Completed,False
VIS-20260601-100230,BR001,2026-06-01 15:47:32,2026-06-01,Monday,15,Deposit,Senior Citizen,Walk-in,D618,C9,2026-06-01 15:51:06,2026-06-01 15:58:12,3.58,7.1,15,0,7,Completed,False
VIS-20260601-100231,BR001,2026-06-01 15:45:40,2026-06-01,Monday,15,Deposit,Regular,Walk-in,D988,C5,2026-06-01 15:47:13,2026-06-01 15:52:01,1.55,4.8,15,0,7,Completed,False
VIS-20260601-100232,BR001,2026-06-01 15:13:02,2026-06-01,Monday,15,Debit Card,Regular,Walk-in,D460,C2,2026-06-01 15:18:58,2026-06-01 15:25:12,5.94,6.24,15,0,6,Completed,False
VIS-20260601-100233,BR001,2026-06-01 15:31:12,2026-06-01,Monday,15,Locker Issuing,Regular,Walk-in,L841,C10,2026-06-01 15:51:03,2026-06-01 16:25:13,19.85,34.18,15,0,6,Completed,False
VIS-20260601-100234,BR001,2026-06-01 15:40:36,2026-06-01,Monday,15,KYC Related,HNI,Walk-in,K428,C7,2026-06-01 15:47:36,2026-06-01 16:00:50,7.0,13.24,15,0,6,Completed,False
VIS-20260601-100235,BR001,2026-06-01 15:57:06,2026-06-01,Monday,15,Loans - Payment and Sanctioning,Regular,Walk-in,L205,C12,2026-06-01 16:04:30,2026-06-01 16:30:17,7.41,25.78,15,0,4,Completed,False
VIS-20260601-100236,BR001,2026-06-01 15:08:13,2026-06-01,Monday,15,Credit Card,Corporate,Booked,C256,C9,2026-06-01 15:08:25,2026-06-01 15:13:53,0.2,5.48,15,0,3,Completed,False
VIS-20260601-100237,BR001,2026-06-01 15:22:58,2026-06-01,Monday,15,Deposit,Regular,Booked,D864,C3,2026-06-01 15:23:27,2026-06-01 15:28:07,0.49,4.66,15,0,3,Completed,False
VIS-20260601-100238,BR001,2026-06-01 15:07:18,2026-06-01,Monday,15,Withdrawal,Regular,Walk-in,W732,C7,2026-06-01 15:07:48,2026-06-01 15:10:48,0.5,3.01,15,0,5,Completed,False
VIS-20260601-100239,BR001,2026-06-01 15:31:34,2026-06-01,Monday,15,Money Transfer,Regular,Walk-in,M754,C6,2026-06-01 15:34:31,2026-06-01 15:37:39,2.96,3.13,15,0,6,Completed,False
VIS-20260601-100240,BR001,2026-06-01 15:48:38,2026-06-01,Monday,15,Deposit,Regular,Walk-in,D463,C5,2026-06-01 15:51:08,2026-06-01 15:55:53,2.51,4.74,15,0,9,Completed,False
VIS-20260601-100241,BR001,2026-06-01 15:26:39,2026-06-01,Monday,15,Locker Issuing,Regular,Walk-in,L997,C6,2026-06-01 15:41:15,2026-06-01 16:13:35,14.6,32.34,15,0,6,Completed,False
VIS-20260601-100242,BR001,2026-06-01 15:28:05,2026-06-01,Monday,15,Credit Card,Regular,Walk-in,C564,C9,2026-06-01 15:31:38,2026-06-01 15:39:23,3.56,7.74,15,0,6,Completed,False
VIS-20260601-100243,BR001,2026-06-01 15:46:30,2026-06-01,Monday,15,Withdrawal,Senior Citizen,Walk-in,W391,C1,2026-06-01 15:47:00,2026-06-01 15:49:01,0.5,2.02,15,0,4,Completed,False
VIS-20260601-100244,BR001,2026-06-01 15:43:37,2026-06-01,Monday,15,Deposit,Regular,Walk-in,D482,C1,2026-06-01 15:47:10,2026-06-01 15:53:19,3.56,6.14,15,0,5,Completed,False
VIS-20260601-100245,BR001,2026-06-01 15:30:44,2026-06-01,Monday,15,Credit Card,Regular,Walk-in,C637,C2,2026-06-01 15:35:02,2026-06-01 15:42:00,4.31,6.96,15,0,9,Completed,False
VIS-20260601-100246,BR001,2026-06-01 15:36:41,2026-06-01,Monday,15,Deposit,Senior Citizen,Walk-in,D220,C3,2026-06-01 15:40:44,2026-06-01 15:46:59,4.05,6.25,15,0,9,Completed,False
VIS-20260601-100247,BR001,2026-06-01 15:15:42,2026-06-01,Monday,15,Insurance,HNI,Booked,I968,C6,2026-06-01 15:15:54,2026-06-01 15:33:01,0.2,17.13,15,0,0,Completed,False
VIS-20260601-100248,BR001,2026-06-01 15:33:48,2026-06-01,Monday,15,Withdrawal,Regular,Walk-in,W584,C1,2026-06-01 15:34:18,2026-06-01 15:37:39,0.5,3.36,15,0,5,Completed,False
VIS-20260601-100249,BR001,2026-06-01 15:08:32,2026-06-01,Monday,15,KYC Related,Regular,Walk-in,K652,C12,2026-06-01 15:19:26,2026-06-01 15:34:10,10.9,14.74,15,0,9,Completed,False
VIS-20260601-100250,BR001,2026-06-01 15:17:13,2026-06-01,Monday,15,Insurance,Regular,Walk-in,I968,C2,2026-06-01 15:27:35,2026-06-01 15:43:28,10.37,15.89,15,0,8,Completed,False
VIS-20260601-100251,BR001,2026-06-01 15:19:44,2026-06-01,Monday,15,Debit Card,Senior Citizen,Walk-in,D397,C12,2026-06-01 15:25:11,2026-06-01 15:33:15,5.46,8.07,15,0,6,Completed,False
VIS-20260601-100252,BR001,2026-06-01 15:12:05,2026-06-01,Monday,15,Loans - Payment and Sanctioning,Regular,Walk-in,L891,C3,2026-06-01 15:34:12,2026-06-01 16:12:27,22.12,38.26,15,0,6,Completed,True
VIS-20260601-100253,BR001,2026-06-01 15:29:21,2026-06-01,Monday,15,Credit Card,Regular,Walk-in,C724,C8,2026-06-01 15:34:36,2026-06-01 15:42:19,5.25,7.73,15,0,7,Completed,False
VIS-20260601-100254,BR001,2026-06-01 15:38:12,2026-06-01,Monday,15,PAN Linking,Senior Citizen,Walk-in,P383,C6,2026-06-01 15:39:23,2026-06-01 15:46:55,1.19,7.54,15,0,3,Completed,False
VIS-20260601-100255,BR001,2026-06-01 15:10:47,2026-06-01,Monday,15,Deposit,Regular,Walk-in,D879,C1,2026-06-01 15:13:59,2026-06-01 15:21:42,3.2,7.73,15,0,7,Completed,False
VIS-20260601-100256,BR001,2026-06-01 15:48:39,2026-06-01,Monday,15,Money Transfer,Regular,Booked,M917,C5,2026-06-01 15:48:53,2026-06-01 15:52:58,0.24,4.09,15,0,3,Completed,False
VIS-20260601-100257,BR001,2026-06-01 16:22:50,2026-06-01,Monday,16,Loans - Payment and Sanctioning,Regular,Walk-in,L832,C3,2026-06-01 16:43:31,2026-06-01 17:22:36,20.69,39.08,15,0,6,Completed,True
VIS-20260601-100258,BR001,2026-06-01 16:38:44,2026-06-01,Monday,16,Withdrawal,Regular,Walk-in,W238,C6,2026-06-01 16:39:14,2026-06-01 16:41:27,0.5,2.22,15,0,5,Completed,False
VIS-20260601-100259,BR001,2026-06-01 16:44:17,2026-06-01,Monday,16,Locker Issuing,HNI,Walk-in,L507,C1,2026-06-01 16:58:15,2026-06-01 17:20:56,13.98,22.67,15,0,6,Completed,False
VIS-20260601-100260,BR001,2026-06-01 16:54:18,2026-06-01,Monday,16,Deposit,Regular,Walk-in,D788,C4,2026-06-01 16:55:24,2026-06-01 17:01:13,1.11,5.81,15,0,5,Completed,False
VIS-20260601-100261,BR001,2026-06-01 16:59:36,2026-06-01,Monday,16,Cheque Withdrawal,Senior Citizen,Walk-in,C932,C7,2026-06-01 17:01:15,2026-06-01 17:05:27,1.66,4.2,15,0,4,Completed,False
VIS-20260601-100262,BR001,2026-06-01 16:32:54,2026-06-01,Monday,16,Deposit,Regular,Walk-in,D887,C7,2026-06-01 16:36:52,2026-06-01 16:43:04,3.98,6.2,15,0,4,Completed,False
VIS-20260601-100263,BR001,2026-06-01 16:24:07,2026-06-01,Monday,16,Aadhaar Linking,Senior Citizen,Walk-in,A108,C10,2026-06-01 16:26:44,2026-06-01 16:35:57,2.62,9.22,15,0,6,Completed,False
VIS-20260601-100264,BR001,2026-06-01 16:48:53,2026-06-01,Monday,16,Account Opening,HNI,Walk-in,A802,C6,2026-06-01 16:54:39,2026-06-01 17:16:24,5.78,21.74,15,0,2,Completed,False
VIS-20260601-100265,BR001,2026-06-01 16:39:04,2026-06-01,Monday,16,Insurance,Regular,Walk-in,I344,C8,2026-06-01 16:47:07,2026-06-01 17:03:53,8.06,16.76,15,0,4,Completed,False
VIS-20260601-100266,BR001,2026-06-01 16:38:30,2026-06-01,Monday,16,Loans - Payment and Sanctioning,Regular,Walk-in,L663,C8,2026-06-01 17:00:04,2026-06-01 17:38:01,21.58,37.94,15,0,6,Completed,True
VIS-20260601-100267,BR001,2026-06-01 16:11:49,2026-06-01,Monday,16,Withdrawal,Regular,Walk-in,W125,C1,2026-06-01 16:12:19,2026-06-01 16:14:25,0.5,2.11,15,0,3,Completed,False
VIS-20260601-100268,BR001,2026-06-01 16:12:59,2026-06-01,Monday,16,Money Transfer,Regular,Walk-in,M168,C4,2026-06-01 16:18:07,2026-06-01 16:24:46,5.14,6.65,15,0,6,Completed,False
VIS-20260601-100269,BR001,2026-06-01 16:59:57,2026-06-01,Monday,16,Deposit,Corporate,Walk-in,D652,C12,2026-06-01 17:03:07,2026-06-01 17:09:30,3.18,6.38,15,0,7,Completed,False
VIS-20260601-100270,BR001,2026-06-01 16:19:10,2026-06-01,Monday,16,Deposit,HNI,Walk-in,D953,C10,2026-06-01 16:21:57,2026-06-01 16:27:25,2.79,5.47,15,0,4,Completed,False
VIS-20260601-100271,BR001,2026-06-01 16:01:13,2026-06-01,Monday,16,Debit Card,HNI,Walk-in,D755,C6,2026-06-01 16:05:56,2026-06-01 16:13:46,4.72,7.84,15,0,4,Completed,False
VIS-20260601-100272,BR001,2026-06-01 16:12:54,2026-06-01,Monday,16,KYC Related,Regular,Walk-in,K864,C5,2026-06-01 16:14:54,2026-06-01 16:24:21,2.01,9.45,15,0,3,Completed,False
VIS-20260601-100273,BR001,2026-06-01 16:20:10,2026-06-01,Monday,16,Deposit,Senior Citizen,Booked,D623,C11,2026-06-01 16:21:01,2026-06-01 16:25:35,0.86,4.56,15,0,0,Completed,False
VIS-20260601-100274,BR001,2026-06-01 16:20:46,2026-06-01,Monday,16,Deposit,HNI,Walk-in,D516,C6,2026-06-01 16:23:53,2026-06-01 16:30:20,3.13,6.45,15,0,4,Completed,False
VIS-20260601-100275,BR001,2026-06-01 16:28:29,2026-06-01,Monday,16,Withdrawal,Regular,Walk-in,W799,C7,2026-06-01 16:30:29,2026-06-01 16:33:31,2.0,3.04,15,0,6,Completed,False
VIS-20260601-100276,BR001,2026-06-01 16:18:00,2026-06-01,Monday,16,Aadhaar Linking,Regular,Booked,A141,C3,2026-06-01 16:18:37,2026-06-01 16:30:12,0.62,11.58,15,0,2,Completed,False
VIS-20260601-100277,BR001,2026-06-01 16:19:16,2026-06-01,Monday,16,PAN Linking,Regular,Booked,P301,C3,2026-06-01 16:19:28,2026-06-01 16:31:08,0.2,11.68,15,0,2,Completed,False
VIS-20260601-100278,BR001,2026-06-01 16:31:40,2026-06-01,Monday,16,Loans - Payment and Sanctioning,Regular,Walk-in,L228,C7,2026-06-01 16:37:35,2026-06-01 17:04:53,5.93,27.3,15,0,2,Completed,False
VIS-20260601-100279,BR001,2026-06-01 16:38:40,2026-06-01,Monday,16,Withdrawal,Senior Citizen,Walk-in,W291,C7,2026-06-01 16:41:17,2026-06-01 16:44:10,2.62,2.89,15,0,4,Completed,False
VIS-20260601-100280,BR001,2026-06-01 16:16:43,2026-06-01,Monday,16,Withdrawal,Regular,Walk-in,W543,C8,2026-06-01 16:19:23,2026-06-01 16:22:38,2.68,3.25,15,0,6,Completed,False
VIS-20260601-100281,BR001,2026-06-01 16:42:19,2026-06-01,Monday,16,Withdrawal,Regular,Walk-in,W906,C2,2026-06-01 16:42:49,2026-06-01 16:45:58,0.5,3.16,15,0,4,Completed,False
VIS-20260601-100282,BR001,2026-06-01 16:44:14,2026-06-01,Monday,16,Deposit,Regular,Walk-in,D931,C2,2026-06-01 16:51:08,2026-06-01 16:57:23,6.91,6.24,15,0,8,Completed,False
VIS-20260601-100283,BR001,2026-06-01 16:53:28,2026-06-01,Monday,16,Loans - Payment and Sanctioning,Regular,Walk-in,L403,C10,2026-06-01 17:14:29,2026-06-01 17:56:43,21.03,42.22,15,0,6,Completed,True
VIS-20260601-100284,BR002,2026-06-01 09:34:22,2026-06-01,Monday,9,Deposit,HNI,Walk-in,D657,C5,2026-06-01 09:37:58,2026-06-01 09:45:46,3.61,7.8,18,0,3,Completed,False
VIS-20260601-100285,BR002,2026-06-01 09:37:20,2026-06-01,Monday,9,PAN Linking,Regular,Booked,P569,C10,2026-06-01 09:38:28,2026-06-01 09:46:59,1.14,8.51,18,0,0,Completed,False
VIS-20260601-100286,BR002,2026-06-01 09:20:45,2026-06-01,Monday,9,Withdrawal,Regular,Booked,W477,C10,2026-06-01 09:20:57,2026-06-01 09:22:58,0.2,2.03,18,0,0,Completed,False
VIS-20260601-100287,BR002,2026-06-01 09:10:39,2026-06-01,Monday,9,Money Transfer,Regular,Walk-in,M616,C6,2026-06-01 09:14:37,2026-06-01 09:21:25,3.97,6.8,18,0,3,Completed,False
VIS-20260601-100288,BR002,2026-06-01 09:50:56,2026-06-01,Monday,9,Loans - Payment and Sanctioning,Regular,Walk-in,L866,C8,2026-06-01 10:01:49,2026-06-01 10:43:06,10.89,41.28,18,0,4,Completed,False
VIS-20260601-100289,BR002,2026-06-01 09:47:53,2026-06-01,Monday,9,KYC Related,Corporate,Walk-in,K951,C14,2026-06-01 09:49:54,2026-06-01 09:58:27,2.03,8.55,18,0,5,Completed,False
VIS-20260601-100290,BR002,2026-06-01 09:41:08,2026-06-01,Monday,9,Money Transfer,Senior Citizen,Walk-in,M940,C2,2026-06-01 09:45:01,2026-06-01 09:51:51,3.89,6.84,18,0,5,Completed,False
VIS-20260601-100291,BR002,2026-06-01 09:44:43,2026-06-01,Monday,9,Deposit,Regular,Walk-in,D309,C4,2026-06-01 09:45:13,2026-06-01 09:49:21,0.5,4.14,18,0,3,Completed,False
VIS-20260601-100292,BR002,2026-06-01 09:23:47,2026-06-01,Monday,9,Credit Card,Regular,Walk-in,C346,C11,2026-06-01 09:26:24,2026-06-01 09:34:29,2.62,8.09,18,0,2,Completed,False
VIS-20260601-100293,BR002,2026-06-01 09:48:39,2026-06-01,Monday,9,Credit Card,Senior Citizen,Walk-in,C549,C9,2026-06-01 09:53:24,2026-06-01 10:02:22,4.75,8.98,18,0,6,Completed,False
VIS-20260601-100294,BR002,2026-06-01 09:29:24,2026-06-01,Monday,9,PAN Linking,Corporate,Walk-in,P286,C3,2026-06-01 09:33:34,2026-06-01 09:41:03,4.17,7.48,18,0,5,Completed,False
VIS-20260601-100295,BR002,2026-06-01 09:37:49,2026-06-01,Monday,9,Withdrawal,Senior Citizen,Walk-in,W915,C9,2026-06-01 09:40:08,2026-06-01 09:43:22,2.33,3.22,18,0,4,Completed,False
VIS-20260601-100296,BR002,2026-06-01 09:24:21,2026-06-01,Monday,9,Withdrawal,Regular,Walk-in,W792,C11,2026-06-01 09:24:51,2026-06-01 09:27:19,0.5,2.47,18,0,5,Completed,False
VIS-20260601-100297,BR002,2026-06-01 09:54:35,2026-06-01,Monday,9,Debit Card,Senior Citizen,Walk-in,D277,C14,2026-06-01 09:55:14,2026-06-01 10:00:51,0.66,5.62,18,0,5,Completed,False
VIS-20260601-100298,BR002,2026-06-01 09:37:32,2026-06-01,Monday,9,Insurance,Regular,Walk-in,I396,C2,2026-06-01 09:43:12,2026-06-01 10:05:58,5.67,22.77,18,0,3,Completed,False
VIS-20260601-100299,BR002,2026-06-01 09:37:45,2026-06-01,Monday,9,Credit Card,Senior Citizen,Booked,C299,C1,2026-06-01 09:37:57,2026-06-01 09:47:45,0.2,9.8,18,0,0,Completed,False
VIS-20260601-100300,BR002,2026-06-01 09:40:21,2026-06-01,Monday,9,Other,Corporate,Walk-in,O389,C4,2026-06-01 09:44:19,2026-06-01 09:52:07,3.97,7.8,18,0,3,Completed,False
VIS-20260601-100301,BR002,2026-06-01 09:54:55,2026-06-01,Monday,9,Deposit,Regular,Walk-in,D632,C5,2026-06-01 09:55:25,2026-06-01 10:00:04,0.5,4.66,18,0,3,Completed,False
VIS-20260601-100302,BR002,2026-06-01 09:41:16,2026-06-01,Monday,9,Cheque Withdrawal,Regular,Walk-in,C518,C13,2026-06-01 09:44:50,2026-06-01 09:48:05,3.57,3.26,18,0,3,Completed,False
VIS-20260601-100303,BR002,2026-06-01 09:11:17,2026-06-01,Monday,9,KYC Related,Regular,Walk-in,K346,C9,2026-06-01 09:14:44,2026-06-01 09:25:03,3.46,10.31,18,0,6,Completed,False
VIS-20260601-100304,BR002,2026-06-01 09:06:12,2026-06-01,Monday,9,Account Opening,Corporate,Walk-in,A587,C7,2026-06-01 09:08:31,2026-06-01 09:28:21,2.32,19.83,18,0,3,Completed,False
VIS-20260601-100305,BR002,2026-06-01 09:59:10,2026-06-01,Monday,9,Deposit,Senior Citizen,Walk-in,D998,C13,2026-06-01 10:00:22,2026-06-01 10:05:26,1.21,5.07,18,0,4,Completed,False
VIS-20260601-100306,BR002,2026-06-01 09:34:13,2026-06-01,Monday,9,Account Opening,Regular,Walk-in,A906,C13,2026-06-01 09:38:03,2026-06-01 09:56:12,3.84,18.15,18,0,3,Completed,False
VIS-20260601-100307,BR002,2026-06-01 09:17:45,2026-06-01,Monday,9,Withdrawal,Senior Citizen,Walk-in,W734,C1,2026-06-01 09:20:07,2026-06-01 09:23:34,2.38,3.44,18,0,4,Completed,False
VIS-20260601-100308,BR002,2026-06-01 09:50:57,2026-06-01,Monday,9,Deposit,Regular,Walk-in,D979,C14,2026-06-01 09:53:20,2026-06-01 09:59:45,2.39,6.42,18,0,4,Completed,False
VIS-20260601-100309,BR002,2026-06-01 09:43:55,2026-06-01,Monday,9,Withdrawal,Regular,Booked,W154,C2,2026-06-01 09:44:46,2026-06-01 09:47:52,0.85,3.1,18,0,0,Completed,False
VIS-20260601-100310,BR002,2026-06-01 09:18:24,2026-06-01,Monday,9,Loans - Payment and Sanctioning,Regular,Walk-in,L621,C3,2026-06-01 09:33:45,2026-06-01 10:03:45,15.36,30.0,18,0,6,Completed,False
VIS-20260601-100311,BR002,2026-06-01 09:32:37,2026-06-01,Monday,9,Loans - Payment and Sanctioning,Senior Citizen,Walk-in,L333,C13,2026-06-01 09:42:14,2026-06-01 10:17:59,9.62,35.76,18,0,4,Completed,False
VIS-20260601-100312,BR002,2026-06-01 09:05:25,2026-06-01,Monday,9,Account Opening,Regular,Booked,A748,C9,2026-06-01 09:05:37,2026-06-01 09:25:08,0.2,19.53,18,0,0,Completed,False
VIS-20260601-100313,BR002,2026-06-01 10:32:49,2026-06-01,Monday,10,Locker Issuing,Regular,Booked,L785,C8,2026-06-01 10:34:23,2026-06-01 10:55:32,1.58,21.15,18,0,3,Completed,False
VIS-20260601-100314,BR002,2026-06-01 10:47:02,2026-06-01,Monday,10,Withdrawal,Regular,Walk-in,W101,C11,2026-06-01 10:48:52,2026-06-01 10:53:09,1.84,4.29,18,0,9,Completed,False
VIS-20260601-100315,BR002,2026-06-01 10:35:01,2026-06-01,Monday,10,Deposit,Regular,Walk-in,D276,C5,2026-06-01 10:39:54,2026-06-01 10:44:46,4.89,4.86,18,0,8,Completed,False
VIS-20260601-100316,BR002,2026-06-01 10:40:56,2026-06-01,Monday,10,Money Transfer,Senior Citizen,Walk-in,M680,C8,2026-06-01 10:42:07,2026-06-01 10:46:03,1.19,3.94,18,0,6,Completed,False
VIS-20260601-100317,BR002,2026-06-01 10:34:40,2026-06-01,Monday,10,Credit Card,Regular,Walk-in,C193,C10,2026-06-01 10:38:25,2026-06-01 10:45:29,3.76,7.06,18,0,4,Completed,False
VIS-20260601-100318,BR002,2026-06-01 10:28:26,2026-06-01,Monday,10,Account Opening,HNI,Walk-in,A472,C2,2026-06-01 10:33:07,2026-06-01 10:50:53,4.69,17.77,18,0,5,Completed,False
VIS-20260601-100319,BR002,2026-06-01 10:42:05,2026-06-01,Monday,10,Deposit,Regular,Booked,D496,C12,2026-06-01 10:43:13,2026-06-01 10:50:19,1.14,7.1,18,0,5,Completed,False
VIS-20260601-100320,BR002,2026-06-01 10:59:06,2026-06-01,Monday,10,Withdrawal,HNI,Walk-in,W238,C13,2026-06-01 11:02:13,2026-06-01 11:05:01,3.12,2.8,18,0,9,Completed,False
VIS-20260601-100321,BR002,2026-06-01 10:41:01,2026-06-01,Monday,10,Aadhaar Linking,Regular,Booked,A647,C7,2026-06-01 10:41:53,2026-06-01 10:49:45,0.88,7.86,18,0,3,Completed,False
VIS-20260601-100322,BR002,2026-06-01 10:36:25,2026-06-01,Monday,10,Debit Card,Regular,Walk-in,D971,C5,2026-06-01 10:39:54,2026-06-01 10:49:23,3.49,9.48,18,0,5,Completed,False
VIS-20260601-100323,BR002,2026-06-01 10:31:48,2026-06-01,Monday,10,Account Opening,Regular,Walk-in,A824,C10,2026-06-01 10:44:57,2026-06-01 11:05:39,13.15,20.71,18,0,10,Completed,False
VIS-20260601-100324,BR002,2026-06-01 10:04:26,2026-06-01,Monday,10,Loans - Payment and Sanctioning,HNI,Walk-in,L817,C3,2026-06-01 10:15:31,2026-06-01 10:54:03,11.09,38.54,18,0,4,Completed,False
VIS-20260601-100325,BR002,2026-06-01 10:55:12,2026-06-01,Monday,10,Insurance,Regular,Booked,I639,C7,2026-06-01 10:56:49,2026-06-01 11:12:39,1.62,15.84,18,0,1,Completed,False
VIS-20260601-100326,BR002,2026-06-01 10:15:52,2026-06-01,Monday,10,Withdrawal,Regular,Walk-in,W625,C5,2026-06-01 10:19:22,2026-06-01 10:22:27,3.5,3.09,18,0,6,Completed,False
VIS-20260601-100327,BR002,2026-06-01 10:46:46,2026-06-01,Monday,10,Aadhaar Linking,HNI,Walk-in,A190,C14,2026-06-01 10:50:57,2026-06-01 10:58:47,4.19,7.83,18,0,5,Completed,False
VIS-20260601-100328,BR002,2026-06-01 10:57:51,2026-06-01,Monday,10,Deposit,Regular,Walk-in,D538,C6,2026-06-01 10:59:43,2026-06-01 11:05:06,1.87,5.39,18,0,9,Completed,False
VIS-20260601-100329,BR002,2026-06-01 10:25:24,2026-06-01,Monday,10,Withdrawal,Regular,Walk-in,W243,C1,2026-06-01 10:28:43,2026-06-01 10:33:06,3.33,4.38,18,0,4,Completed,False
VIS-20260601-100330,BR002,2026-06-01 10:59:31,2026-06-01,Monday,10,Loans - Payment and Sanctioning,Regular,Walk-in,L476,C10,2026-06-01 11:25:27,2026-06-01 12:04:18,25.94,38.85,18,0,10,Completed,True
VIS-20260601-100331,BR002,2026-06-01 10:27:31,2026-06-01,Monday,10,Debit Card,Senior Citizen,Walk-in,D571,C7,2026-06-01 10:30:07,2026-06-01 10:39:32,2.61,9.42,18,0,6,Completed,False
VIS-20260601-100332,BR002,2026-06-01 10:05:22,2026-06-01,Monday,10,Loans - Payment and Sanctioning,HNI,Walk-in,L625,C11,2026-06-01 10:30:59,2026-06-01 11:13:31,25.62,42.54,18,0,8,Completed,True
VIS-20260601-100333,BR002,2026-06-01 10:16:34,2026-06-01,Monday,10,Loans - Payment and Sanctioning,Regular,Booked,L938,C5,2026-06-01 10:20:04,2026-06-01 10:53:41,3.5,33.62,18,0,3,Completed,False
VIS-20260601-100334,BR002,2026-06-01 10:13:17,2026-06-01,Monday,10,Aadhaar Linking,Regular,Walk-in,A946,C14,2026-06-01 10:17:13,2026-06-01 10:27:12,3.94,9.99,18,0,7,Completed,False
VIS-20260601-100335,BR002,2026-06-01 10:07:44,2026-06-01,Monday,10,Locker Issuing,Regular,Walk-in,L114,C5,2026-06-01 10:19:44,2026-06-01 10:53:15,12.01,33.52,18,0,6,Completed,False
VIS-20260601-100336,BR002,2026-06-01 10:00:03,2026-06-01,Monday,10,Deposit,Corporate,Walk-in,D116,C2,2026-06-01 10:04:21,2026-06-01 10:09:43,4.3,5.38,18,0,8,Completed,False
VIS-20260601-100337,BR002,2026-06-01 10:57:19,2026-06-01,Monday,10,Loans - Payment and Sanctioning,Regular,Walk-in,L138,C11,2026-06-01 11:13:41,2026-06-01 11:38:41,16.37,25.01,18,0,9,Completed,False
VIS-20260601-100338,BR002,2026-06-01 10:47:52,2026-06-01,Monday,10,KYC Related,Regular,Walk-in,K677,C1,2026-06-01 10:54:47,2026-06-01 11:03:10,6.92,8.39,18,0,9,Completed,False
VIS-20260601-100339,BR002,2026-06-01 10:17:25,2026-06-01,Monday,10,Deposit,Regular,Booked,D297,C13,2026-06-01 10:18:10,2026-06-01 10:24:33,0.76,6.38,18,0,3,Completed,False
VIS-20260601-100340,BR002,2026-06-01 10:33:26,2026-06-01,Monday,10,Money Transfer,Regular,Walk-in,M817,C4,2026-06-01 10:34:20,2026-06-01 10:38:51,0.91,4.52,18,0,8,Completed,False
VIS-20260601-100341,BR002,2026-06-01 10:24:28,2026-06-01,Monday,10,Locker Issuing,Regular,Booked,L833,C11,2026-06-01 10:26:44,2026-06-01 11:00:29,2.27,33.76,18,0,2,Completed,False
VIS-20260601-100342,BR002,2026-06-01 10:36:45,2026-06-01,Monday,10,Withdrawal,HNI,Walk-in,W747,C10,2026-06-01 10:39:36,2026-06-01 10:42:45,2.85,3.15,18,0,6,Completed,False
VIS-20260601-100343,BR002,2026-06-01 10:29:59,2026-06-01,Monday,10,Account Opening,HNI,Walk-in,A267,C13,2026-06-01 10:39:25,2026-06-01 10:57:04,9.44,17.65,18,0,8,Completed,False
VIS-20260601-100344,BR002,2026-06-01 10:28:48,2026-06-01,Monday,10,KYC Related,Regular,Booked,K141,C6,2026-06-01 10:30:50,2026-06-01 10:42:34,2.04,11.73,18,0,3,Completed,False
VIS-20260601-100345,BR002,2026-06-01 10:27:10,2026-06-01,Monday,10,Withdrawal,Senior Citizen,Walk-in,W940,C7,2026-06-01 10:30:36,2026-06-01 10:34:14,3.44,3.63,18,0,11,Completed,False
VIS-20260601-100346,BR002,2026-06-01 10:28:33,2026-06-01,Monday,10,PAN Linking,HNI,Walk-in,P305,C9,2026-06-01 10:34:21,2026-06-01 10:40:58,5.81,6.61,18,0,7,Completed,False
VIS-20260601-100347,BR002,2026-06-01 10:29:03,2026-06-01,Monday,10,Withdrawal,Regular,Walk-in,W956,C10,2026-06-01 10:29:33,2026-06-01 10:32:27,0.5,2.9,18,0,4,Completed,False
VIS-20260601-100348,BR002,2026-06-01 10:52:42,2026-06-01,Monday,10,KYC Related,Senior Citizen,Walk-in,K176,C5,2026-06-01 11:04:21,2026-06-01 11:19:15,11.66,14.89,18,0,10,Completed,False
VIS-20260601-100349,BR002,2026-06-01 10:01:18,2026-06-01,Monday,10,Withdrawal,Regular,Walk-in,W870,C3,2026-06-01 10:05:12,2026-06-01 10:09:15,3.9,4.06,18,0,6,Completed,False
VIS-20260601-100350,BR002,2026-06-01 10:13:26,2026-06-01,Monday,10,Locker Issuing,Regular,Walk-in,L426,C13,2026-06-01 10:21:16,2026-06-01 10:41:59,7.84,20.71,18,0,6,Completed,False
VIS-20260601-100351,BR002,2026-06-01 10:18:19,2026-06-01,Monday,10,Withdrawal,Regular,Walk-in,W143,C14,2026-06-01 10:22:20,2026-06-01 10:25:05,4.03,2.75,18,0,6,Completed,False
VIS-20260601-100352,BR002,2026-06-01 10:58:38,2026-06-01,Monday,10,Withdrawal,Corporate,Walk-in,W583,C10,2026-06-01 10:59:08,2026-06-01 11:02:23,0.5,3.26,18,0,6,Completed,False
VIS-20260601-100353,BR002,2026-06-01 10:59:00,2026-06-01,Monday,10,Credit Card,Regular,Walk-in,C943,C5,2026-06-01 11:06:40,2026-06-01 11:14:32,7.68,7.86,18,0,10,Completed,False
VIS-20260601-100354,BR002,2026-06-01 10:25:28,2026-06-01,Monday,10,Withdrawal,Regular,Walk-in,W960,C6,2026-06-01 10:25:58,2026-06-01 10:29:05,0.5,3.12,18,0,4,Completed,False
VIS-20260601-100355,BR002,2026-06-01 10:25:46,2026-06-01,Monday,10,PAN Linking,Regular,Walk-in,P639,C1,2026-06-01 10:27:14,2026-06-01 10:34:02,1.47,6.8,18,0,7,Completed,False
VIS-20260601-100356,BR002,2026-06-01 10:22:29,2026-06-01,Monday,10,Cheque Withdrawal,Senior Citizen,Walk-in,C404,C5,2026-06-01 10:25:09,2026-06-01 10:29:11,2.67,4.03,18,0,3,Completed,False
VIS-20260601-100357,BR002,2026-06-01 10:04:22,2026-06-01,Monday,10,Withdrawal,Senior Citizen,Walk-in,W260,C8,2026-06-01 10:07:24,2026-06-01 10:11:26,3.04,4.04,18,0,5,Completed,False
VIS-20260601-100358,BR002,2026-06-01 10:23:27,2026-06-01,Monday,10,Deposit,Senior Citizen,Walk-in,D283,C14,2026-06-01 10:25:51,2026-06-01 10:29:57,2.41,4.09,18,0,6,Completed,False
VIS-20260601-100359,BR002,2026-06-01 10:58:35,2026-06-01,Monday,10,Deposit,HNI,Walk-in,D825,C7,2026-06-01 11:01:49,2026-06-01 11:07:39,3.24,5.84,18,0,5,Completed,False
VIS-20260601-100360,BR002,2026-06-01 10:44:47,2026-06-01,Monday,10,Loans - Payment and Sanctioning,Corporate,Walk-in,L385,C9,2026-06-01 10:59:26,2026-06-01 11:24:32,14.66,25.1,18,0,7,Completed,False
VIS-20260601-100361,BR002,2026-06-01 10:38:12,2026-06-01,Monday,10,KYC Related,Regular,Walk-in,K587,C10,2026-06-01 10:45:13,2026-06-01 10:59:27,7.02,14.24,18,0,7,Completed,False
VIS-20260601-100362,BR002,2026-06-01 10:59:17,2026-06-01,Monday,10,Aadhaar Linking,Regular,Walk-in,A400,C9,2026-06-01 11:04:08,2026-06-01 11:11:21,4.85,7.23,18,0,4,Completed,False
VIS-20260601-100363,BR002,2026-06-01 10:18:09,2026-06-01,Monday,10,Withdrawal,Corporate,Walk-in,W587,C14,2026-06-01 10:21:25,2026-06-01 10:26:21,3.28,4.92,18,0,9,Completed,False
VIS-20260601-100364,BR002,2026-06-01 10:40:59,2026-06-01,Monday,10,Withdrawal,Senior Citizen,Walk-in,W406,C6,2026-06-01 10:42:54,2026-06-01 10:46:56,1.93,4.03,18,0,7,Completed,False
VIS-20260601-100365,BR002,2026-06-01 10:05:49,2026-06-01,Monday,10,Cheque Withdrawal,Regular,Booked,C731,C11,2026-06-01 10:06:50,2026-06-01 10:11:32,1.02,4.7,18,0,1,Completed,False
VIS-20260601-100366,BR002,2026-06-01 10:35:23,2026-06-01,Monday,10,Insurance,Regular,Walk-in,I188,C9,2026-06-01 10:47:41,2026-06-01 11:10:30,12.31,22.82,18,0,8,Completed,False
VIS-20260601-100367,BR002,2026-06-01 10:29:30,2026-06-01,Monday,10,Account Opening,Regular,Walk-in,A551,C5,2026-06-01 10:38:27,2026-06-01 10:54:07,8.95,15.68,18,0,7,Completed,False
VIS-20260601-100368,BR002,2026-06-01 11:12:37,2026-06-01,Monday,11,Withdrawal,HNI,Walk-in,W973,C13,2026-06-01 11:16:04,2026-06-01 11:21:04,3.46,4.99,18,0,8,Completed,False
VIS-20260601-100369,BR002,2026-06-01 11:52:11,2026-06-01,Monday,11,Account Opening,Senior Citizen,Walk-in,A634,C11,2026-06-01 12:09:51,2026-06-01 12:34:32,17.67,24.69,18,0,10,Completed,False
VIS-20260601-100370,BR002,2026-06-01 11:24:28,2026-06-01,Monday,11,Locker Issuing,Senior Citizen,Walk-in,L961,C6,2026-06-01 11:30:30,2026-06-01 11:53:07,6.04,22.62,18,0,3,Completed,False
VIS-20260601-100371,BR002,2026-06-01 11:30:34,2026-06-01,Monday,11,PAN Linking,Regular,Booked,P644,C12,2026-06-01 11:30:46,2026-06-01 11:37:11,0.2,6.42,18,0,0,Completed,False
VIS-20260601-100372,BR002,2026-06-01 11:25:54,2026-06-01,Monday,11,Withdrawal,Regular,Walk-in,W339,C12,2026-06-01 11:27:57,2026-06-01 11:30:21,2.05,2.4,18,0,4,Completed,False
VIS-20260601-100373,BR002,2026-06-01 11:33:08,2026-06-01,Monday,11,Debit Card,Regular,Walk-in,D537,C6,2026-06-01 11:38:57,2026-06-01 11:47:04,5.82,8.12,18,0,8,Completed,False
VIS-20260601-100374,BR002,2026-06-01 11:50:06,2026-06-01,Monday,11,Aadhaar Linking,Regular,Walk-in,A919,C13,2026-06-01 11:55:05,2026-06-01 12:05:56,4.99,10.85,18,0,6,Completed,False
VIS-20260601-100375,BR002,2026-06-01 11:47:22,2026-06-01,Monday,11,Credit Card,Regular,Walk-in,C987,C3,2026-06-01 11:50:17,2026-06-01 11:55:50,2.93,5.54,18,0,8,Completed,False
VIS-20260601-100376,BR002,2026-06-01 11:11:24,2026-06-01,Monday,11,Withdrawal,HNI,Walk-in,W773,C12,2026-06-01 11:11:55,2026-06-01 11:15:05,0.53,3.16,18,0,8,Completed,False
VIS-20260601-100377,BR002,2026-06-01 11:38:23,2026-06-01,Monday,11,Cheque Withdrawal,Regular,Walk-in,C656,C4,2026-06-01 11:39:24,2026-06-01 11:45:18,1.03,5.9,18,0,6,Completed,False
VIS-20260601-100378,BR002,2026-06-01 11:08:00,2026-06-01,Monday,11,Aadhaar Linking,Regular,Walk-in,A612,C1,2026-06-01 11:12:18,2026-06-01 11:21:05,4.31,8.78,18,0,5,Completed,False
VIS-20260601-100379,BR002,2026-06-01 11:03:09,2026-06-01,Monday,11,Insurance,Regular,Walk-in,I802,C6,2026-06-01 11:13:10,2026-06-01 11:28:39,10.02,15.48,18,0,10,Completed,False
VIS-20260601-100380,BR002,2026-06-01 11:52:54,2026-06-01,Monday,11,Withdrawal,Regular,Walk-in,W334,C10,2026-06-01 11:55:06,2026-06-01 11:57:58,2.2,2.87,18,0,7,Completed,False
VIS-20260601-100381,BR002,2026-06-01 11:04:12,2026-06-01,Monday,11,Deposit,HNI,Walk-in,D694,C13,2026-06-01 11:07:17,2026-06-01 11:13:29,3.09,6.2,18,0,7,Completed,False
VIS-20260601-100382,BR002,2026-06-01 11:46:16,2026-06-01,Monday,11,Debit Card,Regular,Walk-in,D932,C13,2026-06-01 11:51:49,2026-06-01 12:00:02,5.56,8.21,18,0,8,Completed,False
VIS-20260601-100383,BR002,2026-06-01 11:31:13,2026-06-01,Monday,11,Deposit,Corporate,Walk-in,D585,C2,2026-06-01 11:33:32,2026-06-01 11:38:48,2.33,5.26,18,0,6,Completed,False
VIS-20260601-100384,BR002,2026-06-01 11:57:41,2026-06-01,Monday,11,Deposit,Regular,Booked,D654,C10,2026-06-01 11:57:53,2026-06-01 12:05:32,0.2,7.66,18,0,1,Completed,False
VIS-20260601-100385,BR002,2026-06-01 11:46:01,2026-06-01,Monday,11,Debit Card,Regular,Walk-in,D155,C14,2026-06-01 11:47:52,2026-06-01 11:53:00,1.85,5.14,18,0,8,Completed,False
VIS-20260601-100386,BR002,2026-06-01 11:26:09,2026-06-01,Monday,11,Aadhaar Linking,Regular,Walk-in,A704,C9,2026-06-01 11:36:12,2026-06-01 11:48:06,10.05,11.91,18,0,9,Completed,False
VIS-20260601-100387,BR002,2026-06-01 11:31:11,2026-06-01,Monday,11,PAN Linking,Regular,Walk-in,P642,C11,2026-06-01 11:35:27,2026-06-01 11:46:54,4.28,11.45,18,0,7,Completed,False
VIS-20260601-100388,BR002,2026-06-01 11:17:50,2026-06-01,Monday,11,Deposit,Corporate,Walk-in,D947,C1,2026-06-01 11:20:53,2026-06-01 11:25:35,3.06,4.69,18,0,5,Completed,False
VIS-20260601-100389,BR002,2026-06-01 11:37:33,2026-06-01,Monday,11,Insurance,Regular,Booked,I241,C11,2026-06-01 11:39:03,2026-06-01 11:56:46,1.5,17.73,18,0,2,Completed,False
VIS-20260601-100390,BR002,2026-06-01 11:43:32,2026-06-01,Monday,11,Withdrawal,Regular,Walk-in,W785,C6,2026-06-01 11:45:41,2026-06-01 11:47:47,2.16,2.1,18,0,4,Completed,False
VIS-20260601-100391,BR002,2026-06-01 11:10:14,2026-06-01,Monday,11,Account Opening,Regular,Walk-in,A155,C13,2026-06-01 11:20:18,2026-06-01 11:44:22,10.08,24.06,18,0,7,Completed,False
VIS-20260601-100392,BR002,2026-06-01 11:02:13,2026-06-01,Monday,11,Deposit,Corporate,Walk-in,D393,C4,2026-06-01 11:05:38,2026-06-01 11:11:32,3.42,5.9,18,0,7,Completed,False
VIS-20260601-100393,BR002,2026-06-01 11:10:27,2026-06-01,Monday,11,Account Opening,Regular,Walk-in,A163,C14,2026-06-01 11:19:31,2026-06-01 11:38:44,9.07,19.22,18,0,8,Completed,False
VIS-20260601-100394,BR002,2026-06-01 11:51:13,2026-06-01,Monday,11,Deposit,Corporate,Walk-in,D832,C7,2026-06-01 11:53:12,2026-06-01 11:59:52,1.99,6.66,18,0,6,Completed,False
VIS-20260601-100395,BR002,2026-06-01 11:56:30,2026-06-01,Monday,11,Deposit,HNI,Walk-in,D384,C13,2026-06-01 12:01:29,2026-06-01 12:07:38,4.99,6.15,18,0,6,Completed,False
VIS-20260601-100396,BR002,2026-06-01 11:21:38,2026-06-01,Monday,11,Aadhaar Linking,Regular,Booked,A181,C3,2026-06-01 11:22:11,2026-06-01 11:29:49,0.56,7.63,18,0,0,Completed,False
VIS-20260601-100397,BR002,2026-06-01 11:22:23,2026-06-01,Monday,11,Aadhaar Linking,Regular,Walk-in,A656,C2,2026-06-01 11:24:06,2026-06-01 11:34:30,1.72,10.41,18,0,5,Completed,False
VIS-20260601-100398,BR002,2026-06-01 11:17:07,2026-06-01,Monday,11,Deposit,Senior Citizen,Walk-in,D951,C10,2026-06-01 11:18:49,2026-06-01 11:22:53,1.7,4.08,18,0,5,Completed,False
VIS-20260601-100399,BR002,2026-06-01 11:45:43,2026-06-01,Monday,11,Cheque Withdrawal,HNI,Walk-in,C937,C6,2026-06-01 11:50:11,2026-06-01 11:53:44,4.47,3.56,18,0,8,Completed,False
VIS-20260601-100400,BR002,2026-06-01 11:19:47,2026-06-01,Monday,11,KYC Related,Regular,Walk-in,K482,C13,2026-06-01 11:26:05,2026-06-01 11:40:50,6.3,14.75,18,0,4,Completed,False
VIS-20260601-100401,BR002,2026-06-01 11:48:44,2026-06-01,Monday,11,Other,Senior Citizen,Walk-in,O496,C13,2026-06-01 11:51:41,2026-06-01 11:58:47,2.95,7.11,18,0,7,Completed,False
VIS-20260601-100402,BR002,2026-06-01 11:18:20,2026-06-01,Monday,11,Debit Card,Senior Citizen,Walk-in,D480,C9,2026-06-01 11:22:47,2026-06-01 11:30:39,4.46,7.86,18,0,7,Completed,False
VIS-20260601-100403,BR002,2026-06-01 11:13:45,2026-06-01,Monday,11,Insurance,Regular,Walk-in,I587,C3,2026-06-01 11:21:43,2026-06-01 11:39:36,7.97,17.89,18,0,6,Completed,False
VIS-20260601-100404,BR002,2026-06-01 11:24:12,2026-06-01,Monday,11,Locker Issuing,HNI,Walk-in,L498,C5,2026-06-01 11:30:55,2026-06-01 11:51:27,6.73,20.52,18,0,4,Completed,False
VIS-20260601-100405,BR002,2026-06-01 11:11:07,2026-06-01,Monday,11,Cheque Withdrawal,Regular,Walk-in,C660,C1,2026-06-01 11:16:17,2026-06-01 11:20:36,5.17,4.32,18,0,8,Completed,False
VIS-20260601-100406,BR002,2026-06-01 11:31:15,2026-06-01,Monday,11,Withdrawal,Regular,Walk-in,W142,C7,2026-06-01 11:36:46,2026-06-01 11:41:06,5.53,4.33,18,0,9,Completed,False
VIS-20260601-100407,BR002,2026-06-01 11:41:39,2026-06-01,Monday,11,KYC Related,Regular,Walk-in,K514,C11,2026-06-01 11:47:55,2026-06-01 12:01:01,6.27,13.1,18,0,6,Completed,False
VIS-20260601-100408,BR002,2026-06-01 11:40:52,2026-06-01,Monday,11,Withdrawal,HNI,Walk-in,W907,C1,2026-06-01 11:42:54,2026-06-01 11:45:37,2.04,2.72,18,0,6,Completed,False
VIS-20260601-100409,BR002,2026-06-01 11:11:04,2026-06-01,Monday,11,Money Transfer,Senior Citizen,Walk-in,M141,C9,2026-06-01 11:16:17,2026-06-01 11:23:14,5.22,6.95,18,0,5,Completed,False
VIS-20260601-100410,BR002,2026-06-01 11:55:08,2026-06-01,Monday,11,Deposit,Corporate,Walk-in,D689,C12,2026-06-01 11:58:35,2026-06-01 12:03:06,3.45,4.53,18,0,8,Completed,False
VIS-20260601-100411,BR002,2026-06-01 11:22:24,2026-06-01,Monday,11,PAN Linking,Regular,Walk-in,P219,C14,2026-06-01 11:26:47,2026-06-01 11:32:58,4.39,6.18,18,0,5,Completed,False
VIS-20260601-100412,BR002,2026-06-01 11:54:00,2026-06-01,Monday,11,Money Transfer,Regular,Walk-in,M728,C12,2026-06-01 11:58:33,2026-06-01 12:02:17,4.56,3.73,18,0,8,Completed,False
VIS-20260601-100413,BR002,2026-06-01 11:06:49,2026-06-01,Monday,11,Deposit,Regular,Walk-in,D627,C9,2026-06-01 11:10:59,2026-06-01 11:18:08,4.17,7.16,18,0,5,Completed,False
VIS-20260601-100414,BR002,2026-06-01 11:40:46,2026-06-01,Monday,11,Account Opening,Regular,Walk-in,A120,C4,2026-06-01 11:45:47,2026-06-01 12:01:10,5.02,15.39,18,0,6,Completed,False
VIS-20260601-100415,BR002,2026-06-01 11:53:22,2026-06-01,Monday,11,Loans - Payment and Sanctioning,HNI,Walk-in,L574,C13,2026-06-01 12:05:15,2026-06-01 12:37:04,11.89,31.81,18,0,6,Completed,False
VIS-20260601-100416,BR002,2026-06-01 11:53:03,2026-06-01,Monday,11,Aadhaar Linking,HNI,Walk-in,A537,C10,2026-06-01 11:57:25,2026-06-01 12:08:30,4.38,11.07,18,0,4,Completed,False
VIS-20260601-100417,BR002,2026-06-01 11:52:16,2026-06-01,Monday,11,KYC Related,Regular,Walk-in,K506,C13,2026-06-01 11:59:06,2026-06-01 12:13:23,6.84,14.28,18,0,7,Completed,False
VIS-20260601-100418,BR002,2026-06-01 11:40:59,2026-06-01,Monday,11,Locker Issuing,HNI,Walk-in,L412,C1,2026-06-01 11:51:41,2026-06-01 12:24:32,10.7,32.85,18,0,4,Completed,False
VIS-20260601-100419,BR002,2026-06-01 11:01:00,2026-06-01,Monday,11,Aadhaar Linking,Senior Citizen,Walk-in,A558,C9,2026-06-01 11:04:28,2026-06-01 11:11:08,3.48,6.66,18,0,9,Completed,False
VIS-20260601-100420,BR002,2026-06-01 11:17:31,2026-06-01,Monday,11,Cheque Withdrawal,Regular,Walk-in,C967,C12,2026-06-01 11:18:01,2026-06-01 11:22:32,0.5,4.52,18,0,5,Completed,False
VIS-20260601-100421,BR002,2026-06-01 12:27:49,2026-06-01,Monday,12,KYC Related,Regular,Walk-in,K145,C2,2026-06-01 12:31:04,2026-06-01 12:45:10,3.26,14.1,18,0,4,Completed,False
VIS-20260601-100422,BR002,2026-06-01 12:21:17,2026-06-01,Monday,12,Deposit,Regular,Walk-in,D815,C11,2026-06-01 12:22:14,2026-06-01 12:28:24,0.96,6.16,18,0,6,Completed,False
VIS-20260601-100423,BR002,2026-06-01 12:03:02,2026-06-01,Monday,12,Loans - Payment and Sanctioning,Regular,Booked,L849,C5,2026-06-01 12:03:14,2026-06-01 12:47:58,0.2,44.74,18,0,0,Completed,False
VIS-20260601-100424,BR002,2026-06-01 12:31:38,2026-06-01,Monday,12,Cheque Withdrawal,Regular,Walk-in,C157,C3,2026-06-01 12:32:08,2026-06-01 12:35:45,0.5,3.62,18,0,7,Completed,False
VIS-20260601-100425,BR002,2026-06-01 12:25:37,2026-06-01,Monday,12,Debit Card,Regular,Walk-in,D792,C9,2026-06-01 12:29:46,2026-06-01 12:35:53,4.15,6.13,18,0,7,Completed,False
VIS-20260601-100426,BR002,2026-06-01 12:03:41,2026-06-01,Monday,12,Loans - Payment and Sanctioning,Regular,Walk-in,L880,C4,2026-06-01 12:11:03,2026-06-01 12:42:49,7.37,31.77,18,0,4,Completed,False
VIS-20260601-100427,BR002,2026-06-01 12:47:46,2026-06-01,Monday,12,Credit Card,Corporate,Walk-in,C648,C11,2026-06-01 12:50:31,2026-06-01 12:58:50,2.75,8.33,18,0,6,Completed,False
VIS-20260601-100428,BR002,2026-06-01 12:20:01,2026-06-01,Monday,12,Deposit,Regular,Walk-in,D662,C5,2026-06-01 12:24:00,2026-06-01 12:28:59,3.99,4.98,18,0,5,Completed,False
VIS-20260601-100429,BR002,2026-06-01 12:11:39,2026-06-01,Monday,12,Deposit,Corporate,Walk-in,D929,C8,2026-06-01 12:14:12,2026-06-01 12:22:10,2.56,7.96,18,0,4,Completed,False
VIS-20260601-100430,BR002,2026-06-01 12:15:14,2026-06-01,Monday,12,KYC Related,Regular,Booked,K401,C13,2026-06-01 12:15:26,2026-06-01 12:23:45,0.2,8.33,18,0,0,Completed,False
VIS-20260601-100431,BR002,2026-06-01 12:46:52,2026-06-01,Monday,12,Credit Card,Regular,Walk-in,C497,C3,2026-06-01 12:49:04,2026-06-01 12:55:13,2.2,6.16,18,0,8,Completed,False
VIS-20260601-100432,BR002,2026-06-01 12:41:41,2026-06-01,Monday,12,Account Opening,Regular,Walk-in,A544,C12,2026-06-01 12:56:53,2026-06-01 13:21:08,15.21,24.24,18,0,8,Completed,False
VIS-20260601-100433,BR002,2026-06-01 12:01:19,2026-06-01,Monday,12,Deposit,Regular,Walk-in,D960,C2,2026-06-01 12:03:34,2026-06-01 12:07:37,2.26,4.04,18,0,8,Completed,False
VIS-20260601-100434,BR002,2026-06-01 12:05:52,2026-06-01,Monday,12,Cheque Withdrawal,Regular,Walk-in,C420,C9,2026-06-01 12:09:16,2026-06-01 12:12:40,3.41,3.39,18,0,2,Completed,False
VIS-20260601-100435,BR002,2026-06-01 12:27:19,2026-06-01,Monday,12,Deposit,Regular,Walk-in,D302,C2,2026-06-01 12:30:32,2026-06-01 12:36:52,3.22,6.34,18,0,4,Completed,False
VIS-20260601-100436,BR002,2026-06-01 12:16:37,2026-06-01,Monday,12,Money Transfer,Corporate,Walk-in,M513,C2,2026-06-01 12:19:03,2026-06-01 12:24:25,2.44,5.37,18,0,5,Completed,False
VIS-20260601-100437,BR002,2026-06-01 12:42:30,2026-06-01,Monday,12,Withdrawal,Regular,Walk-in,W491,C5,2026-06-01 12:45:27,2026-06-01 12:48:12,2.95,2.75,18,0,5,Completed,False
VIS-20260601-100438,BR002,2026-06-01 12:42:43,2026-06-01,Monday,12,Deposit,Regular,Walk-in,D446,C13,2026-06-01 12:48:27,2026-06-01 12:55:31,5.74,7.07,18,0,9,Completed,False
VIS-20260601-100439,BR002,2026-06-01 12:21:33,2026-06-01,Monday,12,KYC Related,Regular,Walk-in,K477,C7,2026-06-01 12:31:07,2026-06-01 12:44:57,9.57,13.83,18,0,8,Completed,False
VIS-20260601-100440,BR002,2026-06-01 12:40:15,2026-06-01,Monday,12,Deposit,Regular,Booked,D397,C9,2026-06-01 12:41:07,2026-06-01 12:48:33,0.88,7.43,18,0,0,Completed,False
VIS-20260601-100441,BR002,2026-06-01 12:58:34,2026-06-01,Monday,12,Deposit,Regular,Walk-in,D965,C13,2026-06-01 13:03:11,2026-06-01 13:10:13,4.63,7.02,18,0,4,Completed,False
VIS-20260601-100442,BR002,2026-06-01 12:58:28,2026-06-01,Monday,12,Account Opening,Regular,Booked,A613,C2,2026-06-01 12:58:40,2026-06-01 13:19:29,0.2,20.83,18,0,1,Completed,False
VIS-20260601-100443,BR002,2026-06-01 12:35:05,2026-06-01,Monday,12,Withdrawal,Regular,Walk-in,W391,C1,2026-06-01 12:35:35,2026-06-01 12:39:03,0.5,3.47,18,0,4,Completed,False
VIS-20260601-100444,BR002,2026-06-01 12:11:03,2026-06-01,Monday,12,PAN Linking,Regular,Walk-in,P367,C2,2026-06-01 12:15:30,2026-06-01 12:21:54,4.45,6.4,18,0,6,Completed,False
VIS-20260601-100445,BR002,2026-06-01 12:30:40,2026-06-01,Monday,12,Debit Card,Regular,Walk-in,D997,C14,2026-06-01 12:34:10,2026-06-01 12:39:11,3.5,5.03,18,0,5,Completed,False
VIS-20260601-100446,BR002,2026-06-01 12:05:14,2026-06-01,Monday,12,Deposit,Senior Citizen,Walk-in,D361,C1,2026-06-01 12:08:26,2026-06-01 12:13:06,3.21,4.67,18,0,7,Completed,False
VIS-20260601-100447,BR002,2026-06-01 12:05:05,2026-06-01,Monday,12,Cheque Withdrawal,Senior Citizen,Walk-in,C751,C9,2026-06-01 12:06:20,2026-06-01 12:11:38,1.25,5.31,18,0,4,Completed,False
VIS-20260601-100448,BR002,2026-06-01 12:55:46,2026-06-01,Monday,12,Money Transfer,Regular,Walk-in,M559,C12,2026-06-01 12:56:44,2026-06-01 13:01:42,0.97,4.97,18,0,5,Completed,False
VIS-20260601-100449,BR002,2026-06-01 12:26:18,2026-06-01,Monday,12,Withdrawal,Regular,Walk-in,W201,C6,2026-06-01 12:29:27,2026-06-01 12:33:40,3.15,4.22,18,0,8,Completed,False
VIS-20260601-100450,BR002,2026-06-01 12:57:44,2026-06-01,Monday,12,Debit Card,HNI,Walk-in,D416,C8,2026-06-01 13:05:30,2026-06-01 13:15:04,7.78,9.56,18,0,9,Completed,False
VIS-20260601-100451,BR002,2026-06-01 12:56:02,2026-06-01,Monday,12,Aadhaar Linking,Regular,Walk-in,A814,C11,2026-06-01 12:59:12,2026-06-01 13:06:57,3.17,7.75,18,0,4,Completed,False
VIS-20260601-100452,BR002,2026-06-01 12:38:48,2026-06-01,Monday,12,Loans - Payment and Sanctioning,Regular,Walk-in,L224,C10,2026-06-01 13:02:54,2026-06-01 13:46:45,24.1,43.86,18,0,8,Completed,True
VIS-20260601-100453,BR002,2026-06-01 12:30:34,2026-06-01,Monday,12,Debit Card,Senior Citizen,Walk-in,D731,C10,2026-06-01 12:34:33,2026-06-01 12:43:59,3.99,9.43,18,0,6,Completed,False
VIS-20260601-100454,BR002,2026-06-01 12:07:24,2026-06-01,Monday,12,Cheque Withdrawal,Regular,Walk-in,C790,C1,2026-06-01 12:11:25,2026-06-01 12:14:54,4.03,3.47,18,0,7,Completed,False
VIS-20260601-100455,BR002,2026-06-01 12:43:53,2026-06-01,Monday,12,Account Opening,Regular,Walk-in,A850,C7,2026-06-01 12:54:20,2026-06-01 13:13:06,10.45,18.77,18,0,6,Completed,False
VIS-20260601-100456,BR002,2026-06-01 12:23:53,2026-06-01,Monday,12,Credit Card,Regular,Walk-in,C319,C12,2026-06-01 12:28:29,2026-06-01 12:36:29,4.61,8.0,18,0,8,Completed,False
VIS-20260601-100457,BR002,2026-06-01 12:42:50,2026-06-01,Monday,12,KYC Related,Regular,Booked,K296,C11,2026-06-01 12:43:05,2026-06-01 12:54:19,0.25,11.24,18,0,0,Completed,False
VIS-20260601-100458,BR002,2026-06-01 12:46:15,2026-06-01,Monday,12,KYC Related,Regular,Walk-in,K780,C12,2026-06-01 12:51:51,2026-06-01 13:03:49,5.61,11.96,18,0,5,Completed,False
VIS-20260601-100459,BR002,2026-06-01 12:11:27,2026-06-01,Monday,12,Account Opening,Regular,Walk-in,A476,C5,2026-06-01 12:24:48,2026-06-01 12:44:17,13.35,19.49,18,0,8,Completed,False
VIS-20260601-100460,BR002,2026-06-01 12:53:25,2026-06-01,Monday,12,Loans - Payment and Sanctioning,HNI,Walk-in,L354,C4,2026-06-01 13:01:20,2026-06-01 13:27:58,7.92,26.63,18,0,5,Completed,False
VIS-20260601-100461,BR002,2026-06-01 12:00:40,2026-06-01,Monday,12,Withdrawal,Senior Citizen,Walk-in,W115,C3,2026-06-01 12:03:38,2026-06-01 12:07:23,2.97,3.75,18,0,9,Completed,False
VIS-20260601-100462,BR002,2026-06-01 13:52:22,2026-06-01,Monday,13,Withdrawal,Senior Citizen,Walk-in,W650,C4,2026-06-01 13:53:35,2026-06-01 13:56:47,1.23,3.2,18,0,3,Completed,False
VIS-20260601-100463,BR002,2026-06-01 13:31:52,2026-06-01,Monday,13,Locker Issuing,Regular,Walk-in,L110,C7,2026-06-01 13:48:47,2026-06-01 14:19:40,16.93,30.88,18,0,7,Completed,False
VIS-20260601-100464,BR002,2026-06-01 13:08:12,2026-06-01,Monday,13,Locker Issuing,Regular,Walk-in,L676,C14,2026-06-01 13:17:44,2026-06-01 13:41:58,9.54,24.23,18,0,5,Completed,False
VIS-20260601-100465,BR002,2026-06-01 13:31:19,2026-06-01,Monday,13,Money Transfer,Regular,Walk-in,M214,C12,2026-06-01 13:34:08,2026-06-01 13:41:02,2.83,6.89,18,0,5,Completed,False
VIS-20260601-100466,BR002,2026-06-01 13:28:48,2026-06-01,Monday,13,KYC Related,Regular,Walk-in,K532,C6,2026-06-01 13:30:55,2026-06-01 13:41:07,2.12,10.21,18,0,4,Completed,False
VIS-20260601-100467,BR002,2026-06-01 13:53:50,2026-06-01,Monday,13,PAN Linking,Senior Citizen,Walk-in,P898,C12,2026-06-01 13:56:33,2026-06-01 14:04:03,2.72,7.5,18,0,3,Completed,False
VIS-20260601-100468,BR002,2026-06-01 13:49:25,2026-06-01,Monday,13,PAN Linking,Regular,Booked,P830,C4,2026-06-01 13:49:37,2026-06-01 13:59:15,0.2,9.64,18,0,0,Completed,False
VIS-20260601-100469,BR002,2026-06-01 13:09:54,2026-06-01,Monday,13,Deposit,Senior Citizen,Walk-in,D576,C2,2026-06-01 13:10:42,2026-06-01 13:16:30,0.8,5.8,18,0,6,Completed,False
VIS-20260601-100470,BR002,2026-06-01 13:29:07,2026-06-01,Monday,13,Loans - Payment and Sanctioning,Senior Citizen,Walk-in,L180,C9,2026-06-01 13:37:05,2026-06-01 14:13:32,7.98,36.45,18,0,3,Completed,False
VIS-20260601-100471,BR002,2026-06-01 13:55:38,2026-06-01,Monday,13,Credit Card,HNI,Booked,C135,C4,2026-06-01 13:55:50,2026-06-01 14:01:41,0.2,5.86,18,0,0,Completed,False
VIS-20260601-100472,BR002,2026-06-01 13:58:19,2026-06-01,Monday,13,Withdrawal,Senior Citizen,Walk-in,W362,C2,2026-06-01 14:01:59,2026-06-01 14:05:25,3.68,3.42,18,0,5,Completed,False
VIS-20260601-100473,BR002,2026-06-01 13:17:26,2026-06-01,Monday,13,KYC Related,Regular,Walk-in,K448,C6,2026-06-01 13:22:42,2026-06-01 13:31:18,5.28,8.6,18,0,5,Completed,False
VIS-20260601-100474,BR002,2026-06-01 13:37:04,2026-06-01,Monday,13,Withdrawal,Corporate,Walk-in,W124,C12,2026-06-01 13:38:26,2026-06-01 13:42:17,1.37,3.86,18,0,5,Completed,False
VIS-20260601-100475,BR002,2026-06-01 13:12:24,2026-06-01,Monday,13,Deposit,Regular,Walk-in,D401,C5,2026-06-01 13:13:28,2026-06-01 13:19:30,1.07,6.04,18,0,2,Completed,False
VIS-20260601-100476,BR002,2026-06-01 13:13:20,2026-06-01,Monday,13,Deposit,Senior Citizen,Walk-in,D336,C7,2026-06-01 13:14:30,2026-06-01 13:18:31,1.18,4.01,18,0,4,Completed,False
VIS-20260601-100477,BR002,2026-06-01 13:16:29,2026-06-01,Monday,13,Loans - Payment and Sanctioning,Regular,Walk-in,L740,C2,2026-06-01 13:30:53,2026-06-01 14:04:25,14.4,33.54,18,0,6,Completed,False
VIS-20260601-100478,BR002,2026-06-01 13:52:54,2026-06-01,Monday,13,Deposit,Regular,Walk-in,D543,C5,2026-06-01 13:55:33,2026-06-01 14:00:09,2.65,4.6,18,0,6,Completed,False
VIS-20260601-100479,BR002,2026-06-01 13:49:37,2026-06-01,Monday,13,Insurance,Senior Citizen,Walk-in,I459,C12,2026-06-01 13:58:35,2026-06-01 14:27:20,8.97,28.76,18,0,5,Completed,False
VIS-20260601-100480,BR002,2026-06-01 13:48:04,2026-06-01,Monday,13,KYC Related,Regular,Walk-in,K363,C11,2026-06-01 13:51:17,2026-06-01 14:01:56,3.22,10.65,18,0,3,Completed,False
VIS-20260601-100481,BR002,2026-06-01 13:46:25,2026-06-01,Monday,13,Withdrawal,Senior Citizen,Walk-in,W771,C10,2026-06-01 13:46:55,2026-06-01 13:51:40,0.5,4.75,18,0,2,Completed,False
VIS-20260601-100482,BR002,2026-06-01 13:06:55,2026-06-01,Monday,13,Deposit,Senior Citizen,Walk-in,D371,C13,2026-06-01 13:12:13,2026-06-01 13:19:19,5.3,7.11,18,0,5,Completed,False
VIS-20260601-100483,BR002,2026-06-01 13:30:45,2026-06-01,Monday,13,Loans - Payment and Sanctioning,Regular,Booked,L720,C2,2026-06-01 13:30:57,2026-06-01 14:11:58,0.2,41.02,18,0,0,Completed,False
VIS-20260601-100484,BR002,2026-06-01 13:24:54,2026-06-01,Monday,13,Deposit,Regular,Walk-in,D696,C4,2026-06-01 13:25:24,2026-06-01 13:30:00,0.5,4.61,18,0,5,Completed,False
VIS-20260601-100485,BR002,2026-06-01 13:08:55,2026-06-01,Monday,13,Credit Card,Regular,Walk-in,C400,C10,2026-06-01 13:10:52,2026-06-01 13:16:28,1.96,5.6,18,0,8,Completed,False
VIS-20260601-100486,BR002,2026-06-01 13:47:06,2026-06-01,Monday,13,Deposit,Senior Citizen,Walk-in,D344,C13,2026-06-01 13:47:59,2026-06-01 13:52:50,0.89,4.85,18,0,6,Completed,False
VIS-20260601-100487,BR002,2026-06-01 13:34:07,2026-06-01,Monday,13,Account Opening,Corporate,Walk-in,A684,C2,2026-06-01 13:37:08,2026-06-01 13:58:22,3.02,21.23,18,0,2,Completed,False
VIS-20260601-100488,BR002,2026-06-01 13:31:28,2026-06-01,Monday,13,Withdrawal,HNI,Walk-in,W244,C10,2026-06-01 13:31:58,2026-06-01 13:33:59,0.5,2.02,18,0,3,Completed,False
VIS-20260601-100489,BR002,2026-06-01 13:58:55,2026-06-01,Monday,13,Deposit,Regular,Walk-in,D184,C6,2026-06-01 13:59:49,2026-06-01 14:05:08,0.91,5.31,18,0,3,Completed,False
VIS-20260601-100490,BR002,2026-06-01 13:15:22,2026-06-01,Monday,13,Withdrawal,HNI,Walk-in,W814,C14,2026-06-01 13:19:13,2026-06-01 13:22:35,3.85,3.38,18,0,4,Completed,False
VIS-20260601-100491,BR002,2026-06-01 13:40:01,2026-06-01,Monday,13,KYC Related,HNI,Walk-in,K557,C11,2026-06-01 13:42:01,2026-06-01 13:54:52,2.01,12.84,18,0,3,Completed,False
VIS-20260601-100492,BR002,2026-06-01 14:27:35,2026-06-01,Monday,14,Deposit,HNI,Walk-in,D660,C3,2026-06-01 14:29:06,2026-06-01 14:33:24,1.52,4.31,18,0,7,Completed,False
VIS-20260601-100493,BR002,2026-06-01 14:52:58,2026-06-01,Monday,14,Insurance,Regular,Booked,I391,C11,2026-06-01 14:53:52,2026-06-01 15:16:11,0.91,22.32,18,0,0,Completed,False
VIS-20260601-100494,BR002,2026-06-01 14:55:44,2026-06-01,Monday,14,PAN Linking,Senior Citizen,Walk-in,P242,C3,2026-06-01 14:57:13,2026-06-01 15:05:51,1.49,8.64,18,0,4,Completed,False
VIS-20260601-100495,BR002,2026-06-01 14:16:10,2026-06-01,Monday,14,Money Transfer,Regular,Walk-in,M262,C6,2026-06-01 14:20:26,2026-06-01 14:25:39,4.27,5.22,18,0,7,Completed,False
VIS-20260601-100496,BR002,2026-06-01 14:16:06,2026-06-01,Monday,14,Withdrawal,Corporate,Walk-in,W455,C10,2026-06-01 14:18:30,2026-06-01 14:22:50,2.41,4.33,18,0,10,Completed,False
VIS-20260601-100497,BR002,2026-06-01 14:00:17,2026-06-01,Monday,14,Deposit,Regular,Booked,D452,C8,2026-06-01 14:00:29,2026-06-01 14:06:11,0.2,5.7,18,0,0,Completed,False
VIS-20260601-100498,BR002,2026-06-01 14:37:19,2026-06-01,Monday,14,Locker Issuing,Regular,Walk-in,L747,C3,2026-06-01 14:46:06,2026-06-01 15:08:50,8.79,22.74,18,0,5,Completed,False
VIS-20260601-100499,BR002,2026-06-01 14:17:19,2026-06-01,Monday,14,KYC Related,HNI,Walk-in,K477,C6,2026-06-01 14:25:35,2026-06-01 14:35:31,8.27,9.94,18,0,8,Completed,False
VIS-20260601-100500,BR002,2026-06-01 14:58:00,2026-06-01,Monday,14,Cheque Withdrawal,HNI,Walk-in,C834,C9,2026-06-01 15:00:56,2026-06-01 15:05:23,2.94,4.45,18,0,8,Completed,False
VIS-20260601-100501,BR002,2026-06-01 14:50:07,2026-06-01,Monday,14,Cheque Withdrawal,HNI,Booked,C539,C3,2026-06-01 14:50:19,2026-06-01 14:54:35,0.2,4.28,18,0,1,Completed,False
VIS-20260601-100502,BR002,2026-06-01 14:11:01,2026-06-01,Monday,14,Withdrawal,HNI,Walk-in,W587,C3,2026-06-01 14:13:49,2026-06-01 14:18:47,2.81,4.97,18,0,6,Completed,False
VIS-20260601-100503,BR002,2026-06-01 14:18:33,2026-06-01,Monday,14,Deposit,Corporate,Walk-in,D869,C7,2026-06-01 14:19:12,2026-06-01 14:24:35,0.65,5.39,18,0,7,Completed,False
VIS-20260601-100504,BR002,2026-06-01 14:35:08,2026-06-01,Monday,14,Cheque Withdrawal,Senior Citizen,Walk-in,C974,C1,2026-06-01 14:37:39,2026-06-01 14:40:47,2.52,3.14,18,0,6,Completed,False
VIS-20260601-100505,BR002,2026-06-01 14:38:32,2026-06-01,Monday,14,Account Opening,Regular,Walk-in,A104,C11,2026-06-01 14:45:26,2026-06-01 15:06:14,6.91,20.8,18,0,4,Completed,False
VIS-20260601-100506,BR002,2026-06-01 14:45:51,2026-06-01,Monday,14,Credit Card,Senior Citizen,Walk-in,C150,C12,2026-06-01 14:48:00,2026-06-01 14:54:43,2.15,6.73,18,0,8,Completed,False
VIS-20260601-100507,BR002,2026-06-01 14:10:31,2026-06-01,Monday,14,Money Transfer,Regular,Walk-in,M115,C13,2026-06-01 14:11:19,2026-06-01 14:18:10,0.81,6.84,18,0,5,Completed,False
VIS-20260601-100508,BR002,2026-06-01 14:43:58,2026-06-01,Monday,14,Deposit,Regular,Walk-in,D908,C10,2026-06-01 14:48:49,2026-06-01 14:56:01,4.86,7.19,18,0,8,Completed,False
VIS-20260601-100509,BR002,2026-06-01 14:53:32,2026-06-01,Monday,14,Money Transfer,Regular,Walk-in,M272,C7,2026-06-01 14:58:59,2026-06-01 15:04:45,5.45,5.77,18,0,7,Completed,False
VIS-20260601-100510,BR002,2026-06-01 14:50:02,2026-06-01,Monday,14,Deposit,Senior Citizen,Walk-in,D132,C1,2026-06-01 14:54:16,2026-06-01 15:00:28,4.24,6.2,18,0,9,Completed,False
VIS-20260601-100511,BR002,2026-06-01 14:14:30,2026-06-01,Monday,14,KYC Related,Regular,Booked,K490,C1,2026-06-01 14:14:42,2026-06-01 14:25:07,0.2,10.43,18,0,2,Completed,False
VIS-20260601-100512,BR002,2026-06-01 14:32:32,2026-06-01,Monday,14,Money Transfer,Regular,Walk-in,M219,C6,2026-06-01 14:34:33,2026-06-01 14:40:50,2.02,6.29,18,0,3,Completed,False
VIS-20260601-100513,BR002,2026-06-01 14:05:49,2026-06-01,Monday,14,Deposit,Regular,Walk-in,D697,C10,2026-06-01 14:11:49,2026-06-01 14:19:29,6.01,7.67,18,0,6,Completed,False
VIS-20260601-100514,BR002,2026-06-01 14:45:29,2026-06-01,Monday,14,PAN Linking,Regular,Walk-in,P696,C1,2026-06-01 14:47:39,2026-06-01 14:54:19,2.18,6.66,18,0,5,Completed,False
VIS-20260601-100515,BR002,2026-06-01 14:15:25,2026-06-01,Monday,14,Withdrawal,Corporate,Walk-in,W920,C11,2026-06-01 14:17:26,2026-06-01 14:20:10,2.02,2.74,18,0,5,Completed,False
VIS-20260601-100516,BR002,2026-06-01 14:49:01,2026-06-01,Monday,14,Cheque Withdrawal,Regular,Walk-in,C334,C12,2026-06-01 14:49:50,2026-06-01 14:54:07,0.83,4.28,18,0,5,Completed,False
VIS-20260601-100517,BR002,2026-06-01 14:08:36,2026-06-01,Monday,14,Aadhaar Linking,HNI,Walk-in,A772,C14,2026-06-01 14:11:43,2026-06-01 14:21:41,3.13,9.96,18,0,5,Completed,False
VIS-20260601-100518,BR002,2026-06-01 14:11:51,2026-06-01,Monday,14,KYC Related,Senior Citizen,Walk-in,K431,C13,2026-06-01 14:22:34,2026-06-01 14:36:51,10.72,14.28,18,0,9,Completed,False
VIS-20260601-100519,BR002,2026-06-01 14:31:05,2026-06-01,Monday,14,KYC Related,Regular,Walk-in,K714,C13,2026-06-01 14:39:15,2026-06-01 14:51:50,8.17,12.59,18,0,6,Completed,False
VIS-20260601-100520,BR002,2026-06-01 14:05:47,2026-06-01,Monday,14,Debit Card,HNI,Booked,D739,C3,2026-06-01 14:06:47,2026-06-01 14:13:36,1.0,6.83,18,0,0,Completed,False
VIS-20260601-100521,BR002,2026-06-01 14:07:40,2026-06-01,Monday,14,Aadhaar Linking,Regular,Walk-in,A645,C12,2026-06-01 14:11:36,2026-06-01 14:23:21,3.94,11.75,18,0,5,Completed,False
VIS-20260601-100522,BR002,2026-06-01 14:59:34,2026-06-01,Monday,14,Debit Card,Regular,Walk-in,D654,C8,2026-06-01 15:06:15,2026-06-01 15:15:54,6.69,9.65,18,0,8,Completed,False
VIS-20260601-100523,BR002,2026-06-01 14:03:24,2026-06-01,Monday,14,Deposit,Regular,Booked,D711,C12,2026-06-01 14:03:49,2026-06-01 14:11:25,0.42,7.61,18,0,0,Completed,False
VIS-20260601-100524,BR002,2026-06-01 14:57:07,2026-06-01,Monday,14,Debit Card,HNI,Walk-in,D503,C11,2026-06-01 15:00:12,2026-06-01 15:08:34,3.09,8.36,18,0,7,Completed,False
VIS-20260601-100525,BR002,2026-06-01 14:24:27,2026-06-01,Monday,14,Withdrawal,Regular,Walk-in,W882,C12,2026-06-01 14:24:57,2026-06-01 14:27:36,0.5,2.65,18,0,6,Completed,False
VIS-20260601-100526,BR002,2026-06-01 14:00:44,2026-06-01,Monday,14,Insurance,Regular,Walk-in,I268,C3,2026-06-01 14:11:23,2026-06-01 14:38:46,10.65,27.39,18,0,6,Completed,False
VIS-20260601-100527,BR002,2026-06-01 14:17:53,2026-06-01,Monday,14,Withdrawal,Regular,Walk-in,W626,C10,2026-06-01 14:18:23,2026-06-01 14:21:11,0.5,2.8,18,0,8,Completed,False
VIS-20260601-100528,BR002,2026-06-01 14:40:42,2026-06-01,Monday,14,Account Opening,Regular,Walk-in,A560,C10,2026-06-01 14:48:00,2026-06-01 15:09:32,7.3,21.54,18,0,6,Completed,False
VIS-20260601-100529,BR002,2026-06-01 14:07:22,2026-06-01,Monday,14,Withdrawal,Regular,Walk-in,W716,C12,2026-06-01 14:08:01,2026-06-01 14:12:44,0.66,4.71,18,0,4,Completed,False
VIS-20260601-100530,BR002,2026-06-01 14:16:34,2026-06-01,Monday,14,Aadhaar Linking,Regular,Walk-in,A999,C2,2026-06-01 14:19:04,2026-06-01 14:26:46,2.51,7.7,18,0,8,Completed,False
VIS-20260601-100531,BR002,2026-06-01 14:02:00,2026-06-01,Monday,14,Withdrawal,Regular,Walk-in,W295,C2,2026-06-01 14:02:30,2026-06-01 14:04:46,0.5,2.28,18,0,5,Completed,False
VIS-20260601-100532,BR002,2026-06-01 14:25:30,2026-06-01,Monday,14,Credit Card,Senior Citizen,Walk-in,C557,C6,2026-06-01 14:28:57,2026-06-01 14:35:52,3.46,6.92,18,0,4,Completed,False
VIS-20260601-100533,BR002,2026-06-01 14:00:21,2026-06-01,Monday,14,Credit Card,Regular,Booked,C558,C2,2026-06-01 14:00:33,2026-06-01 14:10:16,0.2,9.73,18,0,2,Completed,False
VIS-20260601-100534,BR002,2026-06-01 14:03:36,2026-06-01,Monday,14,Deposit,Regular,Walk-in,D949,C14,2026-06-01 14:06:36,2026-06-01 14:10:40,3.01,4.07,18,0,7,Completed,False
VIS-20260601-100535,BR002,2026-06-01 14:01:34,2026-06-01,Monday,14,Withdrawal,Regular,Walk-in,W300,C10,2026-06-01 14:04:41,2026-06-01 14:08:25,3.12,3.74,18,0,6,Completed,False
VIS-20260601-100536,BR002,2026-06-01 14:12:05,2026-06-01,Monday,14,Account Opening,Senior Citizen,Walk-in,A351,C5,2026-06-01 14:23:40,2026-06-01 14:42:31,11.59,18.85,18,0,7,Completed,False
VIS-20260601-100537,BR002,2026-06-01 14:58:29,2026-06-01,Monday,14,Aadhaar Linking,Regular,Booked,A742,C13,2026-06-01 14:58:41,2026-06-01 15:10:37,0.2,11.94,18,0,2,Completed,False
VIS-20260601-100538,BR002,2026-06-01 14:40:47,2026-06-01,Monday,14,Credit Card,Regular,Walk-in,C575,C1,2026-06-01 14:41:17,2026-06-01 14:49:25,0.5,8.14,18,0,3,Completed,False
VIS-20260601-100539,BR002,2026-06-01 15:31:40,2026-06-01,Monday,15,KYC Related,Regular,Walk-in,K643,C9,2026-06-01 15:35:37,2026-06-01 15:44:31,3.96,8.9,18,0,7,Completed,False
VIS-20260601-100540,BR002,2026-06-01 15:07:05,2026-06-01,Monday,15,Debit Card,HNI,Walk-in,D471,C14,2026-06-01 15:10:16,2026-06-01 15:15:51,3.19,5.58,18,0,8,Completed,False
VIS-20260601-100541,BR002,2026-06-01 15:06:34,2026-06-01,Monday,15,Loans - Payment and Sanctioning,Corporate,Walk-in,L816,C13,2026-06-01 15:21:55,2026-06-01 15:53:08,15.35,31.22,18,0,7,Completed,False
VIS-20260601-100542,BR002,2026-06-01 15:01:03,2026-06-01,Monday,15,Deposit,HNI,Booked,D194,C3,2026-06-01 15:01:15,2026-06-01 15:09:10,0.2,7.92,18,0,0,Completed,False
VIS-20260601-100543,BR002,2026-06-01 15:21:16,2026-06-01,Monday,15,Withdrawal,Regular,Walk-in,W500,C2,2026-06-01 15:22:06,2026-06-01 15:27:03,0.84,4.95,18,0,7,Completed,False
VIS-20260601-100544,BR002,2026-06-01 15:16:36,2026-06-01,Monday,15,Money Transfer,Regular,Walk-in,M999,C10,2026-06-01 15:17:06,2026-06-01 15:20:22,0.5,3.27,18,0,7,Completed,False
VIS-20260601-100545,BR002,2026-06-01 15:01:21,2026-06-01,Monday,15,Withdrawal,Regular,Walk-in,W212,C7,2026-06-01 15:01:51,2026-06-01 15:05:33,0.5,3.71,18,0,5,Completed,False
VIS-20260601-100546,BR002,2026-06-01 15:22:15,2026-06-01,Monday,15,Credit Card,Senior Citizen,Walk-in,C912,C11,2026-06-01 15:27:55,2026-06-01 15:36:48,5.67,8.88,18,0,6,Completed,False
VIS-20260601-100547,BR002,2026-06-01 15:03:29,2026-06-01,Monday,15,Money Transfer,Regular,Walk-in,M286,C1,2026-06-01 15:06:14,2026-06-01 15:10:40,2.76,4.43,18,0,5,Completed,False
VIS-20260601-100548,BR002,2026-06-01 15:53:15,2026-06-01,Monday,15,Deposit,Corporate,Walk-in,D455,C13,2026-06-01 15:58:57,2026-06-01 16:05:18,5.7,6.36,18,0,7,Completed,False
VIS-20260601-100549,BR002,2026-06-01 15:35:04,2026-06-01,Monday,15,Deposit,Regular,Walk-in,D329,C6,2026-06-01 15:36:35,2026-06-01 15:40:49,1.52,4.23,18,0,8,Completed,False
VIS-20260601-100550,BR002,2026-06-01 15:02:43,2026-06-01,Monday,15,KYC Related,Regular,Walk-in,K882,C13,2026-06-01 15:08:53,2026-06-01 15:23:01,6.18,14.12,18,0,6,Completed,False
VIS-20260601-100551,BR002,2026-06-01 15:26:26,2026-06-01,Monday,15,Deposit,Senior Citizen,Walk-in,D572,C11,2026-06-01 15:26:56,2026-06-01 15:31:51,0.5,4.92,18,0,6,Completed,False
VIS-20260601-100552,BR002,2026-06-01 15:28:11,2026-06-01,Monday,15,Money Transfer,Regular,Walk-in,M443,C11,2026-06-01 15:29:19,2026-06-01 15:35:40,1.14,6.35,18,0,6,Completed,False
VIS-20260601-100553,BR002,2026-06-01 15:50:16,2026-06-01,Monday,15,Aadhaar Linking,Senior Citizen,Walk-in,A307,C11,2026-06-01 15:54:23,2026-06-01 16:05:41,4.13,11.29,18,0,7,Completed,False
VIS-20260601-100554,BR002,2026-06-01 15:49:54,2026-06-01,Monday,15,Deposit,Regular,Booked,D949,C14,2026-06-01 15:50:06,2026-06-01 15:54:45,0.2,4.66,18,0,3,Completed,False
VIS-20260601-100555,BR002,2026-06-01 15:46:25,2026-06-01,Monday,15,Account Opening,Regular,Walk-in,A215,C13,2026-06-01 15:54:22,2026-06-01 16:10:19,7.96,15.94,18,0,8,Completed,False
VIS-20260601-100556,BR002,2026-06-01 15:04:21,2026-06-01,Monday,15,Withdrawal,HNI,Walk-in,W447,C4,2026-06-01 15:08:58,2026-06-01 15:13:31,4.62,4.55,18,0,7,Completed,False
VIS-20260601-100557,BR002,2026-06-01 15:43:06,2026-06-01,Monday,15,KYC Related,Regular,Walk-in,K213,C6,2026-06-01 15:48:45,2026-06-01 16:02:41,5.65,13.94,18,0,5,Completed,False
VIS-20260601-100558,BR002,2026-06-01 15:09:52,2026-06-01,Monday,15,Cheque Withdrawal,Corporate,Walk-in,C298,C11,2026-06-01 15:10:53,2026-06-01 15:14:59,1.03,4.09,18,0,4,Completed,False
VIS-20260601-100559,BR002,2026-06-01 15:39:13,2026-06-01,Monday,15,Cheque Withdrawal,Regular,Booked,C197,C9,2026-06-01 15:39:37,2026-06-01 15:42:55,0.41,3.29,18,0,3,Completed,False
VIS-20260601-100560,BR002,2026-06-01 15:09:55,2026-06-01,Monday,15,Other,Senior Citizen,Walk-in,O931,C14,2026-06-01 15:15:56,2026-06-01 15:29:43,6.02,13.79,18,0,7,Completed,False
VIS-20260601-100561,BR002,2026-06-01 15:43:05,2026-06-01,Monday,15,Money Transfer,Corporate,Walk-in,M809,C4,2026-06-01 15:43:41,2026-06-01 15:47:05,0.6,3.4,18,0,7,Completed,False
VIS-20260601-100562,BR002,2026-06-01 15:18:00,2026-06-01,Monday,15,Money Transfer,Regular,Walk-in,M826,C6,2026-06-01 15:22:48,2026-06-01 15:26:05,4.8,3.29,18,0,8,Completed,False
VIS-20260601-100563,BR002,2026-06-01 15:40:23,2026-06-01,Monday,15,Money Transfer,Senior Citizen,Walk-in,M306,C7,2026-06-01 15:42:51,2026-06-01 15:49:34,2.48,6.71,18,0,8,Completed,False
VIS-20260601-100564,BR002,2026-06-01 15:28:53,2026-06-01,Monday,15,Deposit,Regular,Walk-in,D591,C12,2026-06-01 15:32:04,2026-06-01 15:36:14,3.19,4.17,18,0,6,Completed,False
VIS-20260601-100565,BR002,2026-06-01 15:17:07,2026-06-01,Monday,15,Debit Card,Corporate,Walk-in,D276,C4,2026-06-01 15:23:23,2026-06-01 15:30:06,6.27,6.72,18,0,10,Completed,False
VIS-20260601-100566,BR002,2026-06-01 15:00:03,2026-06-01,Monday,15,Aadhaar Linking,Regular,Walk-in,A494,C5,2026-06-01 15:02:44,2026-06-01 15:09:30,2.69,6.77,18,0,9,Completed,False
VIS-20260601-100567,BR002,2026-06-01 15:14:13,2026-06-01,Monday,15,Locker Issuing,Regular,Walk-in,L737,C10,2026-06-01 15:25:48,2026-06-01 16:00:08,11.59,34.34,18,0,4,Completed,False
VIS-20260601-100568,BR002,2026-06-01 15:28:40,2026-06-01,Monday,15,Cheque Withdrawal,Corporate,Booked,C964,C1,2026-06-01 15:29:04,2026-06-01 15:33:01,0.41,3.95,18,0,3,Completed,False
VIS-20260601-100569,BR002,2026-06-01 15:53:50,2026-06-01,Monday,15,PAN Linking,Corporate,Walk-in,P362,C3,2026-06-01 15:59:00,2026-06-01 16:09:21,5.18,10.35,18,0,7,Completed,False
VIS-20260601-100570,BR002,2026-06-01 15:03:40,2026-06-01,Monday,15,Aadhaar Linking,HNI,Booked,A179,C1,2026-06-01 15:03:52,2026-06-01 15:14:30,0.2,10.64,18,0,1,Completed,False
VIS-20260601-100571,BR002,2026-06-01 15:39:55,2026-06-01,Monday,15,Deposit,Corporate,Walk-in,D147,C5,2026-06-01 15:40:46,2026-06-01 15:46:20,0.86,5.57,18,0,5,Completed,False
VIS-20260601-100572,BR002,2026-06-01 15:37:21,2026-06-01,Monday,15,KYC Related,Senior Citizen,Walk-in,K962,C10,2026-06-01 15:39:21,2026-06-01 15:50:09,2.0,10.8,18,0,4,Completed,False
VIS-20260601-100573,BR002,2026-06-01 15:22:13,2026-06-01,Monday,15,Account Opening,Regular,Booked,A287,C12,2026-06-01 15:24:20,2026-06-01 15:47:04,2.12,22.73,18,0,2,Completed,False
VIS-20260601-100574,BR002,2026-06-01 15:38:00,2026-06-01,Monday,15,Deposit,Senior Citizen,Walk-in,D519,C10,2026-06-01 15:39:52,2026-06-01 15:44:56,1.87,5.07,18,0,4,Completed,False
VIS-20260601-100575,BR002,2026-06-01 15:52:46,2026-06-01,Monday,15,Cheque Withdrawal,Regular,Walk-in,C710,C3,2026-06-01 15:54:52,2026-06-01 15:59:04,2.1,4.2,18,0,8,Completed,False
VIS-20260601-100576,BR002,2026-06-01 15:35:36,2026-06-01,Monday,15,Deposit,Regular,Walk-in,D342,C5,2026-06-01 15:37:34,2026-06-01 15:42:14,1.98,4.66,18,0,7,Completed,False
VIS-20260601-100577,BR002,2026-06-01 15:29:16,2026-06-01,Monday,15,Credit Card,HNI,Walk-in,C371,C11,2026-06-01 15:32:01,2026-06-01 15:37:20,2.75,5.33,18,0,3,Completed,False
VIS-20260601-100578,BR002,2026-06-01 15:51:29,2026-06-01,Monday,15,Credit Card,Corporate,Walk-in,C749,C10,2026-06-01 15:54:51,2026-06-01 16:00:35,3.38,5.72,18,0,5,Completed,False
VIS-20260601-100579,BR002,2026-06-01 15:51:18,2026-06-01,Monday,15,Withdrawal,Senior Citizen,Walk-in,W504,C13,2026-06-01 15:54:26,2026-06-01 15:57:21,3.14,2.91,18,0,6,Completed,False
VIS-20260601-100580,BR002,2026-06-01 15:39:50,2026-06-01,Monday,15,Money Transfer,Regular,Walk-in,M574,C3,2026-06-01 15:41:54,2026-06-01 15:45:13,2.07,3.32,18,0,4,Completed,False
VIS-20260601-100581,BR002,2026-06-01 15:39:47,2026-06-01,Monday,15,Credit Card,Regular,Walk-in,C187,C5,2026-06-01 15:43:11,2026-06-01 15:48:28,3.41,5.28,18,0,4,Completed,False
VIS-20260601-100582,BR002,2026-06-01 15:14:57,2026-06-01,Monday,15,Account Opening,Regular,Walk-in,A715,C6,2026-06-01 15:20:01,2026-06-01 15:41:39,5.07,21.63,18,0,4,Completed,False
VIS-20260601-100583,BR002,2026-06-01 15:20:16,2026-06-01,Monday,15,Withdrawal,Corporate,Walk-in,W956,C4,2026-06-01 15:23:31,2026-06-01 15:25:57,3.25,2.44,18,0,8,Completed,False
VIS-20260601-100584,BR002,2026-06-01 15:28:11,2026-06-01,Monday,15,KYC Related,Regular,Walk-in,K735,C11,2026-06-01 15:31:11,2026-06-01 15:42:27,3.0,11.28,18,0,6,Completed,False
VIS-20260601-100585,BR002,2026-06-01 15:29:35,2026-06-01,Monday,15,Loans - Payment and Sanctioning,Senior Citizen,Walk-in,L831,C8,2026-06-01 15:42:37,2026-06-01 16:11:54,13.04,29.28,18,0,7,Completed,False
VIS-20260601-100586,BR002,2026-06-01 16:38:05,2026-06-01,Monday,16,Cheque Withdrawal,Senior Citizen,Walk-in,C677,C14,2026-06-01 16:42:29,2026-06-01 16:46:03,4.41,3.57,18,0,7,Completed,False
VIS-20260601-100587,BR002,2026-06-01 16:05:32,2026-06-01,Monday,16,KYC Related,Regular,Walk-in,K644,C11,2026-06-01 16:10:18,2026-06-01 16:20:32,4.77,10.24,18,0,6,Completed,False
VIS-20260601-100588,BR002,2026-06-01 16:20:21,2026-06-01,Monday,16,Loans - Payment and Sanctioning,Regular,Walk-in,L571,C9,2026-06-01 16:31:30,2026-06-01 17:03:24,11.15,31.91,18,0,5,Completed,False
VIS-20260601-100589,BR002,2026-06-01 16:21:25,2026-06-01,Monday,16,Cheque Withdrawal,Regular,Walk-in,C791,C8,2026-06-01 16:25:53,2026-06-01 16:30:17,4.47,4.41,18,0,6,Completed,False
VIS-20260601-100590,BR002,2026-06-01 16:56:45,2026-06-01,Monday,16,Deposit,Regular,Walk-in,D519,C14,2026-06-01 17:00:40,2026-06-01 17:05:09,3.92,4.49,18,0,5,Completed,False
VIS-20260601-100591,BR002,2026-06-01 16:52:22,2026-06-01,Monday,16,Insurance,Senior Citizen,Walk-in,I365,C7,2026-06-01 16:54:03,2026-06-01 17:18:05,1.69,24.04,18,0,2,Completed,False
VIS-20260601-100592,BR002,2026-06-01 16:47:13,2026-06-01,Monday,16,Deposit,Regular,Walk-in,D243,C2,2026-06-01 16:49:14,2026-06-01 16:54:34,2.02,5.33,18,0,2,Completed,False
VIS-20260601-100593,BR002,2026-06-01 16:58:39,2026-06-01,Monday,16,PAN Linking,Senior Citizen,Walk-in,P154,C6,2026-06-01 16:59:33,2026-06-01 17:08:34,0.9,9.02,18,0,4,Completed,False
VIS-20260601-100594,BR002,2026-06-01 16:56:38,2026-06-01,Monday,16,Deposit,Regular,Walk-in,D769,C3,2026-06-01 17:00:31,2026-06-01 17:07:22,3.89,6.85,18,0,5,Completed,False
VIS-20260601-100595,BR002,2026-06-01 16:09:45,2026-06-01,Monday,16,Loans - Payment and Sanctioning,HNI,Walk-in,L901,C10,2026-06-01 16:27:30,2026-06-01 17:10:03,17.76,42.54,18,0,6,Completed,False
VIS-20260601-100596,BR002,2026-06-01 16:28:02,2026-06-01,Monday,16,KYC Related,Corporate,Walk-in,K268,C7,2026-06-01 16:32:42,2026-06-01 16:46:48,4.67,14.1,18,0,6,Completed,False
VIS-20260601-100597,BR002,2026-06-01 16:45:26,2026-06-01,Monday,16,Withdrawal,Regular,Walk-in,W435,C12,2026-06-01 16:47:32,2026-06-01 16:51:32,2.11,4.0,18,0,6,Completed,False
VIS-20260601-100598,BR002,2026-06-01 16:54:18,2026-06-01,Monday,16,Credit Card,Regular,Walk-in,C244,C2,2026-06-01 16:57:13,2026-06-01 17:06:22,2.92,9.15,18,0,2,Completed,False
VIS-20260601-100599,BR002,2026-06-01 16:13:23,2026-06-01,Monday,16,Withdrawal,Regular,Booked,W364,C7,2026-06-01 16:13:35,2026-06-01 16:16:35,0.2,3.01,18,0,0,Completed,False
VIS-20260601-100600,BR002,2026-06-01 16:27:37,2026-06-01,Monday,16,Deposit,Regular,Walk-in,D744,C2,2026-06-01 16:28:07,2026-06-01 16:33:25,0.5,5.31,18,0,4,Completed,False
VIS-20260601-100601,BR002,2026-06-01 16:17:32,2026-06-01,Monday,16,Deposit,Regular,Walk-in,D981,C6,2026-06-01 16:18:32,2026-06-01 16:23:34,1.0,5.04,18,0,6,Completed,False
VIS-20260601-100602,BR002,2026-06-01 16:23:20,2026-06-01,Monday,16,PAN Linking,Regular,Walk-in,P946,C6,2026-06-01 16:31:16,2026-06-01 16:43:05,7.94,11.81,18,0,7,Completed,False
VIS-20260601-100603,BR002,2026-06-01 16:20:00,2026-06-01,Monday,16,Deposit,Senior Citizen,Walk-in,D844,C7,2026-06-01 16:24:34,2026-06-01 16:31:46,4.58,7.19,18,0,5,Completed,False
VIS-20260601-100604,BR002,2026-06-01 16:03:29,2026-06-01,Monday,16,Deposit,Corporate,Walk-in,D846,C14,2026-06-01 16:05:41,2026-06-01 16:12:49,2.21,7.13,18,0,7,Completed,False
VIS-20260601-100605,BR002,2026-06-01 16:34:40,2026-06-01,Monday,16,PAN Linking,HNI,Walk-in,P131,C7,2026-06-01 16:37:25,2026-06-01 16:48:41,2.76,11.26,18,0,6,Completed,False
VIS-20260601-100606,BR002,2026-06-01 16:40:43,2026-06-01,Monday,16,Withdrawal,Senior Citizen,Walk-in,W132,C6,2026-06-01 16:43:05,2026-06-01 16:45:38,2.38,2.54,18,0,4,Completed,False
VIS-20260601-100607,BR002,2026-06-01 16:11:42,2026-06-01,Monday,16,Deposit,Corporate,Booked,D906,C4,2026-06-01 16:11:54,2026-06-01 16:16:55,0.2,5.02,18,0,1,Completed,False
VIS-20260601-100608,BR002,2026-06-01 16:41:28,2026-06-01,Monday,16,Loans - Payment and Sanctioning,Regular,Walk-in,L774,C14,2026-06-01 16:43:53,2026-06-01 17:14:05,2.42,30.21,18,0,2,Completed,False
VIS-20260601-100609,BR002,2026-06-01 16:40:54,2026-06-01,Monday,16,Withdrawal,Regular,Walk-in,W332,C10,2026-06-01 16:42:58,2026-06-01 16:47:23,2.08,4.41,18,0,4,Completed,False
VIS-20260601-100610,BR002,2026-06-01 16:58:28,2026-06-01,Monday,16,Account Opening,Regular,Walk-in,A456,C13,2026-06-01 17:03:41,2026-06-01 17:19:10,5.23,15.47,18,0,4,Completed,False
VIS-20260601-100611,BR002,2026-06-01 16:38:01,2026-06-01,Monday,16,Cheque Withdrawal,Senior Citizen,Walk-in,C748,C1,2026-06-01 16:40:54,2026-06-01 16:46:22,2.89,5.47,18,0,6,Completed,False
VIS-20260601-100612,BR002,2026-06-01 16:19:06,2026-06-01,Monday,16,Cheque Withdrawal,Regular,Booked,C690,C13,2026-06-01 16:19:18,2026-06-01 16:22:19,0.2,3.02,18,0,0,Completed,False
VIS-20260601-100613,BR002,2026-06-01 16:22:54,2026-06-01,Monday,16,KYC Related,Regular,Walk-in,K761,C4,2026-06-01 16:27:16,2026-06-01 16:39:32,4.37,12.27,18,0,4,Completed,False
VIS-20260601-100614,BR002,2026-06-01 16:29:40,2026-06-01,Monday,16,Cheque Withdrawal,Regular,Booked,C589,C14,2026-06-01 16:29:52,2026-06-01 16:34:31,0.2,4.66,18,0,0,Completed,False
VIS-20260601-100615,BR003,2026-06-01 09:00:49,2026-06-01,Monday,9,Debit Card,Corporate,Walk-in,D421,C10,2026-06-01 09:03:24,2026-06-01 09:10:45,2.59,7.35,12,1,4,Completed,False
VIS-20260601-100616,BR003,2026-06-01 09:11:49,2026-06-01,Monday,9,Aadhaar Linking,Regular,Booked,A567,C5,2026-06-01 09:12:39,2026-06-01 09:23:56,0.84,11.28,12,1,0,Completed,False
VIS-20260601-100617,BR003,2026-06-01 09:06:27,2026-06-01,Monday,9,Withdrawal,Senior Citizen,Walk-in,W947,C7,2026-06-01 09:09:14,2026-06-01 09:12:27,2.79,3.22,12,1,6,Completed,False
VIS-20260601-100618,BR003,2026-06-01 09:13:43,2026-06-01,Monday,9,Withdrawal,Regular,Walk-in,W514,C9,2026-06-01 09:14:13,2026-06-01 09:16:25,0.5,2.2,12,1,4,Completed,False
VIS-20260601-100619,BR003,2026-06-01 09:23:37,2026-06-01,Monday,9,KYC Related,Corporate,Booked,K408,C8,2026-06-01 09:23:51,2026-06-01 09:32:21,0.24,8.5,12,1,0,Completed,False
VIS-20260601-100620,BR003,2026-06-01 09:35:10,2026-06-01,Monday,9,Withdrawal,Regular,Walk-in,W972,C2,2026-06-01 09:35:40,2026-06-01 09:39:53,0.5,4.22,12,1,2,Completed,False
VIS-20260601-100621,BR003,2026-06-01 09:01:10,2026-06-01,Monday,9,Debit Card,Senior Citizen,Walk-in,D891,C2,2026-06-01 09:04:32,2026-06-01 09:10:33,3.37,6.02,12,1,4,Completed,False
VIS-20260601-100622,BR003,2026-06-01 09:17:04,2026-06-01,Monday,9,Loans - Payment and Sanctioning,Regular,Booked,L817,C9,2026-06-01 09:17:16,2026-06-01 09:58:23,0.2,41.13,12,1,0,Completed,False
VIS-20260601-100623,BR003,2026-06-01 09:05:20,2026-06-01,Monday,9,Locker Issuing,Regular,Booked,L612,C1,2026-06-01 09:06:06,2026-06-01 09:34:56,0.78,28.82,12,1,1,Completed,False
VIS-20260601-100624,BR003,2026-06-01 09:11:47,2026-06-01,Monday,9,Insurance,Regular,Walk-in,I621,C1,2026-06-01 09:27:57,2026-06-01 09:51:03,16.18,23.09,12,1,6,Completed,False
VIS-20260601-100625,BR003,2026-06-01 09:47:31,2026-06-01,Monday,9,Loans - Payment and Sanctioning,Regular,Walk-in,L395,C3,2026-06-01 10:04:32,2026-06-01 10:45:16,17.02,40.73,12,1,4,Completed,False
VIS-20260601-100626,BR003,2026-06-01 09:21:17,2026-06-01,Monday,9,Deposit,Regular,Walk-in,D943,C5,2026-06-01 09:24:51,2026-06-01 09:32:39,3.58,7.79,12,1,3,Completed,False
VIS-20260601-100627,BR003,2026-06-01 09:25:25,2026-06-01,Monday,9,Withdrawal,Regular,Walk-in,W252,C3,2026-06-01 09:27:19,2026-06-01 09:29:19,1.9,2.0,12,1,5,Completed,False
VIS-20260601-100628,BR003,2026-06-01 09:50:48,2026-06-01,Monday,9,KYC Related,HNI,Walk-in,K520,C4,2026-06-01 09:54:59,2026-06-01 10:06:39,4.19,11.66,12,1,3,Completed,False
VIS-20260601-100629,BR003,2026-06-01 09:13:52,2026-06-01,Monday,9,PAN Linking,Senior Citizen,Walk-in,P147,C9,2026-06-01 09:20:04,2026-06-01 09:27:27,6.21,7.38,12,1,5,Completed,False
VIS-20260601-100630,BR003,2026-06-01 09:11:36,2026-06-01,Monday,9,Money Transfer,Regular,Walk-in,M709,C9,2026-06-01 09:16:46,2026-06-01 09:21:49,5.18,5.05,12,1,7,Completed,False
VIS-20260601-100631,BR003,2026-06-01 09:02:08,2026-06-01,Monday,9,Credit Card,Regular,Walk-in,C774,C7,2026-06-01 09:07:12,2026-06-01 09:12:58,5.07,5.77,12,1,6,Completed,False
VIS-20260601-100632,BR003,2026-06-01 09:35:58,2026-06-01,Monday,9,Cheque Withdrawal,Regular,Walk-in,C568,C10,2026-06-01 09:40:05,2026-06-01 09:43:25,4.12,3.33,12,1,6,Completed,False
VIS-20260601-100633,BR003,2026-06-01 09:03:16,2026-06-01,Monday,9,Withdrawal,Regular,Walk-in,W753,C1,2026-06-01 09:05:43,2026-06-01 09:10:24,2.45,4.69,12,1,5,Completed,False
VIS-20260601-100634,BR003,2026-06-01 09:53:48,2026-06-01,Monday,9,Withdrawal,Senior Citizen,Walk-in,W799,C1,2026-06-01 09:55:52,2026-06-01 10:00:28,2.08,4.59,12,1,7,Completed,False
VIS-20260601-100635,BR003,2026-06-01 09:00:43,2026-06-01,Monday,9,Debit Card,Regular,Walk-in,D374,C7,2026-06-01 09:04:35,2026-06-01 09:11:42,3.88,7.11,12,1,7,Completed,False
VIS-20260601-100636,BR003,2026-06-01 09:20:40,2026-06-01,Monday,9,Withdrawal,Regular,Booked,W205,C7,2026-06-01 09:20:53,2026-06-01 09:23:26,0.23,2.54,12,1,0,Completed,False
VIS-20260601-100637,BR003,2026-06-01 09:39:01,2026-06-01,Monday,9,Deposit,Corporate,Walk-in,D253,C4,2026-06-01 09:44:23,2026-06-01 09:51:40,5.38,7.28,12,1,5,Completed,False
VIS-20260601-100638,BR003,2026-06-01 09:10:31,2026-06-01,Monday,9,Deposit,Regular,Booked,D628,C4,2026-06-01 09:11:25,2026-06-01 09:15:42,0.9,4.29,12,1,0,Completed,False
VIS-20260601-100639,BR003,2026-06-01 10:42:05,2026-06-01,Monday,10,Deposit,Regular,Walk-in,D268,C4,2026-06-01 10:50:20,2026-06-01 10:55:24,8.25,5.08,12,1,10,Completed,False
VIS-20260601-100640,BR003,2026-06-01 10:43:12,2026-06-01,Monday,10,Deposit,Regular,Walk-in,D697,C10,2026-06-01 10:48:19,2026-06-01 10:54:01,5.13,5.7,12,1,11,Completed,False
VIS-20260601-100641,BR003,2026-06-01 10:28:05,2026-06-01,Monday,10,Loans - Payment and Sanctioning,HNI,Walk-in,L332,C8,2026-06-01 10:44:28,2026-06-01 11:17:28,16.39,33.0,12,1,5,Completed,False
VIS-20260601-100642,BR003,2026-06-01 10:59:48,2026-06-01,Monday,10,Cheque Withdrawal,HNI,Walk-in,C945,C5,2026-06-01 11:04:48,2026-06-01 11:08:20,5.0,3.54,12,1,10,Completed,False
VIS-20260601-100643,BR003,2026-06-01 10:16:28,2026-06-01,Monday,10,Deposit,Regular,Walk-in,D752,C10,2026-06-01 10:29:11,2026-06-01 10:36:41,12.73,7.49,12,1,13,Completed,False
VIS-20260601-100644,BR003,2026-06-01 10:31:51,2026-06-01,Monday,10,Withdrawal,Regular,Walk-in,W323,C8,2026-06-01 10:34:59,2026-06-01 10:38:57,3.14,3.97,12,1,10,Completed,False
VIS-20260601-100645,BR003,2026-06-01 10:16:32,2026-06-01,Monday,10,Money Transfer,Regular,Booked,M248,C1,2026-06-01 10:18:14,2026-06-01 10:22:05,1.7,3.85,12,1,5,Completed,False
VIS-20260601-100646,BR003,2026-06-01 10:48:57,2026-06-01,Monday,10,Money Transfer,Corporate,Walk-in,M754,C8,2026-06-01 10:51:38,2026-06-01 10:54:39,2.69,3.02,12,1,11,Completed,False
VIS-20260601-100647,BR003,2026-06-01 10:31:15,2026-06-01,Monday,10,Aadhaar Linking,HNI,Walk-in,A552,C8,2026-06-01 10:44:15,2026-06-01 10:54:49,13.01,10.56,12,1,11,Completed,False
VIS-20260601-100648,BR003,2026-06-01 10:05:46,2026-06-01,Monday,10,Cheque Withdrawal,HNI,Walk-in,C610,C10,2026-06-01 10:08:35,2026-06-01 10:12:17,2.82,3.7,12,1,6,Completed,False
VIS-20260601-100649,BR003,2026-06-01 10:02:11,2026-06-01,Monday,10,Deposit,HNI,Walk-in,D708,C5,2026-06-01 10:07:47,2026-06-01 10:14:09,5.6,6.37,12,1,9,Completed,False
VIS-20260601-100650,BR003,2026-06-01 10:43:53,2026-06-01,Monday,10,Withdrawal,Senior Citizen,Walk-in,W860,C1,2026-06-01 10:45:53,2026-06-01 10:48:23,2.0,2.51,12,1,13,Completed,False
VIS-20260601-100651,BR003,2026-06-01 10:29:38,2026-06-01,Monday,10,Debit Card,Regular,Walk-in,D368,C3,2026-06-01 10:38:12,2026-06-01 10:47:36,8.58,9.4,12,1,10,Completed,False
VIS-20260601-100652,BR003,2026-06-01 10:48:29,2026-06-01,Monday,10,Withdrawal,Regular,Walk-in,W587,C1,2026-06-01 10:49:36,2026-06-01 10:52:21,1.13,2.74,12,1,10,Completed,False
VIS-20260601-100653,BR003,2026-06-01 10:04:07,2026-06-01,Monday,10,Withdrawal,Regular,Walk-in,W477,C2,2026-06-01 10:07:09,2026-06-01 10:10:19,3.04,3.17,12,1,8,Completed,False
VIS-20260601-100654,BR003,2026-06-01 10:02:56,2026-06-01,Monday,10,Withdrawal,HNI,Walk-in,W677,C1,2026-06-01 10:08:04,2026-06-01 10:10:51,5.14,2.78,12,1,11,Completed,False
VIS-20260601-100655,BR003,2026-06-01 10:50:45,2026-06-01,Monday,10,Account Opening,Regular,Walk-in,A118,C3,2026-06-01 11:13:23,2026-06-01 11:34:40,22.64,21.28,12,1,11,Completed,True
VIS-20260601-100656,BR003,2026-06-01 10:18:48,2026-06-01,Monday,10,Credit Card,Regular,Walk-in,C329,C5,2026-06-01 10:27:42,2026-06-01 10:36:21,8.91,8.65,12,1,9,Completed,False
VIS-20260601-100657,BR003,2026-06-01 10:07:57,2026-06-01,Monday,10,Account Opening,Senior Citizen,Booked,A300,C10,2026-06-01 10:12:10,2026-06-01 10:30:22,4.22,18.2,12,1,4,Completed,False
VIS-20260601-100658,BR003,2026-06-01 10:40:12,2026-06-01,Monday,10,Loans - Payment and Sanctioning,Senior Citizen,Walk-in,L207,C4,2026-06-01 11:05:52,2026-06-01 11:47:59,25.67,42.12,12,1,6,Completed,True
VIS-20260601-100659,BR003,2026-06-01 10:28:47,2026-06-01,Monday,10,Deposit,Regular,Walk-in,D627,C9,2026-06-01 10:35:14,2026-06-01 10:40:43,6.46,5.48,12,1,10,Completed,False
VIS-20260601-100660,BR003,2026-06-01 10:06:49,2026-06-01,Monday,10,Debit Card,Regular,Walk-in,D281,C10,2026-06-01 10:13:12,2026-06-01 10:22:26,6.39,9.24,12,1,8,Completed,False
VIS-20260601-100661,BR003,2026-06-01 10:08:55,2026-06-01,Monday,10,KYC Related,Regular,Walk-in,K505,C4,2026-06-01 10:21:26,2026-06-01 10:30:26,12.53,9.0,12,1,11,Completed,False
VIS-20260601-100662,BR003,2026-06-01 10:55:36,2026-06-01,Monday,10,Insurance,Regular,Walk-in,I301,C1,2026-06-01 11:14:21,2026-06-01 11:33:30,18.76,19.15,12,1,9,Completed,False
VIS-20260601-100663,BR003,2026-06-01 10:49:14,2026-06-01,Monday,10,Credit Card,Senior Citizen,Walk-in,C140,C8,2026-06-01 11:01:09,2026-06-01 11:10:44,11.93,9.57,12,1,12,Completed,False
VIS-20260601-100664,BR003,2026-06-01 10:41:24,2026-06-01,Monday,10,Cheque Withdrawal,Corporate,Walk-in,C700,C2,2026-06-01 10:49:18,2026-06-01 10:54:50,7.9,5.54,12,1,10,Completed,False
VIS-20260601-100665,BR003,2026-06-01 10:07:34,2026-06-01,Monday,10,Withdrawal,Regular,Walk-in,W570,C4,2026-06-01 10:10:06,2026-06-01 10:14:07,2.54,4.01,12,1,7,Completed,False
VIS-20260601-100666,BR003,2026-06-01 10:00:47,2026-06-01,Monday,10,Deposit,Regular,Booked,D329,C1,2026-06-01 10:00:59,2026-06-01 10:06:57,0.2,5.98,12,1,2,Completed,False
VIS-20260601-100667,BR003,2026-06-01 10:08:10,2026-06-01,Monday,10,Debit Card,Regular,Walk-in,D803,C6,2026-06-01 10:15:24,2026-06-01 10:24:25,7.24,9.01,12,1,9,Completed,False
VIS-20260601-100668,BR003,2026-06-01 10:53:10,2026-06-01,Monday,10,Account Opening,Corporate,Walk-in,A817,C5,2026-06-01 11:07:56,2026-06-01 11:31:51,14.78,23.91,12,1,5,Completed,False
VIS-20260601-100669,BR003,2026-06-01 10:14:18,2026-06-01,Monday,10,Insurance,Regular,Walk-in,I474,C10,2026-06-01 10:29:55,2026-06-01 10:48:25,15.62,18.51,12,1,8,Completed,False
VIS-20260601-100670,BR003,2026-06-01 10:28:08,2026-06-01,Monday,10,Account Opening,Regular,Walk-in,A819,C5,2026-06-01 10:38:21,2026-06-01 10:58:27,10.23,20.09,12,1,5,Completed,False
VIS-20260601-100671,BR003,2026-06-01 10:25:58,2026-06-01,Monday,10,Cheque Withdrawal,Regular,Walk-in,C651,C4,2026-06-01 10:32:59,2026-06-01 10:38:40,7.02,5.69,12,1,12,Completed,False
VIS-20260601-100672,BR003,2026-06-01 10:16:44,2026-06-01,Monday,10,Debit Card,Corporate,Walk-in,D874,C7,2026-06-01 10:26:31,2026-06-01 10:34:30,9.79,7.98,12,1,10,Completed,False
VIS-20260601-100673,BR003,2026-06-01 10:50:10,2026-06-01,Monday,10,Debit Card,Regular,Walk-in,D874,C10,2026-06-01 10:53:38,2026-06-01 11:01:02,3.48,7.4,12,1,5,Completed,False
VIS-20260601-100674,BR003,2026-06-01 10:00:58,2026-06-01,Monday,10,Money Transfer,Regular,Booked,M582,C9,2026-06-01 10:01:52,2026-06-01 10:07:59,0.9,6.13,12,1,0,Completed,False
VIS-20260601-100675,BR003,2026-06-01 10:15:56,2026-06-01,Monday,10,Deposit,Senior Citizen,Walk-in,D172,C10,2026-06-01 10:21:28,2026-06-01 10:26:06,5.54,4.63,12,1,9,Completed,False
VIS-20260601-100676,BR003,2026-06-01 10:34:31,2026-06-01,Monday,10,Locker Issuing,Regular,Walk-in,L303,C4,2026-06-01 10:51:56,2026-06-01 11:14:44,17.43,22.79,12,1,8,Completed,False
VIS-20260601-100677,BR003,2026-06-01 10:39:43,2026-06-01,Monday,10,Deposit,Regular,Walk-in,D458,C5,2026-06-01 10:47:52,2026-06-01 10:54:28,8.16,6.59,12,1,10,Completed,False
VIS-20260601-100678,BR003,2026-06-01 10:49:18,2026-06-01,Monday,10,Money Transfer,Corporate,Walk-in,M916,C8,2026-06-01 10:54:59,2026-06-01 11:01:38,5.69,6.65,12,1,9,Completed,False
VIS-20260601-100679,BR003,2026-06-01 10:52:43,2026-06-01,Monday,10,Cheque Withdrawal,Regular,Walk-in,C560,C10,2026-06-01 10:56:41,2026-06-01 11:01:04,3.98,4.37,12,1,7,Completed,False
VIS-20260601-100680,BR003,2026-06-01 10:49:36,2026-06-01,Monday,10,Cheque Withdrawal,Regular,Booked,C644,C3,2026-06-01 10:49:48,2026-06-01 10:55:07,0.2,5.32,12,1,0,Completed,False
VIS-20260601-100681,BR003,2026-06-01 10:12:28,2026-06-01,Monday,10,Withdrawal,Senior Citizen,Booked,W657,C8,2026-06-01 10:14:18,2026-06-01 10:19:14,1.84,4.93,12,1,4,Completed,False
VIS-20260601-100682,BR003,2026-06-01 10:33:55,2026-06-01,Monday,10,KYC Related,Regular,Walk-in,K265,C7,2026-06-01 10:46:16,2026-06-01 10:55:31,12.36,9.24,12,1,10,Completed,False
VIS-20260601-100683,BR003,2026-06-01 10:13:20,2026-06-01,Monday,10,KYC Related,Corporate,Walk-in,K498,C3,2026-06-01 10:16:59,2026-06-01 10:25:46,3.66,8.78,12,1,6,Completed,False
VIS-20260601-100684,BR003,2026-06-01 10:10:45,2026-06-01,Monday,10,Withdrawal,Senior Citizen,Booked,W891,C9,2026-06-01 10:11:52,2026-06-01 10:14:28,1.12,2.6,12,1,3,Completed,False
VIS-20260601-100685,BR003,2026-06-01 11:31:43,2026-06-01,Monday,11,Deposit,Regular,Walk-in,D463,C3,2026-06-01 11:36:32,2026-06-01 11:42:32,4.83,6.0,12,1,4,Completed,False
VIS-20260601-100686,BR003,2026-06-01 11:03:02,2026-06-01,Monday,11,Withdrawal,Regular,Walk-in,W593,C10,2026-06-01 11:03:32,2026-06-01 11:05:44,0.5,2.21,12,1,5,Completed,False
VIS-20260601-100687,BR003,2026-06-01 11:25:42,2026-06-01,Monday,11,Withdrawal,Corporate,Walk-in,W711,C5,2026-06-01 11:27:37,2026-06-01 11:31:10,1.93,3.54,12,1,4,Completed,False
VIS-20260601-100688,BR003,2026-06-01 11:03:39,2026-06-01,Monday,11,Debit Card,Senior Citizen,Walk-in,D364,C9,2026-06-01 11:12:00,2026-06-01 11:17:24,8.35,5.4,12,1,10,Completed,False
VIS-20260601-100689,BR003,2026-06-01 11:07:19,2026-06-01,Monday,11,Cheque Withdrawal,Regular,Walk-in,C932,C6,2026-06-01 11:11:07,2026-06-01 11:15:15,3.8,4.14,12,1,7,Completed,False
VIS-20260601-100690,BR003,2026-06-01 11:04:39,2026-06-01,Monday,11,Deposit,Regular,Walk-in,D625,C6,2026-06-01 11:12:12,2026-06-01 11:20:10,7.55,7.97,12,1,10,Completed,False
VIS-20260601-100691,BR003,2026-06-01 11:05:58,2026-06-01,Monday,11,Credit Card,Regular,Walk-in,C695,C4,2026-06-01 11:15:09,2026-06-01 11:22:51,9.19,7.7,12,1,10,Completed,False
VIS-20260601-100692,BR003,2026-06-01 11:44:16,2026-06-01,Monday,11,Loans - Payment and Sanctioning,Senior Citizen,Booked,L722,C10,2026-06-01 11:49:10,2026-06-01 12:23:24,4.9,34.24,12,1,3,Completed,False
VIS-20260601-100693,BR003,2026-06-01 11:30:10,2026-06-01,Monday,11,Deposit,Corporate,Walk-in,D278,C6,2026-06-01 11:35:05,2026-06-01 11:42:14,4.93,7.14,12,1,9,Completed,False
VIS-20260601-100694,BR003,2026-06-01 11:39:15,2026-06-01,Monday,11,Money Transfer,Senior Citizen,Walk-in,M375,C5,2026-06-01 11:43:32,2026-06-01 11:50:04,4.29,6.54,12,1,8,Completed,False
VIS-20260601-100695,BR003,2026-06-01 11:43:49,2026-06-01,Monday,11,Credit Card,Regular,Walk-in,C658,C3,2026-06-01 11:49:58,2026-06-01 11:55:01,6.15,5.06,12,1,10,Completed,False
VIS-20260601-100696,BR003,2026-06-01 11:21:16,2026-06-01,Monday,11,KYC Related,Regular,Walk-in,K677,C1,2026-06-01 11:30:55,2026-06-01 11:40:35,9.66,9.66,12,1,9,Completed,False
VIS-20260601-100697,BR003,2026-06-01 11:28:20,2026-06-01,Monday,11,Money Transfer,Regular,Walk-in,M406,C1,2026-06-01 11:33:16,2026-06-01 11:37:52,4.94,4.6,12,1,8,Completed,False
VIS-20260601-100698,BR003,2026-06-01 11:38:44,2026-06-01,Monday,11,Credit Card,Senior Citizen,Booked,C841,C2,2026-06-01 11:40:25,2026-06-01 11:46:27,1.69,6.04,12,1,5,Completed,False
VIS-20260601-100699,BR003,2026-06-01 11:31:24,2026-06-01,Monday,11,Withdrawal,Regular,Walk-in,W125,C3,2026-06-01 11:33:36,2026-06-01 11:36:27,2.2,2.86,12,1,9,Completed,False
VIS-20260601-100700,BR003,2026-06-01 11:38:05,2026-06-01,Monday,11,Money Transfer,Regular,Walk-in,M407,C2,2026-06-01 11:41:20,2026-06-01 11:44:24,3.25,3.08,12,1,12,Completed,False
VIS-20260601-100701,BR003,2026-06-01 11:40:17,2026-06-01,Monday,11,Credit Card,Senior Citizen,Walk-in,C238,C10,2026-06-01 11:48:32,2026-06-01 11:57:43,8.25,9.19,12,1,7,Completed,False
VIS-20260601-100702,BR003,2026-06-01 11:14:22,2026-06-01,Monday,11,Money Transfer,Regular,Walk-in,M293,C7,2026-06-01 11:21:13,2026-06-01 11:25:25,6.86,4.2,12,1,13,Completed,False
VIS-20260601-100703,BR003,2026-06-01 11:39:15,2026-06-01,Monday,11,Aadhaar Linking,HNI,Walk-in,A913,C5,2026-06-01 11:46:40,2026-06-01 11:54:12,7.43,7.52,12,1,12,Completed,False
VIS-20260601-100704,BR003,2026-06-01 11:14:21,2026-06-01,Monday,11,Locker Issuing,Regular,Walk-in,L167,C1,2026-06-01 11:38:26,2026-06-01 12:01:18,24.09,22.87,12,1,9,Completed,True
VIS-20260601-100705,BR003,2026-06-01 11:34:43,2026-06-01,Monday,11,KYC Related,Regular,Walk-in,K705,C7,2026-06-01 11:47:59,2026-06-01 12:00:31,13.28,12.52,12,1,10,Completed,False
VIS-20260601-100706,BR003,2026-06-01 11:06:49,2026-06-01,Monday,11,Deposit,Regular,Walk-in,D617,C6,2026-06-01 11:16:13,2026-06-01 11:23:04,9.41,6.85,12,1,9,Completed,False
VIS-20260601-100707,BR003,2026-06-01 11:12:56,2026-06-01,Monday,11,Account Opening,Regular,Walk-in,A529,C9,2026-06-01 11:25:48,2026-06-01 11:46:11,12.87,20.39,12,1,6,Completed,False
VIS-20260601-100708,BR003,2026-06-01 11:40:02,2026-06-01,Monday,11,Debit Card,Regular,Booked,D410,C8,2026-06-01 11:40:46,2026-06-01 11:48:31,0.74,7.75,12,1,3,Completed,False
VIS-20260601-100709,BR003,2026-06-01 11:12:50,2026-06-01,Monday,11,Deposit,Regular,Walk-in,D588,C8,2026-06-01 11:18:10,2026-06-01 11:24:12,5.34,6.04,12,1,8,Completed,False
VIS-20260601-100710,BR003,2026-06-01 11:01:25,2026-06-01,Monday,11,Loans - Payment and Sanctioning,Senior Citizen,Walk-in,L419,C9,2026-06-01 11:48:19,2026-06-01 12:28:04,46.9,39.75,12,1,11,Completed,True
VIS-20260601-100711,BR003,2026-06-01 11:55:26,2026-06-01,Monday,11,Withdrawal,Corporate,Walk-in,W172,C6,2026-06-01 11:57:03,2026-06-01 11:59:33,1.62,2.5,12,1,8,Completed,False
VIS-20260601-100712,BR003,2026-06-01 11:27:23,2026-06-01,Monday,11,Deposit,Regular,Walk-in,D510,C10,2026-06-01 11:33:26,2026-06-01 11:41:09,6.05,7.72,12,1,9,Completed,False
VIS-20260601-100713,BR003,2026-06-01 11:36:34,2026-06-01,Monday,11,Insurance,Regular,Walk-in,I671,C6,2026-06-01 11:55:05,2026-06-01 12:16:51,18.53,21.76,12,1,9,Completed,False
VIS-20260601-100714,BR003,2026-06-01 11:16:25,2026-06-01,Monday,11,Deposit,Regular,Walk-in,D802,C7,2026-06-01 11:23:28,2026-06-01 11:30:32,7.05,7.08,12,1,12,Completed,False
VIS-20260601-100715,BR003,2026-06-01 11:40:19,2026-06-01,Monday,11,Credit Card,Regular,Walk-in,C633,C4,2026-06-01 11:47:05,2026-06-01 11:54:31,6.78,7.42,12,1,10,Completed,False
VIS-20260601-100716,BR003,2026-06-01 11:46:51,2026-06-01,Monday,11,Deposit,HNI,Walk-in,D691,C3,2026-06-01 11:51:03,2026-06-01 11:56:03,4.2,5.0,12,1,7,Completed,False
VIS-20260601-100717,BR003,2026-06-01 11:32:51,2026-06-01,Monday,11,Aadhaar Linking,Regular,Walk-in,A312,C5,2026-06-01 11:46:21,2026-06-01 11:58:00,13.51,11.64,12,1,11,Completed,False
VIS-20260601-100718,BR003,2026-06-01 11:31:39,2026-06-01,Monday,11,Withdrawal,HNI,Booked,W120,C4,2026-06-01 11:31:51,2026-06-01 11:35:33,0.2,3.7,12,1,2,Completed,False
VIS-20260601-100719,BR003,2026-06-01 11:57:10,2026-06-01,Monday,11,Cheque Withdrawal,Regular,Walk-in,C915,C5,2026-06-01 12:02:57,2026-06-01 12:07:21,5.79,4.4,12,1,8,Completed,False
VIS-20260601-100720,BR003,2026-06-01 11:19:44,2026-06-01,Monday,11,Debit Card,HNI,Walk-in,D896,C7,2026-06-01 11:29:54,2026-06-01 11:36:51,10.17,6.96,12,1,12,Completed,False
VIS-20260601-100721,BR003,2026-06-01 11:22:00,2026-06-01,Monday,11,Deposit,HNI,Walk-in,D257,C3,2026-06-01 11:27:49,2026-06-01 11:35:33,5.82,7.74,12,1,5,Completed,False
VIS-20260601-100722,BR003,2026-06-01 11:52:56,2026-06-01,Monday,11,Credit Card,Regular,Walk-in,C260,C8,2026-06-01 12:02:05,2026-06-01 12:08:06,9.16,6.01,12,1,10,Completed,False
VIS-20260601-100723,BR003,2026-06-01 11:04:37,2026-06-01,Monday,11,Account Opening,Regular,Walk-in,A905,C4,2026-06-01 11:15:44,2026-06-01 11:31:54,11.13,16.16,12,1,6,Completed,False
VIS-20260601-100724,BR003,2026-06-01 11:13:33,2026-06-01,Monday,11,Loans - Payment and Sanctioning,Senior Citizen,Booked,L572,C5,2026-06-01 11:22:59,2026-06-01 12:03:00,9.44,40.02,12,1,6,Completed,False
VIS-20260601-100725,BR003,2026-06-01 11:19:25,2026-06-01,Monday,11,Loans - Payment and Sanctioning,Regular,Walk-in,L431,C1,2026-06-01 11:42:21,2026-06-01 12:25:33,22.94,43.2,12,1,5,Completed,True
VIS-20260601-100726,BR003,2026-06-01 11:29:35,2026-06-01,Monday,11,Cheque Withdrawal,Corporate,Booked,C974,C4,2026-06-01 11:30:55,2026-06-01 11:34:19,1.34,3.4,12,1,3,Completed,False
VIS-20260601-100727,BR003,2026-06-01 11:17:38,2026-06-01,Monday,11,Account Opening,Regular,Walk-in,A207,C5,2026-06-01 11:32:47,2026-06-01 11:50:39,15.15,17.87,12,1,8,Completed,False
VIS-20260601-100728,BR003,2026-06-01 11:06:24,2026-06-01,Monday,11,Withdrawal,HNI,Walk-in,W294,C10,2026-06-01 11:08:56,2026-06-01 11:12:05,2.54,3.15,12,1,11,Completed,False
VIS-20260601-100729,BR003,2026-06-01 11:45:29,2026-06-01,Monday,11,Locker Issuing,Senior Citizen,Walk-in,L638,C5,2026-06-01 12:00:17,2026-06-01 12:22:15,14.81,21.96,12,1,7,Completed,False
VIS-20260601-100730,BR003,2026-06-01 12:56:23,2026-06-01,Monday,12,Withdrawal,Regular,Walk-in,W680,C2,2026-06-01 12:59:14,2026-06-01 13:01:17,2.85,2.05,12,1,7,Completed,False
VIS-20260601-100731,BR003,2026-06-01 12:16:59,2026-06-01,Monday,12,Locker Issuing,HNI,Walk-in,L342,C1,2026-06-01 12:38:33,2026-06-01 13:03:22,21.57,24.82,12,1,8,Completed,True
VIS-20260601-100732,BR003,2026-06-01 12:05:49,2026-06-01,Monday,12,Credit Card,Regular,Walk-in,C362,C6,2026-06-01 12:14:19,2026-06-01 12:21:45,8.5,7.44,12,1,8,Completed,False
VIS-20260601-100733,BR003,2026-06-01 12:43:42,2026-06-01,Monday,12,Credit Card,Regular,Walk-in,C879,C4,2026-06-01 12:45:34,2026-06-01 12:54:25,1.88,8.85,12,1,4,Completed,False
VIS-20260601-100734,BR003,2026-06-01 12:32:34,2026-06-01,Monday,12,Locker Issuing,Regular,Walk-in,L394,C3,2026-06-01 12:52:53,2026-06-01 13:16:35,20.33,23.7,12,1,9,Completed,True
VIS-20260601-100735,BR003,2026-06-01 12:04:09,2026-06-01,Monday,12,Aadhaar Linking,Regular,Walk-in,A462,C3,2026-06-01 12:09:42,2026-06-01 12:15:54,5.56,6.2,12,1,7,Completed,False
VIS-20260601-100736,BR003,2026-06-01 12:05:02,2026-06-01,Monday,12,Money Transfer,Regular,Walk-in,M821,C9,2026-06-01 12:09:13,2026-06-01 12:13:28,4.19,4.25,12,1,6,Completed,False
VIS-20260601-100737,BR003,2026-06-01 12:24:52,2026-06-01,Monday,12,Deposit,Regular,Booked,D196,C8,2026-06-01 12:25:04,2026-06-01 12:32:03,0.2,6.99,12,1,0,Completed,False
VIS-20260601-100738,BR003,2026-06-01 12:05:01,2026-06-01,Monday,12,Withdrawal,Senior Citizen,Walk-in,W927,C7,2026-06-01 12:08:05,2026-06-01 12:11:53,3.07,3.8,12,1,4,Completed,False
VIS-20260601-100739,BR003,2026-06-01 12:48:36,2026-06-01,Monday,12,KYC Related,Regular,Booked,K346,C6,2026-06-01 12:48:48,2026-06-01 12:59:27,0.2,10.66,12,1,0,Completed,False
VIS-20260601-100740,BR003,2026-06-01 12:48:33,2026-06-01,Monday,12,PAN Linking,Corporate,Walk-in,P775,C6,2026-06-01 12:56:34,2026-06-01 13:03:42,8.02,7.13,12,1,9,Completed,False
VIS-20260601-100741,BR003,2026-06-01 12:05:29,2026-06-01,Monday,12,Money Transfer,Regular,Booked,M814,C1,2026-06-01 12:05:43,2026-06-01 12:10:35,0.24,4.86,12,1,0,Completed,False
VIS-20260601-100742,BR003,2026-06-01 12:43:28,2026-06-01,Monday,12,Withdrawal,Regular,Walk-in,W962,C5,2026-06-01 12:44:20,2026-06-01 12:46:51,0.88,2.51,12,1,8,Completed,False
VIS-20260601-100743,BR003,2026-06-01 12:13:35,2026-06-01,Monday,12,Deposit,HNI,Walk-in,D992,C4,2026-06-01 12:17:51,2026-06-01 12:25:03,4.28,7.19,12,1,8,Completed,False
VIS-20260601-100744,BR003,2026-06-01 12:19:33,2026-06-01,Monday,12,Deposit,Regular,Walk-in,D173,C5,2026-06-01 12:26:54,2026-06-01 12:33:52,7.36,6.96,12,1,7,Completed,False
VIS-20260601-100745,BR003,2026-06-01 12:57:26,2026-06-01,Monday,12,Deposit,Regular,Walk-in,D434,C5,2026-06-01 13:02:39,2026-06-01 13:10:27,5.22,7.8,12,1,4,Completed,False
VIS-20260601-100746,BR003,2026-06-01 12:57:57,2026-06-01,Monday,12,Insurance,Regular,Walk-in,I223,C1,2026-06-01 13:09:29,2026-06-01 13:27:40,11.54,18.18,12,1,5,Completed,False
VIS-20260601-100747,BR003,2026-06-01 12:17:48,2026-06-01,Monday,12,Withdrawal,Regular,Walk-in,W921,C4,2026-06-01 12:20:43,2026-06-01 12:22:51,2.93,2.13,12,1,9,Completed,False
VIS-20260601-100748,BR003,2026-06-01 12:52:16,2026-06-01,Monday,12,Loans - Payment and Sanctioning,Regular,Walk-in,L513,C9,2026-06-01 13:18:27,2026-06-01 13:43:50,26.19,25.39,12,1,9,Completed,True
VIS-20260601-100749,BR003,2026-06-01 12:18:42,2026-06-01,Monday,12,Account Opening,Regular,Walk-in,A550,C7,2026-06-01 12:28:27,2026-06-01 12:46:29,9.76,18.03,12,1,4,Completed,False
VIS-20260601-100750,BR003,2026-06-01 12:33:22,2026-06-01,Monday,12,Account Opening,Regular,Walk-in,A606,C8,2026-06-01 12:46:05,2026-06-01 13:08:46,12.72,22.68,12,1,5,Completed,False
VIS-20260601-100751,BR003,2026-06-01 12:21:01,2026-06-01,Monday,12,Insurance,Regular,Walk-in,I386,C3,2026-06-01 12:32:56,2026-06-01 12:49:54,11.93,16.96,12,1,7,Completed,False
VIS-20260601-100752,BR003,2026-06-01 12:54:11,2026-06-01,Monday,12,Cheque Withdrawal,Regular,Walk-in,C621,C2,2026-06-01 12:55:42,2026-06-01 12:58:52,1.52,3.17,12,1,8,Completed,False
VIS-20260601-100753,BR003,2026-06-01 12:17:38,2026-06-01,Monday,12,Credit Card,Regular,Walk-in,C567,C8,2026-06-01 12:25:19,2026-06-01 12:34:03,7.69,8.73,12,1,7,Completed,False
VIS-20260601-100754,BR003,2026-06-01 12:28:39,2026-06-01,Monday,12,Deposit,Regular,Booked,D872,C4,2026-06-01 12:29:07,2026-06-01 12:35:29,0.48,6.36,12,1,2,Completed,False
VIS-20260601-100755,BR003,2026-06-01 12:04:58,2026-06-01,Monday,12,Account Opening,Regular,Walk-in,A579,C7,2026-06-01 12:21:28,2026-06-01 12:43:47,16.51,22.31,12,1,6,Completed,False
VIS-20260601-100756,BR003,2026-06-01 12:13:03,2026-06-01,Monday,12,Money Transfer,HNI,Walk-in,M923,C7,2026-06-01 12:16:55,2026-06-01 12:23:49,3.87,6.91,12,1,5,Completed,False
VIS-20260601-100757,BR003,2026-06-01 12:22:19,2026-06-01,Monday,12,Aadhaar Linking,Regular,Walk-in,A752,C9,2026-06-01 12:28:11,2026-06-01 12:40:00,5.88,11.81,12,1,5,Completed,False
VIS-20260601-100758,BR003,2026-06-01 12:36:31,2026-06-01,Monday,12,Deposit,Regular,Walk-in,D205,C5,2026-06-01 12:43:52,2026-06-01 12:49:50,7.35,5.97,12,1,7,Completed,False
VIS-20260601-100759,BR003,2026-06-01 12:42:49,2026-06-01,Monday,12,Locker Issuing,Senior Citizen,Walk-in,L304,C7,2026-06-01 13:19:25,2026-06-01 13:52:22,36.6,32.96,12,1,10,Completed,True
VIS-20260601-100760,BR003,2026-06-01 12:34:29,2026-06-01,Monday,12,Withdrawal,Regular,Walk-in,W455,C6,2026-06-01 12:37:59,2026-06-01 12:40:03,3.51,2.07,12,1,4,Completed,False
VIS-20260601-100761,BR003,2026-06-01 12:23:51,2026-06-01,Monday,12,Insurance,Regular,Walk-in,I914,C10,2026-06-01 12:46:53,2026-06-01 13:10:49,23.04,23.93,12,1,9,Completed,True
VIS-20260601-100762,BR003,2026-06-01 12:55:24,2026-06-01,Monday,12,Money Transfer,Regular,Walk-in,M548,C3,2026-06-01 12:58:46,2026-06-01 13:04:12,3.37,5.43,12,1,3,Completed,False
VIS-20260601-100763,BR003,2026-06-01 12:37:29,2026-06-01,Monday,12,Money Transfer,Senior Citizen,Walk-in,M515,C3,2026-06-01 12:40:39,2026-06-01 12:47:11,3.18,6.53,12,1,5,Completed,False
VIS-20260601-100764,BR003,2026-06-01 13:03:24,2026-06-01,Monday,13,Loans - Payment and Sanctioning,Regular,Walk-in,L110,C6,2026-06-01 13:28:50,2026-06-01 14:09:24,25.44,40.56,12,1,6,Completed,True
VIS-20260601-100765,BR003,2026-06-01 13:17:15,2026-06-01,Monday,13,Withdrawal,Regular,Walk-in,W404,C8,2026-06-01 13:19:02,2026-06-01 13:22:42,1.79,3.66,12,1,2,Completed,False
VIS-20260601-100766,BR003,2026-06-01 13:05:37,2026-06-01,Monday,13,Cheque Withdrawal,HNI,Walk-in,C813,C8,2026-06-01 13:09:25,2026-06-01 13:12:56,3.8,3.52,12,1,3,Completed,False
VIS-20260601-100767,BR003,2026-06-01 13:50:15,2026-06-01,Monday,13,Deposit,Corporate,Walk-in,D136,C4,2026-06-01 13:51:44,2026-06-01 13:59:04,1.49,7.33,12,1,3,Completed,False
VIS-20260601-100768,BR003,2026-06-01 13:55:19,2026-06-01,Monday,13,Account Opening,Regular,Walk-in,A309,C2,2026-06-01 14:06:13,2026-06-01 14:21:50,10.91,15.61,12,1,5,Completed,False
VIS-20260601-100769,BR003,2026-06-01 13:28:08,2026-06-01,Monday,13,KYC Related,Regular,Booked,K932,C2,2026-06-01 13:28:20,2026-06-01 13:40:54,0.2,12.58,12,1,0,Completed,False
VIS-20260601-100770,BR003,2026-06-01 13:50:04,2026-06-01,Monday,13,Account Opening,Regular,Walk-in,A606,C9,2026-06-01 13:54:58,2026-06-01 14:14:31,4.9,19.55,12,1,2,Completed,False
VIS-20260601-100771,BR003,2026-06-01 13:54:13,2026-06-01,Monday,13,Withdrawal,HNI,Walk-in,W327,C2,2026-06-01 13:55:51,2026-06-01 13:58:44,1.64,2.89,12,1,3,Completed,False
VIS-20260601-100772,BR003,2026-06-01 13:09:22,2026-06-01,Monday,13,Withdrawal,Regular,Walk-in,W341,C6,2026-06-01 13:13:25,2026-06-01 13:17:09,4.06,3.73,12,1,5,Completed,False
VIS-20260601-100773,BR003,2026-06-01 13:41:54,2026-06-01,Monday,13,KYC Related,Corporate,Walk-in,K594,C2,2026-06-01 13:47:01,2026-06-01 13:55:04,5.13,8.04,12,1,7,Completed,False
VIS-20260601-100774,BR003,2026-06-01 13:41:35,2026-06-01,Monday,13,KYC Related,Regular,Booked,K402,C6,2026-06-01 13:41:47,2026-06-01 13:53:53,0.2,12.11,12,1,0,Completed,False
VIS-20260601-100775,BR003,2026-06-01 13:57:59,2026-06-01,Monday,13,Aadhaar Linking,Senior Citizen,Walk-in,A938,C8,2026-06-01 14:05:02,2026-06-01 14:14:56,7.06,9.9,12,1,5,Completed,False
VIS-20260601-100776,BR003,2026-06-01 13:48:34,2026-06-01,Monday,13,Money Transfer,HNI,Walk-in,M281,C3,2026-06-01 13:52:25,2026-06-01 13:59:23,3.86,6.97,12,1,6,Completed,False
VIS-20260601-100777,BR003,2026-06-01 13:10:28,2026-06-01,Monday,13,Cheque Withdrawal,Corporate,Walk-in,C544,C8,2026-06-01 13:11:38,2026-06-01 13:15:02,1.18,3.39,12,1,3,Completed,False
VIS-20260601-100778,BR003,2026-06-01 13:08:21,2026-06-01,Monday,13,Deposit,Regular,Walk-in,D225,C10,2026-06-01 13:10:59,2026-06-01 13:17:54,2.64,6.92,12,1,4,Completed,False
VIS-20260601-100779,BR003,2026-06-01 13:02:25,2026-06-01,Monday,13,Withdrawal,Regular,Booked,W313,C5,2026-06-01 13:02:37,2026-06-01 13:06:49,0.2,4.2,12,1,0,Completed,False
VIS-20260601-100780,BR003,2026-06-01 13:18:12,2026-06-01,Monday,13,KYC Related,Regular,Booked,K844,C6,2026-06-01 13:18:24,2026-06-01 13:31:05,0.2,12.69,12,1,0,Completed,False
VIS-20260601-100781,BR003,2026-06-01 13:17:11,2026-06-01,Monday,13,KYC Related,Regular,Walk-in,K418,C9,2026-06-01 13:20:45,2026-06-01 13:30:14,3.57,9.48,12,1,5,Completed,False
VIS-20260601-100782,BR003,2026-06-01 13:26:33,2026-06-01,Monday,13,Debit Card,Regular,Walk-in,D440,C4,2026-06-01 13:29:40,2026-06-01 13:37:55,3.13,8.25,12,1,5,Completed,False
VIS-20260601-100783,BR003,2026-06-01 13:21:01,2026-06-01,Monday,13,Deposit,Corporate,Walk-in,D335,C9,2026-06-01 13:23:16,2026-06-01 13:29:02,2.25,5.78,12,1,7,Completed,False
VIS-20260601-100784,BR003,2026-06-01 13:16:31,2026-06-01,Monday,13,Money Transfer,Regular,Walk-in,M829,C8,2026-06-01 13:20:49,2026-06-01 13:23:51,4.3,3.04,12,1,6,Completed,False
VIS-20260601-100785,BR003,2026-06-01 13:46:21,2026-06-01,Monday,13,Deposit,Regular,Booked,D146,C1,2026-06-01 13:47:30,2026-06-01 13:54:14,1.16,6.73,12,1,0,Completed,False
VIS-20260601-100786,BR003,2026-06-01 14:17:08,2026-06-01,Monday,14,PAN Linking,Corporate,Walk-in,P481,C4,2026-06-01 14:24:11,2026-06-01 14:34:15,7.06,10.07,12,1,6,Completed,False
VIS-20260601-100787,BR003,2026-06-01 14:22:53,2026-06-01,Monday,14,Loans - Payment and Sanctioning,Regular,Booked,L525,C10,2026-06-01 14:24:29,2026-06-01 15:02:45,1.6,38.27,12,1,1,Completed,False
VIS-20260601-100788,BR003,2026-06-01 14:17:40,2026-06-01,Monday,14,Cheque Withdrawal,Regular,Walk-in,C720,C10,2026-06-01 14:21:45,2026-06-01 14:25:53,4.09,4.13,12,1,7,Completed,False
VIS-20260601-100789,BR003,2026-06-01 14:30:34,2026-06-01,Monday,14,Cheque Withdrawal,Regular,Walk-in,C422,C6,2026-06-01 14:34:38,2026-06-01 14:40:09,4.07,5.52,12,1,8,Completed,False
VIS-20260601-100790,BR003,2026-06-01 14:15:44,2026-06-01,Monday,14,Deposit,Regular,Walk-in,D259,C9,2026-06-01 14:21:49,2026-06-01 14:27:47,6.09,5.97,12,1,6,Completed,False
VIS-20260601-100791,BR003,2026-06-01 14:13:05,2026-06-01,Monday,14,Account Opening,Regular,Walk-in,A933,C5,2026-06-01 14:27:18,2026-06-01 14:43:24,14.23,16.09,12,1,9,Completed,False
VIS-20260601-100792,BR003,2026-06-01 14:11:50,2026-06-01,Monday,14,Account Opening,Regular,Booked,A402,C10,2026-06-01 14:12:49,2026-06-01 14:31:12,0.99,18.39,12,1,1,Completed,False
VIS-20260601-100793,BR003,2026-06-01 14:50:29,2026-06-01,Monday,14,Withdrawal,Senior Citizen,Walk-in,W791,C5,2026-06-01 14:54:33,2026-06-01 14:57:20,4.07,2.78,12,1,5,Completed,False
VIS-20260601-100794,BR003,2026-06-01 14:56:02,2026-06-01,Monday,14,Aadhaar Linking,Regular,Walk-in,A534,C8,2026-06-01 15:03:53,2026-06-01 15:15:48,7.85,11.92,12,1,4,Completed,False
VIS-20260601-100795,BR003,2026-06-01 14:43:40,2026-06-01,Monday,14,KYC Related,HNI,Walk-in,K305,C9,2026-06-01 14:52:18,2026-06-01 15:06:32,8.64,14.24,12,1,6,Completed,False
VIS-20260601-100796,BR003,2026-06-01 14:15:16,2026-06-01,Monday,14,Aadhaar Linking,Regular,Walk-in,A966,C6,2026-06-01 14:20:58,2026-06-01 14:28:16,5.71,7.3,12,1,8,Completed,False
VIS-20260601-100797,BR003,2026-06-01 14:06:21,2026-06-01,Monday,14,Cheque Withdrawal,Regular,Walk-in,C406,C8,2026-06-01 14:14:21,2026-06-01 14:20:01,8.01,5.66,12,1,10,Completed,False
VIS-20260601-100798,BR003,2026-06-01 14:25:02,2026-06-01,Monday,14,Withdrawal,Regular,Walk-in,W379,C10,2026-06-01 14:26:32,2026-06-01 14:30:45,1.5,4.22,12,1,7,Completed,False
VIS-20260601-100799,BR003,2026-06-01 14:58:35,2026-06-01,Monday,14,Locker Issuing,Regular,Walk-in,L963,C7,2026-06-01 15:17:59,2026-06-01 15:41:51,19.4,23.87,12,1,7,Completed,False
VIS-20260601-100800,BR003,2026-06-01 14:37:46,2026-06-01,Monday,14,Cheque Withdrawal,Regular,Walk-in,C393,C10,2026-06-01 14:39:41,2026-06-01 14:43:48,1.93,4.11,12,1,8,Completed,False
VIS-20260601-100801,BR003,2026-06-01 14:14:59,2026-06-01,Monday,14,Account Opening,Regular,Walk-in,A330,C2,2026-06-01 14:22:18,2026-06-01 14:43:49,7.32,21.52,12,1,3,Completed,False
VIS-20260601-100802,BR003,2026-06-01 14:48:46,2026-06-01,Monday,14,Insurance,Regular,Walk-in,I558,C9,2026-06-01 15:06:13,2026-06-01 15:27:32,17.45,21.33,12,1,7,Completed,False
VIS-20260601-100803,BR003,2026-06-01 14:27:53,2026-06-01,Monday,14,Account Opening,Regular,Booked,A359,C5,2026-06-01 14:30:20,2026-06-01 14:49:55,2.46,19.58,12,1,3,Completed,False
VIS-20260601-100804,BR003,2026-06-01 14:53:07,2026-06-01,Monday,14,Locker Issuing,Corporate,Walk-in,L880,C8,2026-06-01 15:11:47,2026-06-01 15:40:49,18.67,29.04,12,1,6,Completed,False
VIS-20260601-100805,BR003,2026-06-01 14:43:03,2026-06-01,Monday,14,Cheque Withdrawal,Regular,Walk-in,C378,C2,2026-06-01 14:45:14,2026-06-01 14:49:54,2.19,4.67,12,1,5,Completed,False
VIS-20260601-100806,BR003,2026-06-01 14:36:04,2026-06-01,Monday,14,Credit Card,Senior Citizen,Walk-in,C426,C2,2026-06-01 14:43:30,2026-06-01 14:50:00,7.44,6.5,12,1,10,Completed,False
VIS-20260601-100807,BR003,2026-06-01 14:54:07,2026-06-01,Monday,14,Money Transfer,Regular,Walk-in,M403,C6,2026-06-01 14:56:19,2026-06-01 15:00:34,2.21,4.25,12,1,6,Completed,False
VIS-20260601-100808,BR003,2026-06-01 14:05:10,2026-06-01,Monday,14,KYC Related,Regular,Walk-in,K323,C8,2026-06-01 14:20:52,2026-06-01 14:34:46,15.7,13.9,12,1,10,Completed,False
VIS-20260601-100809,BR003,2026-06-01 14:01:35,2026-06-01,Monday,14,Deposit,HNI,Walk-in,D219,C1,2026-06-01 14:05:10,2026-06-01 14:11:54,3.59,6.73,12,1,4,Completed,False
VIS-20260601-100810,BR003,2026-06-01 14:01:19,2026-06-01,Monday,14,Debit Card,Regular,Walk-in,D254,C9,2026-06-01 14:08:08,2026-06-01 14:15:09,6.83,7.01,12,1,6,Completed,False
VIS-20260601-100811,BR003,2026-06-01 14:40:22,2026-06-01,Monday,14,Deposit,HNI,Walk-in,D992,C4,2026-06-01 14:44:52,2026-06-01 14:52:03,4.5,7.19,12,1,6,Completed,False
VIS-20260601-100812,BR003,2026-06-01 14:06:41,2026-06-01,Monday,14,Withdrawal,Regular,Booked,W792,C3,2026-06-01 14:06:53,2026-06-01 14:10:11,0.2,3.3,12,1,3,Completed,False
VIS-20260601-100813,BR003,2026-06-01 14:47:37,2026-06-01,Monday,14,Withdrawal,HNI,Walk-in,W496,C5,2026-06-01 14:51:49,2026-06-01 14:56:44,4.2,4.92,12,1,4,Completed,False
VIS-20260601-100814,BR003,2026-06-01 14:09:47,2026-06-01,Monday,14,Debit Card,Regular,Walk-in,D596,C7,2026-06-01 14:17:38,2026-06-01 14:25:29,7.86,7.84,12,1,9,Completed,False
VIS-20260601-100815,BR003,2026-06-01 14:39:42,2026-06-01,Monday,14,Insurance,HNI,Walk-in,I279,C2,2026-06-01 15:02:39,2026-06-01 15:32:08,22.95,29.49,12,1,8,Completed,True
VIS-20260601-100816,BR003,2026-06-01 14:09:15,2026-06-01,Monday,14,Withdrawal,Regular,Walk-in,W501,C3,2026-06-01 14:10:52,2026-06-01 14:15:33,1.62,4.68,12,1,7,Completed,False
VIS-20260601-100817,BR003,2026-06-01 14:29:09,2026-06-01,Monday,14,Deposit,Regular,Walk-in,D966,C9,2026-06-01 14:30:58,2026-06-01 14:38:49,1.83,7.85,12,1,4,Completed,False
VIS-20260601-100818,BR003,2026-06-01 14:50:56,2026-06-01,Monday,14,Account Opening,Regular,Walk-in,A619,C5,2026-06-01 15:04:48,2026-06-01 15:20:50,13.88,16.03,12,1,7,Completed,False
VIS-20260601-100819,BR003,2026-06-01 14:31:46,2026-06-01,Monday,14,Withdrawal,Regular,Walk-in,W521,C2,2026-06-01 14:34:08,2026-06-01 14:36:16,2.37,2.13,12,1,10,Completed,False
VIS-20260601-100820,BR003,2026-06-01 15:17:32,2026-06-01,Monday,15,Deposit,Senior Citizen,Walk-in,D925,C7,2026-06-01 15:19:18,2026-06-01 15:26:52,1.77,7.57,12,1,4,Completed,False
VIS-20260601-100821,BR003,2026-06-01 15:32:21,2026-06-01,Monday,15,Credit Card,Senior Citizen,Walk-in,C240,C5,2026-06-01 15:38:01,2026-06-01 15:46:57,5.67,8.93,12,1,7,Completed,False
VIS-20260601-100822,BR003,2026-06-01 15:39:28,2026-06-01,Monday,15,Cheque Withdrawal,Senior Citizen,Walk-in,C684,C10,2026-06-01 15:43:47,2026-06-01 15:46:54,4.32,3.12,12,1,6,Completed,False
VIS-20260601-100823,BR003,2026-06-01 15:13:08,2026-06-01,Monday,15,Withdrawal,Regular,Walk-in,W747,C6,2026-06-01 15:20:32,2026-06-01 15:25:18,7.4,4.78,12,1,9,Completed,False
VIS-20260601-100824,BR003,2026-06-01 15:46:28,2026-06-01,Monday,15,Money Transfer,Senior Citizen,Walk-in,M647,C4,2026-06-01 15:51:44,2026-06-01 15:55:16,5.27,3.53,12,1,8,Completed,False
VIS-20260601-100825,BR003,2026-06-01 15:28:47,2026-06-01,Monday,15,Account Opening,HNI,Walk-in,A657,C1,2026-06-01 15:43:48,2026-06-01 16:03:29,15.03,19.67,12,1,7,Completed,False
VIS-20260601-100826,BR003,2026-06-01 15:29:18,2026-06-01,Monday,15,Aadhaar Linking,Senior Citizen,Walk-in,A486,C6,2026-06-01 15:34:00,2026-06-01 15:40:15,4.71,6.24,12,1,8,Completed,False
VIS-20260601-100827,BR003,2026-06-01 15:27:24,2026-06-01,Monday,15,Deposit,Regular,Walk-in,D216,C4,2026-06-01 15:35:06,2026-06-01 15:40:40,7.71,5.56,12,1,11,Completed,False
VIS-20260601-100828,BR003,2026-06-01 15:58:39,2026-06-01,Monday,15,Deposit,HNI,Booked,D287,C2,2026-06-01 16:00:10,2026-06-01 16:04:52,1.53,4.7,12,1,2,Completed,False
VIS-20260601-100829,BR003,2026-06-01 15:03:14,2026-06-01,Monday,15,Account Opening,HNI,Walk-in,A650,C8,2026-06-01 15:11:17,2026-06-01 15:31:46,8.05,20.49,12,1,4,Completed,False
VIS-20260601-100830,BR003,2026-06-01 15:36:45,2026-06-01,Monday,15,Cheque Withdrawal,Regular,Booked,C558,C10,2026-06-01 15:36:57,2026-06-01 15:42:13,0.2,5.27,12,1,1,Completed,False
VIS-20260601-100831,BR003,2026-06-01 15:51:59,2026-06-01,Monday,15,Cheque Withdrawal,HNI,Walk-in,C714,C3,2026-06-01 15:52:31,2026-06-01 15:57:38,0.54,5.12,12,1,4,Completed,False
VIS-20260601-100832,BR003,2026-06-01 15:37:53,2026-06-01,Monday,15,Locker Issuing,Regular,Walk-in,L392,C6,2026-06-01 15:50:48,2026-06-01 16:11:09,12.92,20.36,12,1,7,Completed,False
VIS-20260601-100833,BR003,2026-06-01 15:56:30,2026-06-01,Monday,15,Money Transfer,HNI,Walk-in,M716,C2,2026-06-01 16:02:07,2026-06-01 16:08:41,5.63,6.56,12,1,6,Completed,False
VIS-20260601-100834,BR003,2026-06-01 15:59:05,2026-06-01,Monday,15,PAN Linking,Regular,Walk-in,P419,C10,2026-06-01 16:07:25,2026-06-01 16:14:36,8.34,7.18,12,1,11,Completed,False
VIS-20260601-100835,BR003,2026-06-01 15:15:34,2026-06-01,Monday,15,KYC Related,Senior Citizen,Walk-in,K323,C4,2026-06-01 15:21:37,2026-06-01 15:30:14,6.06,8.61,12,1,5,Completed,False
VIS-20260601-100836,BR003,2026-06-01 15:35:12,2026-06-01,Monday,15,KYC Related,Corporate,Walk-in,K514,C2,2026-06-01 15:47:34,2026-06-01 16:00:48,12.37,13.23,12,1,7,Completed,False
VIS-20260601-100837,BR003,2026-06-01 15:19:46,2026-06-01,Monday,15,Aadhaar Linking,Regular,Walk-in,A530,C2,2026-06-01 15:26:14,2026-06-01 15:32:42,6.48,6.46,12,1,6,Completed,False
VIS-20260601-100838,BR003,2026-06-01 15:57:42,2026-06-01,Monday,15,Cheque Withdrawal,Regular,Walk-in,C777,C3,2026-06-01 16:02:18,2026-06-01 16:07:15,4.61,4.94,12,1,7,Completed,False
VIS-20260601-100839,BR003,2026-06-01 15:51:57,2026-06-01,Monday,15,KYC Related,Regular,Walk-in,K991,C6,2026-06-01 16:01:38,2026-06-01 16:10:04,9.69,8.44,12,1,10,Completed,False
VIS-20260601-100840,BR003,2026-06-01 15:45:43,2026-06-01,Monday,15,Account Opening,Regular,Walk-in,A672,C10,2026-06-01 15:53:50,2026-06-01 16:10:19,8.13,16.47,12,1,3,Completed,False
VIS-20260601-100841,BR003,2026-06-01 15:50:33,2026-06-01,Monday,15,Locker Issuing,Corporate,Walk-in,L969,C8,2026-06-01 16:08:55,2026-06-01 16:32:22,18.37,23.45,12,1,7,Completed,False
VIS-20260601-100842,BR003,2026-06-01 15:19:47,2026-06-01,Monday,15,Withdrawal,Regular,Booked,W621,C9,2026-06-01 15:19:59,2026-06-01 15:23:51,0.2,3.87,12,1,2,Completed,False
VIS-20260601-100843,BR003,2026-06-01 15:13:19,2026-06-01,Monday,15,Cheque Withdrawal,Regular,Walk-in,C407,C2,2026-06-01 15:16:38,2026-06-01 15:20:23,3.33,3.74,12,1,6,Completed,False
VIS-20260601-100844,BR003,2026-06-01 15:51:31,2026-06-01,Monday,15,Account Opening,Regular,Walk-in,A786,C4,2026-06-01 16:06:49,2026-06-01 16:26:49,15.31,19.99,12,1,8,Completed,False
VIS-20260601-100845,BR003,2026-06-01 15:05:03,2026-06-01,Monday,15,Debit Card,Regular,Walk-in,D856,C10,2026-06-01 15:10:25,2026-06-01 15:18:24,5.37,7.99,12,1,5,Completed,False
VIS-20260601-100846,BR003,2026-06-01 15:28:49,2026-06-01,Monday,15,Credit Card,Senior Citizen,Walk-in,C865,C3,2026-06-01 15:29:32,2026-06-01 15:35:44,0.72,6.2,12,1,4,Completed,False
VIS-20260601-100847,BR003,2026-06-01 15:54:19,2026-06-01,Monday,15,Deposit,Regular,Walk-in,D533,C9,2026-06-01 16:00:11,2026-06-01 16:05:44,5.87,5.56,12,1,7,Completed,False
VIS-20260601-100848,BR003,2026-06-01 15:18:18,2026-06-01,Monday,15,Money Transfer,Corporate,Walk-in,M189,C8,2026-06-01 15:25:45,2026-06-01 15:31:53,7.45,6.14,12,1,10,Completed,False
VIS-20260601-100849,BR003,2026-06-01 15:59:27,2026-06-01,Monday,15,Debit Card,Regular,Walk-in,D886,C10,2026-06-01 16:03:02,2026-06-01 16:12:49,3.59,9.79,12,1,4,Completed,False
VIS-20260601-100850,BR003,2026-06-01 15:31:23,2026-06-01,Monday,15,KYC Related,Regular,Booked,K839,C1,2026-06-01 15:31:56,2026-06-01 15:46:34,0.55,14.64,12,1,2,Completed,False
VIS-20260601-100851,BR003,2026-06-01 15:33:46,2026-06-01,Monday,15,Aadhaar Linking,Regular,Walk-in,A590,C7,2026-06-01 15:35:56,2026-06-01 15:43:00,2.17,7.07,12,1,5,Completed,False
VIS-20260601-100852,BR003,2026-06-01 15:35:10,2026-06-01,Monday,15,KYC Related,Regular,Booked,K417,C10,2026-06-01 15:39:17,2026-06-01 15:53:30,4.13,14.21,12,1,5,Completed,False
VIS-20260601-100853,BR003,2026-06-01 15:58:26,2026-06-01,Monday,15,Aadhaar Linking,Senior Citizen,Walk-in,A758,C10,2026-06-01 16:03:51,2026-06-01 16:13:14,5.42,9.38,12,1,5,Completed,False
VIS-20260601-100854,BR003,2026-06-01 15:47:21,2026-06-01,Monday,15,Debit Card,Regular,Walk-in,D590,C4,2026-06-01 15:51:15,2026-06-01 15:56:19,3.91,5.07,12,1,4,Completed,False
VIS-20260601-100855,BR003,2026-06-01 15:53:01,2026-06-01,Monday,15,Money Transfer,Senior Citizen,Walk-in,M264,C3,2026-06-01 15:56:13,2026-06-01 16:02:31,3.21,6.29,12,1,5,Completed,False
VIS-20260601-100856,BR003,2026-06-01 16:16:18,2026-06-01,Monday,16,Deposit,Regular,Walk-in,D175,C1,2026-06-01 16:19:39,2026-06-01 16:25:52,3.36,6.21,12,1,3,Completed,False
VIS-20260601-100857,BR003,2026-06-01 16:13:30,2026-06-01,Monday,16,Cheque Withdrawal,Regular,Booked,C923,C1,2026-06-01 16:13:42,2026-06-01 16:19:10,0.2,5.48,12,1,0,Completed,False
VIS-20260601-100858,BR003,2026-06-01 16:27:11,2026-06-01,Monday,16,Account Opening,HNI,Walk-in,A978,C9,2026-06-01 16:36:56,2026-06-01 17:00:15,9.76,23.32,12,1,3,Completed,False
VIS-20260601-100859,BR003,2026-06-01 16:12:10,2026-06-01,Monday,16,Account Opening,Regular,Booked,A386,C4,2026-06-01 16:12:22,2026-06-01 16:28:19,0.2,15.96,12,1,0,Completed,False
VIS-20260601-100860,BR003,2026-06-01 16:51:45,2026-06-01,Monday,16,Withdrawal,Corporate,Walk-in,W944,C6,2026-06-01 16:56:00,2026-06-01 16:59:57,4.26,3.94,12,1,5,Completed,False
VIS-20260601-100861,BR003,2026-06-01 16:42:20,2026-06-01,Monday,16,Withdrawal,Regular,Walk-in,W936,C1,2026-06-01 16:42:50,2026-06-01 16:45:43,0.5,2.89,12,1,4,Completed,False
VIS-20260601-100862,BR003,2026-06-01 16:13:57,2026-06-01,Monday,16,Money Transfer,HNI,Walk-in,M468,C9,2026-06-01 16:16:52,2026-06-01 16:22:41,2.93,5.81,12,1,4,Completed,False
VIS-20260601-100863,BR003,2026-06-01 16:22:15,2026-06-01,Monday,16,Withdrawal,Senior Citizen,Walk-in,W851,C10,2026-06-01 16:26:21,2026-06-01 16:30:09,4.1,3.81,12,1,7,Completed,False
VIS-20260601-100864,BR003,2026-06-01 16:51:38,2026-06-01,Monday,16,Withdrawal,Regular,Walk-in,W300,C4,2026-06-01 16:53:45,2026-06-01 16:58:18,2.12,4.56,12,1,4,Completed,False
VIS-20260601-100865,BR003,2026-06-01 16:13:04,2026-06-01,Monday,16,Deposit,Corporate,Walk-in,D894,C9,2026-06-01 16:15:45,2026-06-01 16:20:34,2.69,4.82,12,1,6,Completed,False
VIS-20260601-100866,BR003,2026-06-01 16:21:55,2026-06-01,Monday,16,Debit Card,Senior Citizen,Walk-in,D823,C5,2026-06-01 16:24:01,2026-06-01 16:29:04,2.11,5.05,12,1,6,Completed,False
VIS-20260601-100867,BR003,2026-06-01 16:48:31,2026-06-01,Monday,16,Aadhaar Linking,HNI,Walk-in,A979,C3,2026-06-01 16:53:12,2026-06-01 17:03:23,4.69,10.18,12,1,6,Completed,False
VIS-20260601-100868,BR003,2026-06-01 16:49:47,2026-06-01,Monday,16,Withdrawal,Regular,Walk-in,W545,C2,2026-06-01 16:52:04,2026-06-01 16:56:07,2.29,4.05,12,1,9,Completed,False
VIS-20260601-100869,BR003,2026-06-01 16:40:10,2026-06-01,Monday,16,Loans - Payment and Sanctioning,HNI,Booked,L105,C8,2026-06-01 16:42:45,2026-06-01 17:16:49,2.59,34.07,12,1,2,Completed,False
VIS-20260601-100870,BR003,2026-06-01 16:52:28,2026-06-01,Monday,16,KYC Related,Senior Citizen,Walk-in,K923,C4,2026-06-01 16:55:52,2026-06-01 17:08:17,3.4,12.42,12,1,2,Completed,False
VIS-20260601-100871,BR003,2026-06-01 16:49:07,2026-06-01,Monday,16,Money Transfer,Regular,Walk-in,M197,C6,2026-06-01 16:52:44,2026-06-01 16:59:04,3.63,6.33,12,1,7,Completed,False
VIS-20260601-100872,BR003,2026-06-01 16:23:14,2026-06-01,Monday,16,Debit Card,Regular,Walk-in,D435,C3,2026-06-01 16:26:18,2026-06-01 16:33:38,3.08,7.32,12,1,6,Completed,False
VIS-20260601-100873,BR003,2026-06-01 16:52:59,2026-06-01,Monday,16,KYC Related,Regular,Walk-in,K756,C1,2026-06-01 17:00:01,2026-06-01 17:14:34,7.04,14.55,12,1,3,Completed,False
VIS-20260601-100874,BR003,2026-06-01 16:02:08,2026-06-01,Monday,16,Withdrawal,Regular,Walk-in,W139,C1,2026-06-01 16:03:46,2026-06-01 16:06:46,1.64,3.0,12,1,8,Completed,False
VIS-20260601-100875,BR003,2026-06-01 16:11:09,2026-06-01,Monday,16,Credit Card,Corporate,Walk-in,C760,C8,2026-06-01 16:18:12,2026-06-01 16:28:05,7.06,9.88,12,1,7,Completed,False
VIS-20260601-100876,BR003,2026-06-01 16:45:33,2026-06-01,Monday,16,Cheque Withdrawal,Senior Citizen,Walk-in,C263,C7,2026-06-01 16:48:46,2026-06-01 16:52:48,3.22,4.04,12,1,4,Completed,False
VIS-20260601-100877,BR003,2026-06-01 16:19:11,2026-06-01,Monday,16,Deposit,Regular,Booked,D338,C5,2026-06-01 16:19:40,2026-06-01 16:25:48,0.49,6.13,12,1,2,Completed,False
VIS-20260601-100878,BR003,2026-06-01 16:56:18,2026-06-01,Monday,16,Account Opening,Regular,Walk-in,A932,C4,2026-06-01 17:14:46,2026-06-01 17:34:37,18.47,19.85,12,1,8,Completed,False
VIS-20260601-100879,BR003,2026-06-01 16:39:42,2026-06-01,Monday,16,Money Transfer,Regular,Walk-in,M576,C1,2026-06-01 16:46:00,2026-06-01 16:52:19,6.31,6.31,12,1,7,Completed,False
VIS-20260601-100880,BR003,2026-06-01 16:50:16,2026-06-01,Monday,16,KYC Related,Senior Citizen,Walk-in,K378,C9,2026-06-01 16:53:38,2026-06-01 17:06:49,3.37,13.18,12,1,3,Completed,False
VIS-20260601-100881,BR003,2026-06-01 16:07:23,2026-06-01,Monday,16,Money Transfer,Regular,Walk-in,M325,C4,2026-06-01 16:09:04,2026-06-01 16:12:38,1.69,3.57,12,1,6,Completed,False
VIS-20260601-100882,BR003,2026-06-01 16:43:31,2026-06-01,Monday,16,Money Transfer,Regular,Walk-in,M120,C1,2026-06-01 16:45:04,2026-06-01 16:50:35,1.56,5.52,12,1,6,Completed,False
VIS-20260601-100883,BR004,2026-06-01 09:50:00,2026-06-01,Monday,9,Deposit,Regular,Booked,D579,C7,2026-06-01 09:51:09,2026-06-01 09:56:21,1.15,5.2,9,1,0,Completed,False
VIS-20260601-100884,BR004,2026-06-01 09:10:04,2026-06-01,Monday,9,Money Transfer,Corporate,Walk-in,M160,C6,2026-06-01 09:12:45,2026-06-01 09:16:58,2.69,4.22,9,1,6,Completed,False
VIS-20260601-100885,BR004,2026-06-01 09:13:19,2026-06-01,Monday,9,Aadhaar Linking,Corporate,Walk-in,A627,C3,2026-06-01 09:17:34,2026-06-01 09:26:26,4.26,8.87,9,1,5,Completed,False
VIS-20260601-100886,BR004,2026-06-01 09:57:14,2026-06-01,Monday,9,Credit Card,Regular,Walk-in,C768,C2,2026-06-01 10:03:01,2026-06-01 10:08:30,5.79,5.49,9,1,4,Completed,False
VIS-20260601-100887,BR004,2026-06-01 09:37:56,2026-06-01,Monday,9,Withdrawal,Regular,Walk-in,W224,C5,2026-06-01 09:41:38,2026-06-01 09:43:44,3.71,2.09,9,1,4,Completed,False
VIS-20260601-100888,BR004,2026-06-01 09:24:14,2026-06-01,Monday,9,Withdrawal,Regular,Walk-in,W746,C8,2026-06-01 09:26:03,2026-06-01 09:29:21,1.82,3.3,9,1,6,Completed,False
VIS-20260601-100889,BR004,2026-06-01 09:11:03,2026-06-01,Monday,9,Deposit,Senior Citizen,Walk-in,D419,C5,2026-06-01 09:13:29,2026-06-01 09:18:22,2.44,4.89,9,1,3,Completed,False
VIS-20260601-100890,BR004,2026-06-01 09:15:56,2026-06-01,Monday,9,Money Transfer,Regular,Walk-in,M731,C3,2026-06-01 09:18:50,2026-06-01 09:21:57,2.91,3.11,9,1,5,Completed,False
VIS-20260601-100891,BR004,2026-06-01 09:16:23,2026-06-01,Monday,9,Credit Card,Regular,Walk-in,C462,C5,2026-06-01 09:22:04,2026-06-01 09:30:42,5.69,8.63,9,1,6,Completed,False
VIS-20260601-100892,BR004,2026-06-01 09:46:34,2026-06-01,Monday,9,Cheque Withdrawal,Senior Citizen,Walk-in,C280,C8,2026-06-01 09:52:23,2026-06-01 09:57:44,5.82,5.36,9,1,7,Completed,False
VIS-20260601-100893,BR004,2026-06-01 09:14:31,2026-06-01,Monday,9,Debit Card,Senior Citizen,Walk-in,D193,C2,2026-06-01 09:19:22,2026-06-01 09:24:35,4.85,5.23,9,1,6,Completed,False
VIS-20260601-100894,BR004,2026-06-01 09:46:12,2026-06-01,Monday,9,KYC Related,Regular,Walk-in,K197,C4,2026-06-01 09:58:05,2026-06-01 10:08:56,11.89,10.85,9,1,6,Completed,False
VIS-20260601-100895,BR004,2026-06-01 09:13:22,2026-06-01,Monday,9,Withdrawal,Regular,Walk-in,W873,C7,2026-06-01 09:14:52,2026-06-01 09:18:17,1.51,3.42,9,1,4,Completed,False
VIS-20260601-100896,BR004,2026-06-01 09:12:18,2026-06-01,Monday,9,Debit Card,Regular,Walk-in,D780,C2,2026-06-01 09:24:12,2026-06-01 09:33:28,11.9,9.27,9,1,7,Completed,False
VIS-20260601-100897,BR004,2026-06-01 09:35:03,2026-06-01,Monday,9,Cheque Withdrawal,Corporate,Walk-in,C539,C7,2026-06-01 09:38:31,2026-06-01 09:41:57,3.48,3.43,9,1,5,Completed,False
VIS-20260601-100898,BR004,2026-06-01 09:23:08,2026-06-01,Monday,9,Account Opening,Regular,Booked,A558,C5,2026-06-01 09:24:50,2026-06-01 09:42:26,1.71,17.59,9,1,1,Completed,False
VIS-20260601-100899,BR004,2026-06-01 09:20:42,2026-06-01,Monday,9,Withdrawal,Regular,Walk-in,W480,C1,2026-06-01 09:24:38,2026-06-01 09:29:18,3.94,4.67,9,1,8,Completed,False
VIS-20260601-100900,BR004,2026-06-01 09:31:27,2026-06-01,Monday,9,Money Transfer,Corporate,Walk-in,M306,C6,2026-06-01 09:37:40,2026-06-01 09:43:26,6.23,5.76,9,1,5,Completed,False
VIS-20260601-100901,BR004,2026-06-01 09:48:14,2026-06-01,Monday,9,Account Opening,Regular,Walk-in,A436,C4,2026-06-01 09:56:32,2026-06-01 10:13:59,8.31,17.44,9,1,3,Completed,False
VIS-20260601-100902,BR004,2026-06-01 10:49:48,2026-06-01,Monday,10,Money Transfer,Corporate,Walk-in,M804,C6,2026-06-01 10:52:49,2026-06-01 10:56:25,3.02,3.6,9,1,6,Completed,False
VIS-20260601-100903,BR004,2026-06-01 10:31:18,2026-06-01,Monday,10,Account Opening,HNI,Walk-in,A201,C7,2026-06-01 10:57:43,2026-06-01 11:16:41,26.43,18.96,9,1,9,Completed,True
VIS-20260601-100904,BR004,2026-06-01 10:01:33,2026-06-01,Monday,10,Deposit,Regular,Walk-in,D732,C4,2026-06-01 10:10:09,2026-06-01 10:16:10,8.6,6.03,9,1,8,Completed,False
VIS-20260601-100905,BR004,2026-06-01 10:48:53,2026-06-01,Monday,10,Locker Issuing,Regular,Walk-in,L924,C4,2026-06-01 11:36:56,2026-06-01 12:06:08,48.06,29.2,9,1,12,Completed,True
VIS-20260601-100906,BR004,2026-06-01 10:39:45,2026-06-01,Monday,10,KYC Related,Regular,Walk-in,K922,C7,2026-06-01 10:57:23,2026-06-01 11:10:59,17.64,13.6,9,1,10,Completed,False
VIS-20260601-100907,BR004,2026-06-01 10:08:53,2026-06-01,Monday,10,Withdrawal,Senior Citizen,Walk-in,W852,C8,2026-06-01 10:16:03,2026-06-01 10:19:40,7.17,3.62,9,1,9,Completed,False
VIS-20260601-100908,BR004,2026-06-01 10:03:05,2026-06-01,Monday,10,Deposit,Regular,Booked,D854,C8,2026-06-01 10:03:17,2026-06-01 10:08:50,0.2,5.55,9,1,2,Completed,False
VIS-20260601-100909,BR004,2026-06-01 10:41:49,2026-06-01,Monday,10,Money Transfer,Corporate,Walk-in,M282,C1,2026-06-01 10:50:01,2026-06-01 10:56:16,8.21,6.25,9,1,9,Completed,False
VIS-20260601-100910,BR004,2026-06-01 10:49:17,2026-06-01,Monday,10,Withdrawal,Senior Citizen,Walk-in,W567,C2,2026-06-01 10:56:45,2026-06-01 11:00:05,7.47,3.33,9,1,12,Completed,False
VIS-20260601-100911,BR004,2026-06-01 10:44:27,2026-06-01,Monday,10,Deposit,Regular,Walk-in,D326,C1,2026-06-01 10:51:10,2026-06-01 10:56:15,6.72,5.09,9,1,7,Completed,False
VIS-20260601-100912,BR004,2026-06-01 10:02:29,2026-06-01,Monday,10,Credit Card,Corporate,Walk-in,C178,C8,2026-06-01 10:16:26,2026-06-01 10:24:59,13.96,8.54,9,1,11,Completed,False
VIS-20260601-100913,BR004,2026-06-01 10:32:31,2026-06-01,Monday,10,Cheque Withdrawal,HNI,Walk-in,C564,C2,2026-06-01 10:35:11,2026-06-01 10:39:27,2.68,4.26,9,1,7,Completed,False
VIS-20260601-100914,BR004,2026-06-01 10:47:24,2026-06-01,Monday,10,Deposit,Regular,Walk-in,D219,C1,2026-06-01 10:55:52,2026-06-01 11:01:58,8.48,6.1,9,1,8,Completed,False
VIS-20260601-100915,BR004,2026-06-01 10:22:54,2026-06-01,Monday,10,Locker Issuing,Senior Citizen,Walk-in,L924,C1,2026-06-01 10:52:29,2026-06-01 11:15:40,29.59,23.18,9,1,9,Completed,True
VIS-20260601-100916,BR004,2026-06-01 10:02:39,2026-06-01,Monday,10,Withdrawal,Regular,Walk-in,W339,C7,2026-06-01 10:08:35,2026-06-01 10:12:51,5.94,4.27,9,1,12,Completed,False
VIS-20260601-100917,BR004,2026-06-01 10:49:59,2026-06-01,Monday,10,KYC Related,Regular,Walk-in,K657,C8,2026-06-01 11:18:04,2026-06-01 11:32:07,28.09,14.05,9,1,13,Completed,True
VIS-20260601-100918,BR004,2026-06-01 10:36:56,2026-06-01,Monday,10,Money Transfer,Regular,Walk-in,M601,C8,2026-06-01 10:45:51,2026-06-01 10:52:23,8.92,6.53,9,1,8,Completed,False
VIS-20260601-100919,BR004,2026-06-01 10:52:27,2026-06-01,Monday,10,Deposit,Regular,Walk-in,D909,C8,2026-06-01 10:58:07,2026-06-01 11:03:37,5.68,5.49,9,1,10,Completed,False
VIS-20260601-100920,BR004,2026-06-01 10:23:23,2026-06-01,Monday,10,Loans - Payment and Sanctioning,Regular,Walk-in,L612,C1,2026-06-01 10:56:38,2026-06-01 11:23:55,33.26,27.28,9,1,9,Completed,True
VIS-20260601-100921,BR004,2026-06-01 10:06:04,2026-06-01,Monday,10,Withdrawal,Corporate,Walk-in,W609,C8,2026-06-01 10:10:53,2026-06-01 10:14:49,4.82,3.94,9,1,7,Completed,False
VIS-20260601-100922,BR004,2026-06-01 10:54:41,2026-06-01,Monday,10,Money Transfer,HNI,Walk-in,M524,C2,2026-06-01 11:00:42,2026-06-01 11:05:51,6.02,5.15,9,1,10,Completed,False
VIS-20260601-100923,BR004,2026-06-01 10:26:27,2026-06-01,Monday,10,Withdrawal,Senior Citizen,Walk-in,W274,C3,2026-06-01 10:28:12,2026-06-01 10:30:13,1.76,2.01,9,1,13,Completed,False
VIS-20260601-100924,BR004,2026-06-01 10:43:19,2026-06-01,Monday,10,Withdrawal,Regular,Booked,W468,C7,2026-06-01 10:44:08,2026-06-01 10:48:13,0.82,4.09,9,1,1,Completed,False
VIS-20260601-100925,BR004,2026-06-01 10:25:26,2026-06-01,Monday,10,Other,Senior Citizen,Walk-in,O642,C4,2026-06-01 10:33:05,2026-06-01 10:43:03,7.65,9.98,9,1,5,Completed,False
VIS-20260601-100926,BR004,2026-06-01 10:12:48,2026-06-01,Monday,10,Credit Card,Regular,Walk-in,C221,C3,2026-06-01 10:25:42,2026-06-01 10:34:21,12.9,8.65,9,1,10,Completed,False
VIS-20260601-100927,BR004,2026-06-01 10:49:25,2026-06-01,Monday,10,Money Transfer,Regular,Walk-in,M403,C3,2026-06-01 10:55:13,2026-06-01 10:59:14,5.81,4.02,9,1,10,Completed,False
VIS-20260601-100928,BR004,2026-06-01 10:28:13,2026-06-01,Monday,10,KYC Related,Regular,Walk-in,K932,C6,2026-06-01 10:48:44,2026-06-01 11:03:24,20.53,14.66,9,1,11,Completed,True
VIS-20260601-100929,BR004,2026-06-01 10:19:29,2026-06-01,Monday,10,Deposit,Senior Citizen,Booked,D701,C7,2026-06-01 10:21:42,2026-06-01 10:26:46,2.22,5.07,9,1,5,Completed,False
VIS-20260601-100930,BR004,2026-06-01 10:29:45,2026-06-01,Monday,10,Credit Card,Regular,Walk-in,C519,C1,2026-06-01 10:39:36,2026-06-01 10:47:06,9.85,7.51,9,1,8,Completed,False
VIS-20260601-100931,BR004,2026-06-01 10:31:14,2026-06-01,Monday,10,Money Transfer,Regular,Walk-in,M581,C7,2026-06-01 10:35:32,2026-06-01 10:38:38,4.3,3.11,9,1,8,Completed,False
VIS-20260601-100932,BR004,2026-06-01 10:24:42,2026-06-01,Monday,10,Loans - Payment and Sanctioning,Regular,Booked,L233,C4,2026-06-01 10:24:54,2026-06-01 11:02:52,0.2,37.97,9,1,0,Completed,False
VIS-20260601-100933,BR004,2026-06-01 10:32:10,2026-06-01,Monday,10,Deposit,Regular,Walk-in,D444,C7,2026-06-01 10:39:08,2026-06-01 10:43:15,6.97,4.12,9,1,7,Completed,False
VIS-20260601-100934,BR004,2026-06-01 10:11:40,2026-06-01,Monday,10,Debit Card,Regular,Walk-in,D208,C2,2026-06-01 10:16:49,2026-06-01 10:21:56,5.15,5.12,9,1,6,Completed,False
VIS-20260601-100935,BR004,2026-06-01 10:56:12,2026-06-01,Monday,10,Credit Card,Regular,Walk-in,C498,C6,2026-06-01 11:02:52,2026-06-01 11:08:40,6.67,5.8,9,1,8,Completed,False
VIS-20260601-100936,BR004,2026-06-01 10:26:45,2026-06-01,Monday,10,Debit Card,Regular,Walk-in,D280,C7,2026-06-01 10:39:09,2026-06-01 10:47:09,12.4,8.01,9,1,10,Completed,False
VIS-20260601-100937,BR004,2026-06-01 11:31:09,2026-06-01,Monday,11,Loans - Payment and Sanctioning,HNI,Walk-in,L515,C2,2026-06-01 12:06:07,2026-06-01 12:45:21,34.97,39.23,9,1,6,Completed,True
VIS-20260601-100938,BR004,2026-06-01 11:19:15,2026-06-01,Monday,11,KYC Related,Regular,Walk-in,K714,C1,2026-06-01 11:37:45,2026-06-01 11:52:20,18.5,14.59,9,1,9,Completed,False
VIS-20260601-100939,BR004,2026-06-01 11:26:38,2026-06-01,Monday,11,Credit Card,HNI,Booked,C364,C5,2026-06-01 11:26:50,2026-06-01 11:34:39,0.2,7.83,9,1,0,Completed,False
VIS-20260601-100940,BR004,2026-06-01 11:37:03,2026-06-01,Monday,11,Account Opening,HNI,Walk-in,A494,C8,2026-06-01 12:02:00,2026-06-01 12:21:13,24.96,19.22,9,1,10,Completed,True
VIS-20260601-100941,BR004,2026-06-01 11:32:20,2026-06-01,Monday,11,Account Opening,Regular,Walk-in,A138,C6,2026-06-01 11:58:30,2026-06-01 12:14:56,26.18,16.42,9,1,11,Completed,True
VIS-20260601-100942,BR004,2026-06-01 11:12:42,2026-06-01,Monday,11,Credit Card,Regular,Booked,C878,C5,2026-06-01 11:14:12,2026-06-01 11:22:39,1.5,8.46,9,1,4,Completed,False
VIS-20260601-100943,BR004,2026-06-01 11:11:53,2026-06-01,Monday,11,Credit Card,Regular,Booked,C626,C1,2026-06-01 11:13:14,2026-06-01 11:21:04,1.35,7.84,9,1,4,Completed,False
VIS-20260601-100944,BR004,2026-06-01 11:55:01,2026-06-01,Monday,11,Deposit,Regular,Walk-in,D760,C5,2026-06-01 12:04:43,2026-06-01 12:11:58,9.7,7.25,9,1,8,Completed,False
VIS-20260601-100945,BR004,2026-06-01 11:40:19,2026-06-01,Monday,11,Deposit,Regular,Walk-in,D134,C7,2026-06-01 11:46:44,2026-06-01 11:51:16,6.43,4.53,9,1,6,Completed,False
VIS-20260601-100946,BR004,2026-06-01 11:23:34,2026-06-01,Monday,11,Withdrawal,HNI,Walk-in,W730,C4,2026-06-01 11:29:32,2026-06-01 11:34:21,5.97,4.82,9,1,8,Completed,False
VIS-20260601-100947,BR004,2026-06-01 11:19:54,2026-06-01,Monday,11,Deposit,Regular,Walk-in,D598,C4,2026-06-01 11:26:39,2026-06-01 11:32:24,6.76,5.75,9,1,9,Completed,False
VIS-20260601-100948,BR004,2026-06-01 11:10:44,2026-06-01,Monday,11,Withdrawal,HNI,Walk-in,W985,C2,2026-06-01 11:17:08,2026-06-01 11:20:08,6.4,3.0,9,1,9,Completed,False
VIS-20260601-100949,BR004,2026-06-01 11:11:17,2026-06-01,Monday,11,Deposit,Regular,Walk-in,D817,C7,2026-06-01 11:20:19,2026-06-01 11:26:36,9.04,6.29,9,1,8,Completed,False
VIS-20260601-100950,BR004,2026-06-01 11:07:29,2026-06-01,Monday,11,Withdrawal,Regular,Walk-in,W633,C5,2026-06-01 11:12:12,2026-06-01 11:14:48,4.72,2.61,9,1,6,Completed,False
VIS-20260601-100951,BR004,2026-06-01 11:07:54,2026-06-01,Monday,11,Withdrawal,Regular,Walk-in,W369,C2,2026-06-01 11:14:47,2026-06-01 11:17:57,6.89,3.17,9,1,11,Completed,False
VIS-20260601-100952,BR004,2026-06-01 11:14:49,2026-06-01,Monday,11,Deposit,Regular,Walk-in,D953,C6,2026-06-01 11:26:23,2026-06-01 11:34:02,11.58,7.65,9,1,9,Completed,False
VIS-20260601-100953,BR004,2026-06-01 11:59:03,2026-06-01,Monday,11,Money Transfer,Regular,Walk-in,M704,C3,2026-06-01 12:04:42,2026-06-01 12:10:00,5.65,5.31,9,1,9,Completed,False
VIS-20260601-100954,BR004,2026-06-01 11:09:04,2026-06-01,Monday,11,Cheque Withdrawal,Regular,Walk-in,C626,C7,2026-06-01 11:11:17,2026-06-01 11:15:02,2.22,3.76,9,1,6,Completed,False
VIS-20260601-100955,BR004,2026-06-01 11:01:31,2026-06-01,Monday,11,Deposit,Regular,Booked,D241,C6,2026-06-01 11:01:53,2026-06-01 11:06:27,0.38,4.56,9,1,2,Completed,False
VIS-20260601-100956,BR004,2026-06-01 11:52:07,2026-06-01,Monday,11,Debit Card,HNI,Walk-in,D739,C4,2026-06-01 12:02:41,2026-06-01 12:10:22,10.58,7.68,9,1,10,Completed,False
VIS-20260601-100957,BR004,2026-06-01 11:07:24,2026-06-01,Monday,11,Money Transfer,Regular,Walk-in,M551,C7,2026-06-01 11:13:30,2026-06-01 11:18:24,6.11,4.89,9,1,8,Completed,False
VIS-20260601-100958,BR004,2026-06-01 11:49:56,2026-06-01,Monday,11,Withdrawal,Regular,Walk-in,W518,C6,2026-06-01 11:55:07,2026-06-01 11:57:24,5.19,2.29,9,1,7,Completed,False
VIS-20260601-100959,BR004,2026-06-01 11:59:20,2026-06-01,Monday,11,KYC Related,Regular,Booked,K507,C2,2026-06-01 12:00:47,2026-06-01 12:09:02,1.46,8.25,9,1,4,Completed,False
VIS-20260601-100960,BR004,2026-06-01 11:21:24,2026-06-01,Monday,11,KYC Related,Regular,Walk-in,K174,C2,2026-06-01 11:29:05,2026-06-01 11:39:27,7.69,10.36,9,1,6,Completed,False
VIS-20260601-100961,BR004,2026-06-01 11:53:08,2026-06-01,Monday,11,Debit Card,Regular,Walk-in,D664,C6,2026-06-01 12:00:39,2026-06-01 12:08:15,7.53,7.6,9,1,5,Completed,False
VIS-20260601-100962,BR004,2026-06-01 11:40:11,2026-06-01,Monday,11,Deposit,Regular,Walk-in,D613,C6,2026-06-01 11:46:33,2026-06-01 11:53:53,6.37,7.34,9,1,8,Completed,False
VIS-20260601-100963,BR004,2026-06-01 11:20:16,2026-06-01,Monday,11,Credit Card,Senior Citizen,Walk-in,C151,C5,2026-06-01 11:31:47,2026-06-01 11:41:04,11.53,9.28,9,1,9,Completed,False
VIS-20260601-100964,BR004,2026-06-01 11:15:37,2026-06-01,Monday,11,KYC Related,Regular,Walk-in,K952,C5,2026-06-01 11:35:07,2026-06-01 11:49:50,19.51,14.72,9,1,9,Completed,False
VIS-20260601-100965,BR004,2026-06-01 11:49:17,2026-06-01,Monday,11,KYC Related,Regular,Booked,K474,C5,2026-06-01 11:53:12,2026-06-01 12:03:55,3.92,10.72,9,1,6,Completed,False
VIS-20260601-100966,BR004,2026-06-01 11:03:22,2026-06-01,Monday,11,Locker Issuing,Regular,Walk-in,L914,C8,2026-06-01 11:36:56,2026-06-01 12:04:50,33.57,27.9,9,1,8,Completed,True
VIS-20260601-100967,BR004,2026-06-01 11:29:31,2026-06-01,Monday,11,Deposit,Regular,Walk-in,D693,C4,2026-06-01 11:34:35,2026-06-01 11:42:07,5.08,7.52,9,1,6,Completed,False
VIS-20260601-100968,BR004,2026-06-01 11:13:12,2026-06-01,Monday,11,Aadhaar Linking,Senior Citizen,Walk-in,A461,C4,2026-06-01 11:21:09,2026-06-01 11:27:31,7.96,6.36,9,1,8,Completed,False
VIS-20260601-100969,BR004,2026-06-01 11:34:19,2026-06-01,Monday,11,Deposit,Senior Citizen,Walk-in,D246,C6,2026-06-01 11:42:50,2026-06-01 11:49:37,8.53,6.78,9,1,7,Completed,False
VIS-20260601-100970,BR004,2026-06-01 11:14:58,2026-06-01,Monday,11,Deposit,HNI,Walk-in,D180,C7,2026-06-01 11:21:25,2026-06-01 11:27:39,6.45,6.24,9,1,8,Completed,False
VIS-20260601-100971,BR004,2026-06-01 11:11:31,2026-06-01,Monday,11,Withdrawal,Regular,Booked,W378,C5,2026-06-01 11:11:43,2026-06-01 11:16:11,0.2,4.48,9,1,1,Completed,False
VIS-20260601-100972,BR004,2026-06-01 12:22:00,2026-06-01,Monday,12,Deposit,Regular,Walk-in,D646,C2,2026-06-01 12:25:31,2026-06-01 12:29:48,3.52,4.29,9,1,6,Completed,False
VIS-20260601-100973,BR004,2026-06-01 12:56:00,2026-06-01,Monday,12,Account Opening,Regular,Walk-in,A734,C6,2026-06-01 13:22:22,2026-06-01 13:44:09,26.38,21.78,9,1,9,Completed,True
VIS-20260601-100974,BR004,2026-06-01 12:06:45,2026-06-01,Monday,12,Withdrawal,Corporate,Walk-in,W140,C4,2026-06-01 12:08:16,2026-06-01 12:11:37,1.53,3.34,9,1,7,Completed,False
VIS-20260601-100975,BR004,2026-06-01 12:40:11,2026-06-01,Monday,12,Aadhaar Linking,Senior Citizen,Booked,A669,C6,2026-06-01 12:40:23,2026-06-01 12:48:12,0.2,7.82,9,1,0,Completed,False
VIS-20260601-100976,BR004,2026-06-01 12:27:45,2026-06-01,Monday,12,Other,Senior Citizen,Walk-in,O445,C6,2026-06-01 12:37:20,2026-06-01 12:48:54,9.59,11.56,9,1,7,Completed,False
VIS-20260601-100977,BR004,2026-06-01 12:52:02,2026-06-01,Monday,12,Insurance,Regular,Walk-in,I535,C7,2026-06-01 13:08:30,2026-06-01 13:24:44,16.47,16.24,9,1,7,Completed,False
VIS-20260601-100978,BR004,2026-06-01 12:29:28,2026-06-01,Monday,12,Withdrawal,Regular,Walk-in,W311,C3,2026-06-01 12:34:08,2026-06-01 12:39:02,4.68,4.9,9,1,7,Completed,False
VIS-20260601-100979,BR004,2026-06-01 12:02:36,2026-06-01,Monday,12,Withdrawal,HNI,Walk-in,W775,C1,2026-06-01 12:10:07,2026-06-01 12:14:38,7.52,4.52,9,1,8,Completed,False
VIS-20260601-100980,BR004,2026-06-01 12:44:33,2026-06-01,Monday,12,Account Opening,Corporate,Booked,A158,C3,2026-06-01 12:45:30,2026-06-01 13:08:04,0.96,22.56,9,1,0,Completed,False
VIS-20260601-100981,BR004,2026-06-01 12:30:44,2026-06-01,Monday,12,KYC Related,Senior Citizen,Booked,K806,C7,2026-06-01 12:31:37,2026-06-01 12:45:12,0.89,13.59,9,1,2,Completed,False
VIS-20260601-100982,BR004,2026-06-01 12:17:10,2026-06-01,Monday,12,Withdrawal,Regular,Walk-in,W739,C7,2026-06-01 12:21:49,2026-06-01 12:26:01,4.66,4.2,9,1,6,Completed,False
VIS-20260601-100983,BR004,2026-06-01 12:53:36,2026-06-01,Monday,12,Withdrawal,Regular,Walk-in,W252,C4,2026-06-01 12:57:17,2026-06-01 13:01:27,3.69,4.16,9,1,8,Completed,False
VIS-20260601-100984,BR004,2026-06-01 12:31:10,2026-06-01,Monday,12,Deposit,Senior Citizen,Walk-in,D241,C5,2026-06-01 12:32:59,2026-06-01 12:37:38,1.82,4.66,9,1,4,Completed,False
VIS-20260601-100985,BR004,2026-06-01 12:00:59,2026-06-01,Monday,12,Withdrawal,Regular,Walk-in,W932,C3,2026-06-01 12:04:14,2026-06-01 12:08:11,3.26,3.94,9,1,6,Completed,False
VIS-20260601-100986,BR004,2026-06-01 12:58:28,2026-06-01,Monday,12,Deposit,Regular,Walk-in,D271,C7,2026-06-01 13:05:32,2026-06-01 13:12:25,7.07,6.89,9,1,6,Completed,False
VIS-20260601-100987,BR004,2026-06-01 12:05:58,2026-06-01,Monday,12,Money Transfer,Regular,Walk-in,M172,C3,2026-06-01 12:13:08,2026-06-01 12:16:56,7.18,3.8,9,1,11,Completed,False
VIS-20260601-100988,BR004,2026-06-01 12:48:21,2026-06-01,Monday,12,Credit Card,Regular,Walk-in,C546,C1,2026-06-01 12:53:30,2026-06-01 13:00:27,5.15,6.96,9,1,6,Completed,False
VIS-20260601-100989,BR004,2026-06-01 12:19:46,2026-06-01,Monday,12,Withdrawal,Regular,Walk-in,W258,C7,2026-06-01 12:22:55,2026-06-01 12:25:47,3.16,2.87,9,1,9,Completed,False
VIS-20260601-100990,BR004,2026-06-01 12:04:55,2026-06-01,Monday,12,Withdrawal,Regular,Walk-in,W574,C7,2026-06-01 12:06:19,2026-06-01 12:08:23,1.4,2.08,9,1,9,Completed,False
VIS-20260601-100991,BR004,2026-06-01 12:57:24,2026-06-01,Monday,12,PAN Linking,Regular,Walk-in,P592,C4,2026-06-01 13:05:52,2026-06-01 13:16:31,8.48,10.65,9,1,5,Completed,False
VIS-20260601-100992,BR004,2026-06-01 12:29:18,2026-06-01,Monday,12,Account Opening,Regular,Walk-in,A289,C5,2026-06-01 12:57:12,2026-06-01 13:20:01,27.91,22.82,9,1,8,Completed,True
VIS-20260601-100993,BR004,2026-06-01 12:49:47,2026-06-01,Monday,12,Deposit,Regular,Walk-in,D783,C8,2026-06-01 12:57:07,2026-06-01 13:02:22,7.34,5.25,9,1,7,Completed,False
VIS-20260601-100994,BR004,2026-06-01 12:40:26,2026-06-01,Monday,12,KYC Related,Corporate,Booked,K263,C5,2026-06-01 12:41:35,2026-06-01 12:54:51,1.15,13.28,9,1,0,Completed,False
VIS-20260601-100995,BR004,2026-06-01 12:53:45,2026-06-01,Monday,12,Credit Card,Senior Citizen,Walk-in,C951,C2,2026-06-01 13:02:04,2026-06-01 13:09:19,8.33,7.24,9,1,7,Completed,False
VIS-20260601-100996,BR004,2026-06-01 12:37:19,2026-06-01,Monday,12,Cheque Withdrawal,Regular,Walk-in,C192,C1,2026-06-01 12:41:04,2026-06-01 12:44:26,3.75,3.37,9,1,8,Completed,False
VIS-20260601-100997,BR004,2026-06-01 12:18:58,2026-06-01,Monday,12,Loans - Payment and Sanctioning,Regular,Walk-in,L615,C5,2026-06-01 12:53:35,2026-06-01 13:22:20,34.63,28.75,9,1,8,Completed,True
VIS-20260601-100998,BR004,2026-06-01 13:54:10,2026-06-01,Monday,13,Withdrawal,Regular,Walk-in,W874,C7,2026-06-01 13:56:59,2026-06-01 14:00:02,2.83,3.04,9,1,4,Completed,False
VIS-20260601-100999,BR004,2026-06-01 13:57:20,2026-06-01,Monday,13,Insurance,Regular,Walk-in,I595,C7,2026-06-01 14:11:39,2026-06-01 14:28:19,14.33,16.66,9,1,7,Completed,False
VIS-20260601-101000,BR004,2026-06-01 13:56:48,2026-06-01,Monday,13,Withdrawal,Senior Citizen,Booked,W862,C3,2026-06-01 13:57:50,2026-06-01 14:01:06,1.04,3.26,9,1,0,Completed,False
VIS-20260601-101001,BR004,2026-06-01 13:42:15,2026-06-01,Monday,13,Deposit,Regular,Walk-in,D931,C8,2026-06-01 13:46:03,2026-06-01 13:51:39,3.81,5.6,9,1,7,Completed,False
VIS-20260601-101002,BR004,2026-06-01 13:34:37,2026-06-01,Monday,13,Withdrawal,Regular,Booked,W169,C3,2026-06-01 13:34:49,2026-06-01 13:37:25,0.2,2.6,9,1,0,Completed,False
VIS-20260601-101003,BR004,2026-06-01 13:37:01,2026-06-01,Monday,13,Withdrawal,Regular,Walk-in,W472,C3,2026-06-01 13:41:28,2026-06-01 13:44:43,4.45,3.25,9,1,5,Completed,False
VIS-20260601-101004,BR004,2026-06-01 13:18:52,2026-06-01,Monday,13,Money Transfer,Regular,Booked,M122,C7,2026-06-01 13:19:33,2026-06-01 13:23:40,0.69,4.11,9,1,0,Completed,False
VIS-20260601-101005,BR004,2026-06-01 13:41:24,2026-06-01,Monday,13,Cheque Withdrawal,Regular,Walk-in,C316,C2,2026-06-01 13:43:54,2026-06-01 13:47:02,2.51,3.13,9,1,3,Completed,False
VIS-20260601-101006,BR004,2026-06-01 13:21:33,2026-06-01,Monday,13,Debit Card,Regular,Walk-in,D521,C7,2026-06-01 13:23:55,2026-06-01 13:30:47,2.37,6.87,9,1,4,Completed,False
VIS-20260601-101007,BR004,2026-06-01 13:25:42,2026-06-01,Monday,13,KYC Related,Regular,Walk-in,K195,C5,2026-06-01 13:40:24,2026-06-01 13:53:04,14.71,12.67,9,1,7,Completed,False
VIS-20260601-101008,BR004,2026-06-01 13:39:32,2026-06-01,Monday,13,Debit Card,Corporate,Walk-in,D593,C2,2026-06-01 13:45:32,2026-06-01 13:54:50,6.01,9.3,9,1,3,Completed,False
VIS-20260601-101009,BR004,2026-06-01 13:48:59,2026-06-01,Monday,13,Money Transfer,Regular,Walk-in,M858,C2,2026-06-01 13:56:00,2026-06-01 14:02:00,7.02,6.0,9,1,6,Completed,False
VIS-20260601-101010,BR004,2026-06-01 13:20:15,2026-06-01,Monday,13,Credit Card,Regular,Walk-in,C301,C5,2026-06-01 13:27:01,2026-06-01 13:35:49,6.77,8.81,9,1,6,Completed,False
VIS-20260601-101011,BR004,2026-06-01 13:29:44,2026-06-01,Monday,13,Withdrawal,Regular,Walk-in,W895,C5,2026-06-01 13:32:50,2026-06-01 13:35:15,3.1,2.43,9,1,7,Completed,False
VIS-20260601-101012,BR004,2026-06-01 13:51:21,2026-06-01,Monday,13,KYC Related,Regular,Walk-in,K760,C2,2026-06-01 13:57:12,2026-06-01 14:05:39,5.86,8.45,9,1,5,Completed,False
VIS-20260601-101013,BR004,2026-06-01 13:57:26,2026-06-01,Monday,13,Aadhaar Linking,Regular,Walk-in,A538,C7,2026-06-01 14:06:15,2026-06-01 14:16:17,8.83,10.03,9,1,6,Completed,False
VIS-20260601-101014,BR004,2026-06-01 14:34:10,2026-06-01,Monday,14,Locker Issuing,Regular,Walk-in,L563,C5,2026-06-01 15:09:57,2026-06-01 15:42:56,35.79,32.99,9,1,8,Completed,True
VIS-20260601-101015,BR004,2026-06-01 14:58:34,2026-06-01,Monday,14,Cheque Withdrawal,Regular,Walk-in,C214,C7,2026-06-01 15:04:47,2026-06-01 15:09:58,6.22,5.19,9,1,10,Completed,False
VIS-20260601-101016,BR004,2026-06-01 14:39:50,2026-06-01,Monday,14,Money Transfer,Regular,Walk-in,M995,C6,2026-06-01 14:46:12,2026-06-01 14:52:23,6.38,6.18,9,1,7,Completed,False
VIS-20260601-101017,BR004,2026-06-01 14:41:25,2026-06-01,Monday,14,Withdrawal,Regular,Walk-in,W402,C5,2026-06-01 14:46:02,2026-06-01 14:49:39,4.63,3.61,9,1,9,Completed,False
VIS-20260601-101018,BR004,2026-06-01 14:53:14,2026-06-01,Monday,14,Locker Issuing,Regular,Walk-in,L689,C6,2026-06-01 15:16:18,2026-06-01 15:44:08,23.07,27.84,9,1,6,Completed,True
VIS-20260601-101019,BR004,2026-06-01 14:22:47,2026-06-01,Monday,14,KYC Related,HNI,Walk-in,K834,C8,2026-06-01 14:36:58,2026-06-01 14:46:21,14.19,9.38,9,1,10,Completed,False
VIS-20260601-101020,BR004,2026-06-01 14:36:38,2026-06-01,Monday,14,PAN Linking,Regular,Walk-in,P228,C4,2026-06-01 14:45:42,2026-06-01 14:53:46,9.08,8.06,9,1,7,Completed,False
VIS-20260601-101021,BR004,2026-06-01 14:54:10,2026-06-01,Monday,14,KYC Related,Senior Citizen,Walk-in,K716,C8,2026-06-01 15:07:05,2026-06-01 15:19:15,12.93,12.16,9,1,8,Completed,False
VIS-20260601-101022,BR004,2026-06-01 14:13:49,2026-06-01,Monday,14,KYC Related,Regular,Walk-in,K402,C8,2026-06-01 14:34:04,2026-06-01 14:46:50,20.26,12.76,9,1,10,Completed,True
VIS-20260601-101023,BR004,2026-06-01 14:06:34,2026-06-01,Monday,14,KYC Related,Regular,Walk-in,K210,C8,2026-06-01 14:14:45,2026-06-01 14:25:14,8.19,10.49,9,1,5,Completed,False
VIS-20260601-101024,BR004,2026-06-01 14:49:40,2026-06-01,Monday,14,KYC Related,Regular,Walk-in,K159,C7,2026-06-01 15:05:57,2026-06-01 15:16:10,16.29,10.21,9,1,10,Completed,False
VIS-20260601-101025,BR004,2026-06-01 14:03:09,2026-06-01,Monday,14,Deposit,Regular,Walk-in,D735,C7,2026-06-01 14:15:18,2026-06-01 14:22:33,12.15,7.25,9,1,11,Completed,False
VIS-20260601-101026,BR004,2026-06-01 14:59:30,2026-06-01,Monday,14,Deposit,Senior Citizen,Walk-in,D929,C3,2026-06-01 15:06:06,2026-06-01 15:12:07,6.6,6.02,9,1,9,Completed,False
VIS-20260601-101027,BR004,2026-06-01 14:24:59,2026-06-01,Monday,14,Deposit,Regular,Booked,D695,C2,2026-06-01 14:25:12,2026-06-01 14:30:51,0.22,5.65,9,1,2,Completed,False
VIS-20260601-101028,BR004,2026-06-01 14:48:08,2026-06-01,Monday,14,Money Transfer,Regular,Walk-in,M479,C7,2026-06-01 14:55:36,2026-06-01 15:01:21,7.48,5.75,9,1,9,Completed,False
VIS-20260601-101029,BR004,2026-06-01 14:37:05,2026-06-01,Monday,14,Debit Card,HNI,Walk-in,D656,C4,2026-06-01 14:50:08,2026-06-01 14:59:58,13.06,9.83,9,1,8,Completed,False
VIS-20260601-101030,BR004,2026-06-01 14:43:49,2026-06-01,Monday,14,Credit Card,Senior Citizen,Walk-in,C127,C8,2026-06-01 14:53:04,2026-06-01 14:59:31,9.25,6.46,9,1,11,Completed,False
VIS-20260601-101031,BR004,2026-06-01 14:43:06,2026-06-01,Monday,14,Withdrawal,Regular,Walk-in,W305,C1,2026-06-01 14:47:12,2026-06-01 14:51:13,4.1,4.03,9,1,6,Completed,False
VIS-20260601-101032,BR004,2026-06-01 14:02:16,2026-06-01,Monday,14,Withdrawal,Regular,Walk-in,W253,C3,2026-06-01 14:08:31,2026-06-01 14:13:10,6.26,4.65,9,1,8,Completed,False
VIS-20260601-101033,BR004,2026-06-01 14:55:08,2026-06-01,Monday,14,Money Transfer,Corporate,Booked,M413,C2,2026-06-01 14:56:08,2026-06-01 15:00:40,1.0,4.54,9,1,2,Completed,False
VIS-20260601-101034,BR004,2026-06-01 14:19:17,2026-06-01,Monday,14,Deposit,Regular,Walk-in,D101,C7,2026-06-01 14:29:33,2026-06-01 14:37:18,10.27,7.76,9,1,7,Completed,False
VIS-20260601-101035,BR004,2026-06-01 14:46:59,2026-06-01,Monday,14,Credit Card,Senior Citizen,Walk-in,C583,C1,2026-06-01 14:56:25,2026-06-01 15:06:02,9.44,9.62,9,1,7,Completed,False
VIS-20260601-101036,BR004,2026-06-01 14:42:51,2026-06-01,Monday,14,Cheque Withdrawal,HNI,Booked,C544,C8,2026-06-01 14:43:12,2026-06-01 14:47:40,0.36,4.47,9,1,4,Completed,False
VIS-20260601-101037,BR004,2026-06-01 14:06:09,2026-06-01,Monday,14,Deposit,Regular,Walk-in,D718,C1,2026-06-01 14:17:24,2026-06-01 14:23:25,11.25,6.03,9,1,11,Completed,False
VIS-20260601-101038,BR004,2026-06-01 14:47:47,2026-06-01,Monday,14,Locker Issuing,HNI,Walk-in,L532,C7,2026-06-01 15:11:48,2026-06-01 15:38:02,24.02,26.23,9,1,6,Completed,True
VIS-20260601-101039,BR004,2026-06-01 14:44:10,2026-06-01,Monday,14,Deposit,Corporate,Walk-in,D801,C1,2026-06-01 14:53:43,2026-06-01 15:01:09,9.55,7.44,9,1,7,Completed,False
VIS-20260601-101040,BR004,2026-06-01 14:08:06,2026-06-01,Monday,14,Deposit,Regular,Walk-in,D716,C5,2026-06-01 14:15:22,2026-06-01 14:19:28,7.28,4.1,9,1,9,Completed,False
VIS-20260601-101041,BR004,2026-06-01 14:31:35,2026-06-01,Monday,14,Deposit,Regular,Walk-in,D812,C8,2026-06-01 14:39:43,2026-06-01 14:46:30,8.14,6.78,9,1,10,Completed,False
VIS-20260601-101042,BR004,2026-06-01 14:19:00,2026-06-01,Monday,14,Other,Regular,Walk-in,O215,C8,2026-06-01 14:26:13,2026-06-01 14:34:14,7.22,8.02,9,1,7,Completed,False
VIS-20260601-101043,BR004,2026-06-01 14:52:23,2026-06-01,Monday,14,Withdrawal,Senior Citizen,Booked,W341,C3,2026-06-01 14:53:06,2026-06-01 14:58:00,0.73,4.89,9,1,4,Completed,False
VIS-20260601-101044,BR004,2026-06-01 14:39:23,2026-06-01,Monday,14,Loans - Payment and Sanctioning,Corporate,Walk-in,L298,C3,2026-06-01 15:18:24,2026-06-01 15:55:09,39.03,36.75,9,1,8,Completed,True
VIS-20260601-101045,BR004,2026-06-01 14:51:06,2026-06-01,Monday,14,Withdrawal,Senior Citizen,Walk-in,W587,C1,2026-06-01 14:52:57,2026-06-01 14:54:57,1.85,2.01,9,1,7,Completed,False
VIS-20260601-101046,BR004,2026-06-01 15:04:46,2026-06-01,Monday,15,Deposit,Regular,Walk-in,D449,C2,2026-06-01 15:10:17,2026-06-01 15:15:08,5.52,4.86,9,1,11,Completed,False
VIS-20260601-101047,BR004,2026-06-01 15:25:42,2026-06-01,Monday,15,Money Transfer,Senior Citizen,Walk-in,M898,C1,2026-06-01 15:28:45,2026-06-01 15:32:05,3.06,3.33,9,1,8,Completed,False
VIS-20260601-101048,BR004,2026-06-01 15:05:35,2026-06-01,Monday,15,Withdrawal,Regular,Walk-in,W503,C6,2026-06-01 15:09:35,2026-06-01 15:13:00,4.0,3.43,9,1,8,Completed,False
VIS-20260601-101049,BR004,2026-06-01 15:55:26,2026-06-01,Monday,15,Account Opening,Regular,Walk-in,A816,C4,2026-06-01 16:13:11,2026-06-01 16:29:45,17.75,16.57,9,1,7,Completed,False
VIS-20260601-101050,BR004,2026-06-01 15:54:33,2026-06-01,Monday,15,Withdrawal,Regular,Walk-in,W743,C3,2026-06-01 16:03:09,2026-06-01 16:06:51,8.6,3.7,9,1,11,Completed,False
VIS-20260601-101051,BR004,2026-06-01 15:10:11,2026-06-01,Monday,15,Withdrawal,Regular,Walk-in,W509,C7,2026-06-01 15:14:27,2026-06-01 15:17:12,4.27,2.76,9,1,7,Completed,False
VIS-20260601-101052,BR004,2026-06-01 15:59:57,2026-06-01,Monday,15,Money Transfer,Senior Citizen,Walk-in,M602,C7,2026-06-01 16:04:23,2026-06-01 16:08:06,4.44,3.71,9,1,4,Completed,False
VIS-20260601-101053,BR004,2026-06-01 15:44:43,2026-06-01,Monday,15,Withdrawal,Regular,Booked,W445,C2,2026-06-01 15:45:19,2026-06-01 15:47:53,0.61,2.56,9,1,5,Completed,False
VIS-20260601-101054,BR004,2026-06-01 15:18:14,2026-06-01,Monday,15,Deposit,Regular,Booked,D898,C6,2026-06-01 15:18:54,2026-06-01 15:24:50,0.67,5.93,9,1,0,Completed,False
VIS-20260601-101055,BR004,2026-06-01 15:04:32,2026-06-01,Monday,15,Deposit,Regular,Booked,D102,C8,2026-06-01 15:06:14,2026-06-01 15:11:54,1.71,5.66,9,1,2,Completed,False
VIS-20260601-101056,BR004,2026-06-01 15:58:07,2026-06-01,Monday,15,Deposit,Regular,Walk-in,D258,C1,2026-06-01 16:06:50,2026-06-01 16:12:04,8.72,5.23,9,1,8,Completed,False
VIS-20260601-101057,BR004,2026-06-01 15:56:57,2026-06-01,Monday,15,Cheque Withdrawal,Regular,Booked,C423,C8,2026-06-01 15:57:30,2026-06-01 16:01:10,0.56,3.67,9,1,1,Completed,False
VIS-20260601-101058,BR004,2026-06-01 15:01:31,2026-06-01,Monday,15,Cheque Withdrawal,Senior Citizen,Walk-in,C368,C7,2026-06-01 15:06:25,2026-06-01 15:11:22,4.9,4.96,9,1,10,Completed,False
VIS-20260601-101059,BR004,2026-06-01 15:47:36,2026-06-01,Monday,15,Aadhaar Linking,Regular,Walk-in,A246,C2,2026-06-01 15:55:16,2026-06-01 16:06:07,7.67,10.85,9,1,4,Completed,False
VIS-20260601-101060,BR004,2026-06-01 15:41:14,2026-06-01,Monday,15,Account Opening,Regular,Walk-in,A586,C3,2026-06-01 16:03:25,2026-06-01 16:19:08,22.19,15.71,9,1,9,Completed,True
VIS-20260601-101061,BR004,2026-06-01 15:52:31,2026-06-01,Monday,15,Loans - Payment and Sanctioning,Regular,Walk-in,L647,C4,2026-06-01 16:08:53,2026-06-01 16:34:39,16.38,25.76,9,1,5,Completed,False
VIS-20260601-101062,BR004,2026-06-01 15:00:35,2026-06-01,Monday,15,Deposit,Regular,Walk-in,D752,C2,2026-06-01 15:10:51,2026-06-01 15:18:43,10.28,7.86,9,1,8,Completed,False
VIS-20260601-101063,BR004,2026-06-01 15:53:36,2026-06-01,Monday,15,Deposit,Senior Citizen,Walk-in,D793,C2,2026-06-01 16:04:44,2026-06-01 16:12:06,11.14,7.37,9,1,8,Completed,False
VIS-20260601-101064,BR004,2026-06-01 15:45:56,2026-06-01,Monday,15,Account Opening,Regular,Booked,A653,C8,2026-06-01 15:46:08,2026-06-01 16:09:21,0.2,23.22,9,1,0,Completed,False
VIS-20260601-101065,BR004,2026-06-01 15:52:11,2026-06-01,Monday,15,Account Opening,Corporate,Booked,A973,C4,2026-06-01 16:00:02,2026-06-01 16:24:10,7.85,24.14,9,1,6,Completed,False
VIS-20260601-101066,BR004,2026-06-01 15:32:30,2026-06-01,Monday,15,Locker Issuing,Regular,Booked,L856,C8,2026-06-01 15:33:19,2026-06-01 16:02:08,0.83,28.81,9,1,0,Completed,False
VIS-20260601-101067,BR004,2026-06-01 15:39:27,2026-06-01,Monday,15,Withdrawal,HNI,Walk-in,W477,C3,2026-06-01 15:45:21,2026-06-01 15:49:34,5.91,4.21,9,1,9,Completed,False
VIS-20260601-101068,BR004,2026-06-01 15:23:15,2026-06-01,Monday,15,KYC Related,Senior Citizen,Walk-in,K169,C4,2026-06-01 15:37:15,2026-06-01 15:45:43,14.01,8.46,9,1,10,Completed,False
VIS-20260601-101069,BR004,2026-06-01 15:07:55,2026-06-01,Monday,15,Cheque Withdrawal,Regular,Walk-in,C467,C5,2026-06-01 15:14:22,2026-06-01 15:18:59,6.46,4.61,9,1,7,Completed,False
VIS-20260601-101070,BR004,2026-06-01 15:17:10,2026-06-01,Monday,15,Locker Issuing,Regular,Walk-in,L911,C6,2026-06-01 15:54:30,2026-06-01 16:17:08,37.34,22.63,9,1,11,Completed,True
VIS-20260601-101071,BR004,2026-06-01 15:58:04,2026-06-01,Monday,15,Loans - Payment and Sanctioning,Regular,Walk-in,L780,C8,2026-06-01 16:34:57,2026-06-01 17:16:16,36.89,41.31,9,1,6,Completed,True
VIS-20260601-101072,BR004,2026-06-01 15:17:34,2026-06-01,Monday,15,Withdrawal,Regular,Walk-in,W790,C7,2026-06-01 15:23:40,2026-06-01 15:27:34,6.11,3.89,9,1,11,Completed,False
VIS-20260601-101073,BR004,2026-06-01 15:44:00,2026-06-01,Monday,15,Credit Card,Regular,Booked,C438,C4,2026-06-01 15:45:09,2026-06-01 15:54:15,1.15,9.1,9,1,0,Completed,False
VIS-20260601-101074,BR004,2026-06-01 15:32:48,2026-06-01,Monday,15,PAN Linking,Regular,Walk-in,P582,C2,2026-06-01 15:38:37,2026-06-01 15:47:13,5.82,8.61,9,1,6,Completed,False
VIS-20260601-101075,BR004,2026-06-01 15:51:53,2026-06-01,Monday,15,Cheque Withdrawal,Regular,Walk-in,C722,C8,2026-06-01 15:56:54,2026-06-01 16:02:43,5.03,5.81,9,1,8,Completed,False
VIS-20260601-101076,BR004,2026-06-01 15:16:49,2026-06-01,Monday,15,Other,Regular,Walk-in,O992,C6,2026-06-01 15:24:41,2026-06-01 15:31:43,7.88,7.02,9,1,6,Completed,False
VIS-20260601-101077,BR004,2026-06-01 16:18:39,2026-06-01,Monday,16,Deposit,Regular,Walk-in,D807,C7,2026-06-01 16:23:34,2026-06-01 16:30:06,4.93,6.53,9,1,7,Completed,False
VIS-20260601-101078,BR004,2026-06-01 16:18:53,2026-06-01,Monday,16,Credit Card,Regular,Walk-in,C731,C1,2026-06-01 16:25:55,2026-06-01 16:32:49,7.04,6.9,9,1,5,Completed,False
VIS-20260601-101079,BR004,2026-06-01 16:07:30,2026-06-01,Monday,16,Debit Card,Senior Citizen,Walk-in,D978,C7,2026-06-01 16:12:47,2026-06-01 16:22:07,5.29,9.33,9,1,5,Completed,False
VIS-20260601-101080,BR004,2026-06-01 16:53:58,2026-06-01,Monday,16,Aadhaar Linking,Regular,Walk-in,A599,C4,2026-06-01 17:04:09,2026-06-01 17:12:27,10.19,8.3,9,1,7,Completed,False
VIS-20260601-101081,BR004,2026-06-01 16:44:37,2026-06-01,Monday,16,Loans - Payment and Sanctioning,Regular,Walk-in,L843,C5,2026-06-01 17:18:58,2026-06-01 17:50:46,34.35,31.8,9,1,8,Completed,True
VIS-20260601-101082,BR004,2026-06-01 16:13:21,2026-06-01,Monday,16,Locker Issuing,Corporate,Walk-in,L331,C2,2026-06-01 16:36:49,2026-06-01 17:11:49,23.48,34.99,9,1,5,Completed,True
VIS-20260601-101083,BR004,2026-06-01 16:57:45,2026-06-01,Monday,16,Aadhaar Linking,HNI,Walk-in,A680,C4,2026-06-01 17:00:18,2026-06-01 17:07:54,2.55,7.61,9,1,3,Completed,False
VIS-20260601-101084,BR004,2026-06-01 16:22:22,2026-06-01,Monday,16,Deposit,Regular,Walk-in,D584,C8,2026-06-01 16:31:23,2026-06-01 16:38:34,9.03,7.17,9,1,7,Completed,False
VIS-20260601-101085,BR004,2026-06-01 16:50:10,2026-06-01,Monday,16,Cheque Withdrawal,Regular,Walk-in,C795,C5,2026-06-01 16:57:23,2026-06-01 17:03:22,7.22,5.99,9,1,8,Completed,False
VIS-20260601-101086,BR004,2026-06-01 16:09:29,2026-06-01,Monday,16,KYC Related,HNI,Walk-in,K323,C3,2026-06-01 16:16:54,2026-06-01 16:27:53,7.42,10.98,9,1,5,Completed,False
VIS-20260601-101087,BR004,2026-06-01 16:33:16,2026-06-01,Monday,16,Loans - Payment and Sanctioning,Regular,Walk-in,L810,C5,2026-06-01 17:03:01,2026-06-01 17:36:40,29.75,33.65,9,1,6,Completed,True
VIS-20260601-101088,BR004,2026-06-01 16:59:53,2026-06-01,Monday,16,Withdrawal,Regular,Walk-in,W265,C4,2026-06-01 17:02:12,2026-06-01 17:05:59,2.33,3.78,9,1,5,Completed,False
VIS-20260601-101089,BR004,2026-06-01 16:25:37,2026-06-01,Monday,16,Deposit,Senior Citizen,Walk-in,D216,C4,2026-06-01 16:29:29,2026-06-01 16:33:37,3.88,4.12,9,1,6,Completed,False
VIS-20260601-101090,BR004,2026-06-01 16:36:34,2026-06-01,Monday,16,Cheque Withdrawal,HNI,Walk-in,C742,C6,2026-06-01 16:41:07,2026-06-01 16:44:14,4.56,3.11,9,1,4,Completed,False
VIS-20260601-101091,BR004,2026-06-01 16:28:56,2026-06-01,Monday,16,KYC Related,HNI,Walk-in,K941,C7,2026-06-01 16:32:35,2026-06-01 16:45:15,3.66,12.67,9,1,3,Completed,False
VIS-20260601-101092,BR004,2026-06-01 16:04:37,2026-06-01,Monday,16,Deposit,Senior Citizen,Walk-in,D160,C7,2026-06-01 16:13:51,2026-06-01 16:20:55,9.24,7.07,9,1,8,Completed,False
VIS-20260601-101093,BR004,2026-06-01 16:37:21,2026-06-01,Monday,16,Aadhaar Linking,Regular,Walk-in,A759,C8,2026-06-01 16:41:24,2026-06-01 16:51:52,4.05,10.47,9,1,4,Completed,False
VIS-20260601-101094,BR004,2026-06-01 16:58:31,2026-06-01,Monday,16,Deposit,Regular,Walk-in,D400,C2,2026-06-01 17:04:41,2026-06-01 17:10:44,6.18,6.05,9,1,7,Completed,False
VIS-20260601-101095,BR004,2026-06-01 16:24:14,2026-06-01,Monday,16,Deposit,Corporate,Walk-in,D335,C7,2026-06-01 16:31:02,2026-06-01 16:36:39,6.8,5.63,9,1,6,Completed,False
VIS-20260601-101096,BR005,2026-06-01 09:42:00,2026-06-01,Monday,9,Aadhaar Linking,Senior Citizen,Walk-in,A687,C3,2026-06-01 09:45:37,2026-06-01 09:52:30,3.62,6.88,11,1,4,Completed,False
VIS-20260601-101097,BR005,2026-06-01 09:56:06,2026-06-01,Monday,9,Deposit,Regular,Walk-in,D258,C8,2026-06-01 09:57:19,2026-06-01 10:03:37,1.23,6.3,11,1,4,Completed,False
VIS-20260601-101098,BR005,2026-06-01 09:05:39,2026-06-01,Monday,9,Loans - Payment and Sanctioning,Corporate,Walk-in,L152,C6,2026-06-01 09:33:17,2026-06-01 10:03:35,27.64,30.3,11,1,8,Completed,True
VIS-20260601-101099,BR005,2026-06-01 09:24:08,2026-06-01,Monday,9,Deposit,Corporate,Booked,D627,C9,2026-06-01 09:24:20,2026-06-01 09:29:21,0.2,5.02,11,1,0,Completed,False
VIS-20260601-101100,BR005,2026-06-01 09:21:46,2026-06-01,Monday,9,Withdrawal,Regular,Walk-in,W725,C6,2026-06-01 09:25:17,2026-06-01 09:29:41,3.53,4.4,11,1,6,Completed,False
VIS-20260601-101101,BR005,2026-06-01 09:16:25,2026-06-01,Monday,9,KYC Related,Corporate,Walk-in,K846,C1,2026-06-01 09:16:55,2026-06-01 09:26:22,0.5,9.45,11,1,2,Completed,False
VIS-20260601-101102,BR005,2026-06-01 09:17:29,2026-06-01,Monday,9,Insurance,HNI,Walk-in,I862,C1,2026-06-01 09:23:12,2026-06-01 09:40:28,5.72,17.27,11,1,3,Completed,False
VIS-20260601-101103,BR005,2026-06-01 09:07:58,2026-06-01,Monday,9,Deposit,Regular,Walk-in,D239,C10,2026-06-01 09:08:28,2026-06-01 09:12:49,0.5,4.36,11,1,2,Completed,False
VIS-20260601-101104,BR005,2026-06-01 09:22:08,2026-06-01,Monday,9,Loans - Payment and Sanctioning,HNI,Walk-in,L495,C6,2026-06-01 09:40:54,2026-06-01 10:16:37,18.78,35.71,11,1,5,Completed,False
VIS-20260601-101105,BR005,2026-06-01 09:26:52,2026-06-01,Monday,9,Withdrawal,Regular,Booked,W586,C4,2026-06-01 09:27:20,2026-06-01 09:29:27,0.48,2.11,11,1,0,Completed,False
VIS-20260601-101106,BR005,2026-06-01 09:48:59,2026-06-01,Monday,9,Withdrawal,Regular,Walk-in,W369,C7,2026-06-01 09:50:09,2026-06-01 09:53:17,1.18,3.12,11,1,4,Completed,False
VIS-20260601-101107,BR005,2026-06-01 09:47:10,2026-06-01,Monday,9,Deposit,HNI,Walk-in,D157,C10,2026-06-01 09:50:38,2026-06-01 09:55:50,3.48,5.2,11,1,6,Completed,False
VIS-20260601-101108,BR005,2026-06-01 09:31:19,2026-06-01,Monday,9,KYC Related,Corporate,Walk-in,K489,C2,2026-06-01 09:38:01,2026-06-01 09:50:02,6.7,12.03,11,1,4,Completed,False
VIS-20260601-101109,BR005,2026-06-01 09:38:14,2026-06-01,Monday,9,Withdrawal,Regular,Booked,W404,C1,2026-06-01 09:38:40,2026-06-01 09:40:57,0.44,2.29,11,1,0,Completed,False
VIS-20260601-101110,BR005,2026-06-01 09:03:19,2026-06-01,Monday,9,Aadhaar Linking,Corporate,Walk-in,A477,C5,2026-06-01 09:06:53,2026-06-01 09:14:53,3.57,8.01,11,1,4,Completed,False
VIS-20260601-101111,BR005,2026-06-01 09:42:17,2026-06-01,Monday,9,Credit Card,Regular,Walk-in,C469,C6,2026-06-01 09:50:52,2026-06-01 09:59:23,8.59,8.51,11,1,6,Completed,False
VIS-20260601-101112,BR005,2026-06-01 09:27:58,2026-06-01,Monday,9,Money Transfer,Regular,Walk-in,M727,C1,2026-06-01 09:28:43,2026-06-01 09:31:47,0.76,3.07,11,1,6,Completed,False
VIS-20260601-101113,BR005,2026-06-01 09:56:18,2026-06-01,Monday,9,Loans - Payment and Sanctioning,Regular,Booked,L200,C3,2026-06-01 09:56:30,2026-06-01 10:30:06,0.2,33.61,11,1,0,Completed,False
VIS-20260601-101114,BR005,2026-06-01 09:47:06,2026-06-01,Monday,9,Withdrawal,Senior Citizen,Booked,W240,C5,2026-06-01 09:47:18,2026-06-01 09:50:12,0.2,2.9,11,1,0,Completed,False
VIS-20260601-101115,BR005,2026-06-01 09:55:05,2026-06-01,Monday,9,Locker Issuing,Regular,Walk-in,L785,C4,2026-06-01 10:06:43,2026-06-01 10:33:33,11.64,26.83,11,1,4,Completed,False
VIS-20260601-101116,BR005,2026-06-01 10:40:13,2026-06-01,Monday,10,Withdrawal,Regular,Walk-in,W861,C6,2026-06-01 10:43:09,2026-06-01 10:45:55,2.94,2.76,11,1,10,Completed,False
VIS-20260601-101117,BR005,2026-06-01 10:58:59,2026-06-01,Monday,10,Deposit,Regular,Walk-in,D222,C6,2026-06-01 11:07:14,2026-06-01 11:14:27,8.25,7.23,11,1,9,Completed,False
VIS-20260601-101118,BR005,2026-06-01 10:17:06,2026-06-01,Monday,10,PAN Linking,Regular,Walk-in,P340,C1,2026-06-01 10:25:42,2026-06-01 10:33:25,8.6,7.73,11,1,7,Completed,False
VIS-20260601-101119,BR005,2026-06-01 10:34:32,2026-06-01,Monday,10,Withdrawal,Senior Citizen,Walk-in,W405,C5,2026-06-01 10:39:02,2026-06-01 10:42:19,4.51,3.28,11,1,5,Completed,False
VIS-20260601-101120,BR005,2026-06-01 10:47:09,2026-06-01,Monday,10,Withdrawal,Senior Citizen,Walk-in,W899,C8,2026-06-01 10:50:44,2026-06-01 10:54:26,3.59,3.7,11,1,11,Completed,False
VIS-20260601-101121,BR005,2026-06-01 10:21:44,2026-06-01,Monday,10,Account Opening,HNI,Booked,A306,C10,2026-06-01 10:29:22,2026-06-01 10:53:56,7.64,24.56,11,1,6,Completed,False
VIS-20260601-101122,BR005,2026-06-01 10:21:33,2026-06-01,Monday,10,Withdrawal,Regular,Booked,W717,C7,2026-06-01 10:23:13,2026-06-01 10:26:11,1.68,2.96,11,1,4,Completed,False
VIS-20260601-101123,BR005,2026-06-01 10:22:15,2026-06-01,Monday,10,Account Opening,Senior Citizen,Walk-in,A462,C7,2026-06-01 10:38:59,2026-06-01 10:58:43,16.74,19.74,11,1,7,Completed,False
VIS-20260601-101124,BR005,2026-06-01 10:35:15,2026-06-01,Monday,10,Money Transfer,Regular,Booked,M471,C6,2026-06-01 10:35:30,2026-06-01 10:40:36,0.26,5.1,11,1,3,Completed,False
VIS-20260601-101125,BR005,2026-06-01 10:16:40,2026-06-01,Monday,10,Account Opening,Regular,Walk-in,A744,C4,2026-06-01 10:33:49,2026-06-01 10:50:35,17.16,16.77,11,1,10,Completed,False
VIS-20260601-101126,BR005,2026-06-01 10:27:36,2026-06-01,Monday,10,Deposit,Regular,Walk-in,D405,C10,2026-06-01 10:29:02,2026-06-01 10:33:39,1.44,4.62,11,1,4,Completed,False
VIS-20260601-101127,BR005,2026-06-01 10:33:02,2026-06-01,Monday,10,Debit Card,Senior Citizen,Walk-in,D413,C10,2026-06-01 10:36:21,2026-06-01 10:42:48,3.33,6.44,11,1,6,Completed,False
VIS-20260601-101128,BR005,2026-06-01 10:13:01,2026-06-01,Monday,10,Debit Card,Regular,Walk-in,D986,C1,2026-06-01 10:18:33,2026-06-01 10:28:10,5.54,9.62,11,1,5,Completed,False
VIS-20260601-101129,BR005,2026-06-01 10:23:47,2026-06-01,Monday,10,Withdrawal,Regular,Walk-in,W402,C4,2026-06-01 10:26:18,2026-06-01 10:30:27,2.52,4.16,11,1,6,Completed,False
VIS-20260601-101130,BR005,2026-06-01 10:26:11,2026-06-01,Monday,10,KYC Related,Regular,Walk-in,K802,C2,2026-06-01 10:37:32,2026-06-01 10:49:55,11.35,12.39,11,1,7,Completed,False
VIS-20260601-101131,BR005,2026-06-01 10:45:02,2026-06-01,Monday,10,Credit Card,Regular,Walk-in,C844,C9,2026-06-01 10:49:18,2026-06-01 10:54:30,4.27,5.2,11,1,9,Completed,False
VIS-20260601-101132,BR005,2026-06-01 10:01:56,2026-06-01,Monday,10,Loans - Payment and Sanctioning,Regular,Walk-in,L685,C7,2026-06-01 10:50:33,2026-06-01 11:34:42,48.63,44.14,11,1,10,Completed,True
VIS-20260601-101133,BR005,2026-06-01 10:59:28,2026-06-01,Monday,10,Money Transfer,HNI,Walk-in,M304,C4,2026-06-01 11:04:07,2026-06-01 11:08:39,4.65,4.54,11,1,10,Completed,False
VIS-20260601-101134,BR005,2026-06-01 10:05:27,2026-06-01,Monday,10,Withdrawal,Regular,Walk-in,W907,C5,2026-06-01 10:08:34,2026-06-01 10:13:16,3.12,4.7,11,1,5,Completed,False
VIS-20260601-101135,BR005,2026-06-01 10:38:47,2026-06-01,Monday,10,Loans - Payment and Sanctioning,Senior Citizen,Walk-in,L485,C10,2026-06-01 11:10:51,2026-06-01 11:43:03,32.08,32.2,11,1,9,Completed,True
VIS-20260601-101136,BR005,2026-06-01 10:33:38,2026-06-01,Monday,10,Account Opening,Regular,Walk-in,A977,C8,2026-06-01 10:54:36,2026-06-01 11:18:22,20.98,23.76,11,1,7,Completed,True
VIS-20260601-101137,BR005,2026-06-01 10:11:23,2026-06-01,Monday,10,Cheque Withdrawal,Regular,Walk-in,C684,C7,2026-06-01 10:15:11,2026-06-01 10:19:11,3.8,4.01,11,1,7,Completed,False
VIS-20260601-101138,BR005,2026-06-01 10:09:55,2026-06-01,Monday,10,Loans - Payment and Sanctioning,Regular,Walk-in,L772,C9,2026-06-01 10:31:58,2026-06-01 10:57:40,22.05,25.71,11,1,8,Completed,True
VIS-20260601-101139,BR005,2026-06-01 10:57:55,2026-06-01,Monday,10,Withdrawal,Senior Citizen,Walk-in,W150,C6,2026-06-01 11:00:32,2026-06-01 11:04:03,2.62,3.52,11,1,7,Completed,False
VIS-20260601-101140,BR005,2026-06-01 10:06:40,2026-06-01,Monday,10,Credit Card,Senior Citizen,Walk-in,C193,C5,2026-06-01 10:17:40,2026-06-01 10:25:00,11.01,7.33,11,1,10,Completed,False
VIS-20260601-101141,BR005,2026-06-01 10:10:24,2026-06-01,Monday,10,KYC Related,Regular,Walk-in,K744,C2,2026-06-01 10:19:57,2026-06-01 10:30:49,9.55,10.88,11,1,6,Completed,False
VIS-20260601-101142,BR005,2026-06-01 10:05:01,2026-06-01,Monday,10,Account Opening,Regular,Walk-in,A307,C6,2026-06-01 10:23:09,2026-06-01 10:44:35,18.14,21.44,11,1,7,Completed,False
VIS-20260601-101143,BR005,2026-06-01 10:42:37,2026-06-01,Monday,10,Account Opening,Senior Citizen,Walk-in,A253,C8,2026-06-01 11:05:05,2026-06-01 11:26:01,22.48,20.93,11,1,10,Completed,True
VIS-20260601-101144,BR005,2026-06-01 10:21:47,2026-06-01,Monday,10,Deposit,Regular,Walk-in,D466,C7,2026-06-01 10:26:23,2026-06-01 10:34:08,4.61,7.74,11,1,5,Completed,False
VIS-20260601-101145,BR005,2026-06-01 10:22:24,2026-06-01,Monday,10,Deposit,Regular,Walk-in,D175,C10,2026-06-01 10:29:27,2026-06-01 10:34:28,7.05,5.03,11,1,11,Completed,False
VIS-20260601-101146,BR005,2026-06-01 10:03:01,2026-06-01,Monday,10,Cheque Withdrawal,Senior Citizen,Booked,C173,C3,2026-06-01 10:04:28,2026-06-01 10:07:32,1.45,3.07,11,1,3,Completed,False
VIS-20260601-101147,BR005,2026-06-01 10:28:29,2026-06-01,Monday,10,Withdrawal,Regular,Walk-in,W877,C8,2026-06-01 10:32:51,2026-06-01 10:37:49,4.37,4.97,11,1,8,Completed,False
VIS-20260601-101148,BR005,2026-06-01 10:34:30,2026-06-01,Monday,10,Withdrawal,Regular,Booked,W852,C3,2026-06-01 10:34:42,2026-06-01 10:38:12,0.2,3.51,11,1,3,Completed,False
VIS-20260601-101149,BR005,2026-06-01 10:50:31,2026-06-01,Monday,10,Deposit,Corporate,Walk-in,D859,C5,2026-06-01 10:53:11,2026-06-01 10:57:30,2.68,4.31,11,1,9,Completed,False
VIS-20260601-101150,BR005,2026-06-01 10:55:30,2026-06-01,Monday,10,Credit Card,Regular,Walk-in,C745,C7,2026-06-01 10:59:23,2026-06-01 11:04:49,3.89,5.43,11,1,6,Completed,False
VIS-20260601-101151,BR005,2026-06-01 10:33:18,2026-06-01,Monday,10,Cheque Withdrawal,HNI,Walk-in,C493,C4,2026-06-01 10:38:02,2026-06-01 10:43:17,4.74,5.25,11,1,6,Completed,False
VIS-20260601-101152,BR005,2026-06-01 10:44:33,2026-06-01,Monday,10,Locker Issuing,Regular,Walk-in,L576,C4,2026-06-01 11:02:09,2026-06-01 11:26:47,17.61,24.63,11,1,7,Completed,False
VIS-20260601-101153,BR005,2026-06-01 10:55:48,2026-06-01,Monday,10,Deposit,Senior Citizen,Walk-in,D380,C3,2026-06-01 11:00:08,2026-06-01 11:06:13,4.34,6.09,11,1,8,Completed,False
VIS-20260601-101154,BR005,2026-06-01 11:47:09,2026-06-01,Monday,11,Account Opening,Regular,Walk-in,A499,C4,2026-06-01 12:09:33,2026-06-01 12:31:12,22.4,21.65,11,1,8,Completed,True
VIS-20260601-101155,BR005,2026-06-01 11:51:42,2026-06-01,Monday,11,Withdrawal,Regular,Walk-in,W185,C1,2026-06-01 11:53:12,2026-06-01 11:56:30,1.5,3.3,11,1,6,Completed,False
VIS-20260601-101156,BR005,2026-06-01 11:04:49,2026-06-01,Monday,11,Withdrawal,Senior Citizen,Walk-in,W873,C10,2026-06-01 11:08:30,2026-06-01 11:13:26,3.69,4.94,11,1,7,Completed,False
VIS-20260601-101157,BR005,2026-06-01 11:22:34,2026-06-01,Monday,11,Account Opening,Regular,Walk-in,A620,C9,2026-06-01 11:50:37,2026-06-01 12:15:22,28.05,24.75,11,1,10,Completed,True
VIS-20260601-101158,BR005,2026-06-01 11:11:14,2026-06-01,Monday,11,Deposit,Corporate,Booked,D837,C5,2026-06-01 11:11:41,2026-06-01 11:16:40,0.45,4.99,11,1,4,Completed,False
VIS-20260601-101159,BR005,2026-06-01 11:36:43,2026-06-01,Monday,11,KYC Related,Regular,Booked,K953,C2,2026-06-01 11:37:35,2026-06-01 11:46:08,0.87,8.56,11,1,4,Completed,False
VIS-20260601-101160,BR005,2026-06-01 11:48:41,2026-06-01,Monday,11,Deposit,Regular,Walk-in,D180,C5,2026-06-01 11:54:44,2026-06-01 12:02:08,6.06,7.4,11,1,9,Completed,False
VIS-20260601-101161,BR005,2026-06-01 11:11:14,2026-06-01,Monday,11,Withdrawal,Regular,Walk-in,W225,C8,2026-06-01 11:16:18,2026-06-01 11:19:20,5.07,3.03,11,1,8,Completed,False
VIS-20260601-101162,BR005,2026-06-01 11:48:14,2026-06-01,Monday,11,Cheque Withdrawal,Regular,Booked,C559,C9,2026-06-01 11:48:57,2026-06-01 11:52:58,0.72,4.02,11,1,4,Completed,False
VIS-20260601-101163,BR005,2026-06-01 11:05:53,2026-06-01,Monday,11,Withdrawal,Regular,Walk-in,W788,C2,2026-06-01 11:11:33,2026-06-01 11:16:21,5.68,4.8,11,1,11,Completed,False
VIS-20260601-101164,BR005,2026-06-01 11:50:28,2026-06-01,Monday,11,Deposit,Regular,Walk-in,D591,C2,2026-06-01 11:55:22,2026-06-01 11:59:40,4.9,4.31,11,1,5,Completed,False
VIS-20260601-101165,BR005,2026-06-01 11:19:30,2026-06-01,Monday,11,Money Transfer,Regular,Walk-in,M201,C10,2026-06-01 11:24:07,2026-06-01 11:30:23,4.63,6.26,11,1,7,Completed,False
VIS-20260601-101166,BR005,2026-06-01 11:25:45,2026-06-01,Monday,11,KYC Related,Regular,Walk-in,K900,C6,2026-06-01 11:40:44,2026-06-01 11:50:46,14.99,10.03,11,1,12,Completed,False
VIS-20260601-101167,BR005,2026-06-01 11:17:54,2026-06-01,Monday,11,Loans - Payment and Sanctioning,Regular,Walk-in,L719,C5,2026-06-01 11:51:21,2026-06-01 12:26:42,33.46,35.35,11,1,8,Completed,True
VIS-20260601-101168,BR005,2026-06-01 11:49:10,2026-06-01,Monday,11,Loans - Payment and Sanctioning,Corporate,Walk-in,L981,C10,2026-06-01 12:41:01,2026-06-01 13:18:20,51.85,37.32,11,1,12,Completed,True
VIS-20260601-101169,BR005,2026-06-01 11:34:50,2026-06-01,Monday,11,Credit Card,Regular,Walk-in,C122,C9,2026-06-01 11:42:47,2026-06-01 11:48:11,7.95,5.4,11,1,9,Completed,False
VIS-20260601-101170,BR005,2026-06-01 11:29:33,2026-06-01,Monday,11,Cheque Withdrawal,Regular,Walk-in,C597,C2,2026-06-01 11:34:51,2026-06-01 11:39:56,5.31,5.08,11,1,9,Completed,False
VIS-20260601-101171,BR005,2026-06-01 11:27:56,2026-06-01,Monday,11,Withdrawal,Regular,Walk-in,W659,C9,2026-06-01 11:33:39,2026-06-01 11:37:14,5.72,3.58,11,1,9,Completed,False
VIS-20260601-101172,BR005,2026-06-01 11:21:07,2026-06-01,Monday,11,Cheque Withdrawal,Regular,Booked,C628,C6,2026-06-01 11:21:56,2026-06-01 11:27:50,0.83,5.9,11,1,5,Completed,False
VIS-20260601-101173,BR005,2026-06-01 11:29:39,2026-06-01,Monday,11,Withdrawal,Regular,Walk-in,W118,C7,2026-06-01 11:34:03,2026-06-01 11:37:04,4.41,3.01,11,1,9,Completed,False
VIS-20260601-101174,BR005,2026-06-01 11:32:50,2026-06-01,Monday,11,Credit Card,Regular,Booked,C887,C8,2026-06-01 11:33:23,2026-06-01 11:41:09,0.56,7.77,11,1,0,Completed,False
VIS-20260601-101175,BR005,2026-06-01 11:54:34,2026-06-01,Monday,11,Account Opening,Regular,Walk-in,A513,C7,2026-06-01 12:14:21,2026-06-01 12:34:56,19.79,20.59,11,1,8,Completed,False
VIS-20260601-101176,BR005,2026-06-01 11:28:23,2026-06-01,Monday,11,Withdrawal,Regular,Walk-in,W900,C4,2026-06-01 11:30:17,2026-06-01 11:34:00,1.91,3.71,11,1,7,Completed,False
VIS-20260601-101177,BR005,2026-06-01 11:48:46,2026-06-01,Monday,11,Withdrawal,Regular,Walk-in,W452,C8,2026-06-01 11:52:56,2026-06-01 11:55:32,4.18,2.59,11,1,11,Completed,False
VIS-20260601-101178,BR005,2026-06-01 11:06:14,2026-06-01,Monday,11,KYC Related,Regular,Walk-in,K399,C6,2026-06-01 11:11:06,2026-06-01 11:21:34,4.87,10.47,11,1,4,Completed,False
VIS-20260601-101179,BR005,2026-06-01 11:04:40,2026-06-01,Monday,11,Deposit,HNI,Walk-in,D927,C9,2026-06-01 11:14:25,2026-06-01 11:22:11,9.75,7.77,11,1,9,Completed,False
VIS-20260601-101180,BR005,2026-06-01 11:39:43,2026-06-01,Monday,11,Aadhaar Linking,Regular,Walk-in,A152,C5,2026-06-01 11:56:43,2026-06-01 12:08:07,17.0,11.41,11,1,11,Completed,False
VIS-20260601-101181,BR005,2026-06-01 11:00:36,2026-06-01,Monday,11,Withdrawal,HNI,Walk-in,W254,C6,2026-06-01 11:08:15,2026-06-01 11:12:59,7.65,4.74,11,1,9,Completed,False
VIS-20260601-101182,BR005,2026-06-01 11:49:36,2026-06-01,Monday,11,KYC Related,HNI,Walk-in,K662,C6,2026-06-01 11:57:27,2026-06-01 12:08:26,7.86,10.98,11,1,5,Completed,False
VIS-20260601-101183,BR005,2026-06-01 11:12:11,2026-06-01,Monday,11,Cheque Withdrawal,Regular,Walk-in,C380,C10,2026-06-01 11:16:47,2026-06-01 11:22:10,4.6,5.39,11,1,7,Completed,False
VIS-20260601-101184,BR005,2026-06-01 11:41:00,2026-06-01,Monday,11,Withdrawal,Regular,Walk-in,W361,C6,2026-06-01 11:43:13,2026-06-01 11:45:16,2.23,2.05,11,1,8,Completed,False
VIS-20260601-101185,BR005,2026-06-01 11:50:52,2026-06-01,Monday,11,Locker Issuing,Regular,Walk-in,L242,C10,2026-06-01 12:19:26,2026-06-01 12:49:59,28.58,30.55,11,1,8,Completed,True
VIS-20260601-101186,BR005,2026-06-01 11:16:33,2026-06-01,Monday,11,Deposit,Regular,Walk-in,D697,C5,2026-06-01 11:22:48,2026-06-01 11:27:54,6.25,5.11,11,1,10,Completed,False
VIS-20260601-101187,BR005,2026-06-01 11:08:28,2026-06-01,Monday,11,Cheque Withdrawal,Senior Citizen,Walk-in,C730,C9,2026-06-01 11:13:20,2026-06-01 11:19:09,4.88,5.81,11,1,7,Completed,False
VIS-20260601-101188,BR005,2026-06-01 11:49:01,2026-06-01,Monday,11,Loans - Payment and Sanctioning,Senior Citizen,Walk-in,L670,C3,2026-06-01 12:25:50,2026-06-01 12:50:52,36.82,25.03,11,1,12,Completed,True
VIS-20260601-101189,BR005,2026-06-01 11:13:37,2026-06-01,Monday,11,Withdrawal,Corporate,Walk-in,W982,C2,2026-06-01 11:16:16,2026-06-01 11:18:17,2.66,2.01,11,1,10,Completed,False
VIS-20260601-101190,BR005,2026-06-01 11:20:42,2026-06-01,Monday,11,Deposit,HNI,Walk-in,D229,C10,2026-06-01 11:24:20,2026-06-01 11:32:16,3.64,7.94,11,1,6,Completed,False
VIS-20260601-101191,BR005,2026-06-01 11:36:13,2026-06-01,Monday,11,KYC Related,Regular,Walk-in,K136,C10,2026-06-01 11:53:37,2026-06-01 12:08:35,17.4,14.98,11,1,9,Completed,False
VIS-20260601-101192,BR005,2026-06-01 11:11:46,2026-06-01,Monday,11,Withdrawal,Senior Citizen,Walk-in,W210,C9,2026-06-01 11:14:33,2026-06-01 11:16:59,2.79,2.44,11,1,8,Completed,False
VIS-20260601-101193,BR005,2026-06-01 11:54:07,2026-06-01,Monday,11,Aadhaar Linking,Regular,Walk-in,A654,C9,2026-06-01 12:00:55,2026-06-01 12:08:02,6.8,7.13,11,1,9,Completed,False
VIS-20260601-101194,BR005,2026-06-01 11:41:13,2026-06-01,Monday,11,Money Transfer,Corporate,Walk-in,M605,C6,2026-06-01 11:43:43,2026-06-01 11:47:57,2.51,4.23,11,1,8,Completed,False
VIS-20260601-101195,BR005,2026-06-01 11:43:56,2026-06-01,Monday,11,Credit Card,Senior Citizen,Walk-in,C386,C9,2026-06-01 11:55:17,2026-06-01 12:02:07,11.35,6.84,11,1,11,Completed,False
VIS-20260601-101196,BR005,2026-06-01 11:35:43,2026-06-01,Monday,11,Cheque Withdrawal,Regular,Walk-in,C909,C9,2026-06-01 11:38:56,2026-06-01 11:42:43,3.23,3.77,11,1,10,Completed,False
VIS-20260601-101197,BR005,2026-06-01 12:19:26,2026-06-01,Monday,12,Withdrawal,Regular,Walk-in,W496,C6,2026-06-01 12:23:26,2026-06-01 12:28:25,4.0,4.99,11,1,8,Completed,False
VIS-20260601-101198,BR005,2026-06-01 12:52:52,2026-06-01,Monday,12,Credit Card,Senior Citizen,Walk-in,C253,C5,2026-06-01 13:00:13,2026-06-01 13:05:29,7.36,5.27,11,1,9,Completed,False
VIS-20260601-101199,BR005,2026-06-01 12:22:01,2026-06-01,Monday,12,Insurance,Regular,Booked,I217,C9,2026-06-01 12:23:22,2026-06-01 12:39:53,1.36,16.51,11,1,1,Completed,False
VIS-20260601-101200,BR005,2026-06-01 12:06:06,2026-06-01,Monday,12,Cheque Withdrawal,Regular,Walk-in,C837,C3,2026-06-01 12:10:42,2026-06-01 12:15:55,4.61,5.22,11,1,6,Completed,False
VIS-20260601-101201,BR005,2026-06-01 12:26:46,2026-06-01,Monday,12,Deposit,Regular,Walk-in,D171,C5,2026-06-01 12:28:16,2026-06-01 12:32:59,1.51,4.72,11,1,3,Completed,False
VIS-20260601-101202,BR005,2026-06-01 12:04:51,2026-06-01,Monday,12,Loans - Payment and Sanctioning,Regular,Walk-in,L452,C7,2026-06-01 12:22:50,2026-06-01 12:52:07,17.99,29.29,11,1,6,Completed,False
VIS-20260601-101203,BR005,2026-06-01 12:54:33,2026-06-01,Monday,12,Cheque Withdrawal,Regular,Walk-in,C383,C8,2026-06-01 12:58:21,2026-06-01 13:03:46,3.8,5.43,11,1,8,Completed,False
VIS-20260601-101204,BR005,2026-06-01 12:58:50,2026-06-01,Monday,12,Deposit,Regular,Walk-in,D148,C5,2026-06-01 13:01:52,2026-06-01 13:07:58,3.04,6.1,11,1,7,Completed,False
VIS-20260601-101205,BR005,2026-06-01 12:17:24,2026-06-01,Monday,12,Deposit,Regular,Walk-in,D178,C7,2026-06-01 12:20:37,2026-06-01 12:25:46,3.22,5.15,11,1,4,Completed,False
VIS-20260601-101206,BR005,2026-06-01 12:43:30,2026-06-01,Monday,12,Deposit,HNI,Walk-in,D125,C8,2026-06-01 12:44:00,2026-06-01 12:48:18,0.5,4.3,11,1,3,Completed,False
VIS-20260601-101207,BR005,2026-06-01 12:41:35,2026-06-01,Monday,12,KYC Related,Senior Citizen,Walk-in,K707,C1,2026-06-01 12:53:10,2026-06-01 13:05:48,11.59,12.64,11,1,9,Completed,False
VIS-20260601-101208,BR005,2026-06-01 12:31:03,2026-06-01,Monday,12,Deposit,Senior Citizen,Walk-in,D246,C5,2026-06-01 12:35:37,2026-06-01 12:40:47,4.57,5.17,11,1,5,Completed,False
VIS-20260601-101209,BR005,2026-06-01 12:31:03,2026-06-01,Monday,12,Withdrawal,Senior Citizen,Walk-in,W555,C2,2026-06-01 12:32:18,2026-06-01 12:36:01,1.26,3.71,11,1,4,Completed,False
VIS-20260601-101210,BR005,2026-06-01 12:26:46,2026-06-01,Monday,12,Money Transfer,Regular,Booked,M369,C2,2026-06-01 12:28:11,2026-06-01 12:34:35,1.43,6.4,11,1,2,Completed,False
VIS-20260601-101211,BR005,2026-06-01 12:17:14,2026-06-01,Monday,12,Debit Card,Senior Citizen,Walk-in,D504,C4,2026-06-01 12:23:06,2026-06-01 12:31:41,5.88,8.57,11,1,6,Completed,False
VIS-20260601-101212,BR005,2026-06-01 12:38:30,2026-06-01,Monday,12,Insurance,Regular,Walk-in,I462,C8,2026-06-01 12:55:01,2026-06-01 13:12:06,16.52,17.09,11,1,9,Completed,False
VIS-20260601-101213,BR005,2026-06-01 12:22:40,2026-06-01,Monday,12,Credit Card,HNI,Walk-in,C528,C5,2026-06-01 12:29:19,2026-06-01 12:37:19,6.66,7.99,11,1,7,Completed,False
VIS-20260601-101214,BR005,2026-06-01 12:24:42,2026-06-01,Monday,12,Withdrawal,Regular,Walk-in,W819,C9,2026-06-01 12:26:48,2026-06-01 12:31:13,2.11,4.41,11,1,6,Completed,False
VIS-20260601-101215,BR005,2026-06-01 12:06:25,2026-06-01,Monday,12,Money Transfer,Senior Citizen,Walk-in,M897,C3,2026-06-01 12:10:40,2026-06-01 12:17:29,4.26,6.82,11,1,7,Completed,False
VIS-20260601-101216,BR005,2026-06-01 12:10:07,2026-06-01,Monday,12,Withdrawal,HNI,Walk-in,W393,C3,2026-06-01 12:13:11,2026-06-01 12:15:47,3.08,2.6,11,1,5,Completed,False
VIS-20260601-101217,BR005,2026-06-01 12:07:19,2026-06-01,Monday,12,Withdrawal,Regular,Walk-in,W154,C6,2026-06-01 12:08:44,2026-06-01 12:12:17,1.43,3.54,11,1,8,Completed,False
VIS-20260601-101218,BR005,2026-06-01 12:53:32,2026-06-01,Monday,12,Deposit,Regular,Walk-in,D158,C6,2026-06-01 12:56:45,2026-06-01 13:02:27,3.23,5.69,11,1,5,Completed,False
VIS-20260601-101219,BR005,2026-06-01 12:38:42,2026-06-01,Monday,12,Insurance,Corporate,Walk-in,I137,C6,2026-06-01 13:01:13,2026-06-01 13:21:31,22.52,20.3,11,1,9,Completed,True
VIS-20260601-101220,BR005,2026-06-01 12:29:34,2026-06-01,Monday,12,Deposit,Regular,Booked,D316,C6,2026-06-01 12:29:46,2026-06-01 12:33:58,0.2,4.2,11,1,0,Completed,False
VIS-20260601-101221,BR005,2026-06-01 12:17:57,2026-06-01,Monday,12,PAN Linking,Regular,Walk-in,P279,C3,2026-06-01 12:29:49,2026-06-01 12:41:41,11.88,11.86,11,1,7,Completed,False
VIS-20260601-101222,BR005,2026-06-01 12:44:52,2026-06-01,Monday,12,Loans - Payment and Sanctioning,HNI,Walk-in,L875,C2,2026-06-01 13:05:01,2026-06-01 13:36:26,20.15,31.43,11,1,6,Completed,True
VIS-20260601-101223,BR005,2026-06-01 12:23:21,2026-06-01,Monday,12,Money Transfer,Regular,Walk-in,M171,C10,2026-06-01 12:29:41,2026-06-01 12:36:20,6.34,6.65,11,1,5,Completed,False
VIS-20260601-101224,BR005,2026-06-01 12:44:28,2026-06-01,Monday,12,Deposit,Regular,Walk-in,D188,C2,2026-06-01 12:46:20,2026-06-01 12:53:32,1.87,7.21,11,1,4,Completed,False
VIS-20260601-101225,BR005,2026-06-01 13:13:08,2026-06-01,Monday,13,Credit Card,HNI,Walk-in,C393,C5,2026-06-01 13:16:06,2026-06-01 13:22:53,2.98,6.78,11,1,6,Completed,False
VIS-20260601-101226,BR005,2026-06-01 13:52:44,2026-06-01,Monday,13,Cheque Withdrawal,Regular,Walk-in,C954,C9,2026-06-01 13:54:50,2026-06-01 14:00:18,2.1,5.47,11,1,6,Completed,False
VIS-20260601-101227,BR005,2026-06-01 13:07:55,2026-06-01,Monday,13,Insurance,Senior Citizen,Walk-in,I488,C2,2026-06-01 13:30:04,2026-06-01 13:58:32,22.16,28.46,11,1,6,Completed,True
VIS-20260601-101228,BR005,2026-06-01 13:07:31,2026-06-01,Monday,13,Deposit,Regular,Booked,D985,C4,2026-06-01 13:07:43,2026-06-01 13:12:33,0.2,4.84,11,1,0,Completed,False
VIS-20260601-101229,BR005,2026-06-01 13:23:20,2026-06-01,Monday,13,Debit Card,Regular,Walk-in,D307,C2,2026-06-01 13:23:50,2026-06-01 13:29:57,0.5,6.12,11,1,2,Completed,False
VIS-20260601-101230,BR005,2026-06-01 13:46:57,2026-06-01,Monday,13,Money Transfer,Regular,Walk-in,M719,C2,2026-06-01 13:49:27,2026-06-01 13:55:07,2.51,5.67,11,1,6,Completed,False
VIS-20260601-101231,BR005,2026-06-01 13:12:59,2026-06-01,Monday,13,Cheque Withdrawal,Regular,Walk-in,C493,C1,2026-06-01 13:13:29,2026-06-01 13:17:29,0.5,4.0,11,1,5,Completed,False
VIS-20260601-101232,BR005,2026-06-01 13:04:53,2026-06-01,Monday,13,Aadhaar Linking,Regular,Booked,A388,C5,2026-06-01 13:05:16,2026-06-01 13:12:03,0.39,6.79,11,1,0,Completed,False
VIS-20260601-101233,BR005,2026-06-01 13:59:28,2026-06-01,Monday,13,Withdrawal,Regular,Walk-in,W306,C4,2026-06-01 13:59:58,2026-06-01 14:02:08,0.5,2.18,11,1,7,Completed,False
VIS-20260601-101234,BR005,2026-06-01 13:23:15,2026-06-01,Monday,13,Deposit,HNI,Walk-in,D613,C1,2026-06-01 13:28:12,2026-06-01 13:35:49,4.95,7.63,11,1,6,Completed,False
VIS-20260601-101235,BR005,2026-06-01 13:43:00,2026-06-01,Monday,13,Withdrawal,Regular,Walk-in,W344,C9,2026-06-01 13:45:12,2026-06-01 13:47:38,2.21,2.43,11,1,6,Completed,False
VIS-20260601-101236,BR005,2026-06-01 13:27:35,2026-06-01,Monday,13,Cheque Withdrawal,Corporate,Walk-in,C598,C10,2026-06-01 13:31:17,2026-06-01 13:35:25,3.71,4.13,11,1,4,Completed,False
VIS-20260601-101237,BR005,2026-06-01 13:00:59,2026-06-01,Monday,13,Withdrawal,Regular,Walk-in,W679,C5,2026-06-01 13:06:06,2026-06-01 13:10:13,5.13,4.11,11,1,6,Completed,False
VIS-20260601-101238,BR005,2026-06-01 13:43:43,2026-06-01,Monday,13,Account Opening,Regular,Walk-in,A318,C10,2026-06-01 13:50:47,2026-06-01 14:09:39,7.07,18.87,11,1,4,Completed,False
VIS-20260601-101239,BR005,2026-06-01 13:47:25,2026-06-01,Monday,13,Cheque Withdrawal,HNI,Walk-in,C123,C2,2026-06-01 13:49:00,2026-06-01 13:52:37,1.59,3.61,11,1,5,Completed,False
VIS-20260601-101240,BR005,2026-06-01 13:42:05,2026-06-01,Monday,13,Deposit,Regular,Walk-in,D332,C10,2026-06-01 13:47:38,2026-06-01 13:53:04,5.56,5.43,11,1,5,Completed,False
VIS-20260601-101241,BR005,2026-06-01 13:16:10,2026-06-01,Monday,13,Money Transfer,Corporate,Walk-in,M223,C6,2026-06-01 13:22:40,2026-06-01 13:28:39,6.51,5.98,11,1,6,Completed,False
VIS-20260601-101242,BR005,2026-06-01 13:56:26,2026-06-01,Monday,13,Withdrawal,Regular,Walk-in,W388,C5,2026-06-01 13:59:06,2026-06-01 14:01:09,2.68,2.04,11,1,6,Completed,False
VIS-20260601-101243,BR005,2026-06-01 13:29:29,2026-06-01,Monday,13,Money Transfer,Regular,Walk-in,M262,C10,2026-06-01 13:35:24,2026-06-01 13:39:13,5.92,3.82,11,1,7,Completed,False
VIS-20260601-101244,BR005,2026-06-01 13:54:37,2026-06-01,Monday,13,KYC Related,Regular,Walk-in,K515,C9,2026-06-01 14:04:44,2026-06-01 14:19:14,10.12,14.51,11,1,5,Completed,False
VIS-20260601-101245,BR005,2026-06-01 13:33:19,2026-06-01,Monday,13,Deposit,Regular,Walk-in,D501,C3,2026-06-01 13:37:42,2026-06-01 13:42:35,4.39,4.89,11,1,8,Completed,False
VIS-20260601-101246,BR005,2026-06-01 13:55:27,2026-06-01,Monday,13,Deposit,HNI,Walk-in,D815,C9,2026-06-01 13:57:49,2026-06-01 14:02:15,2.37,4.44,11,1,4,Completed,False
VIS-20260601-101247,BR005,2026-06-01 14:22:50,2026-06-01,Monday,14,Deposit,Regular,Walk-in,D764,C9,2026-06-01 14:27:15,2026-06-01 14:34:06,4.43,6.84,11,1,4,Completed,False
VIS-20260601-101248,BR005,2026-06-01 14:26:32,2026-06-01,Monday,14,Money Transfer,Regular,Walk-in,M216,C3,2026-06-01 14:34:10,2026-06-01 14:39:04,7.64,4.9,11,1,9,Completed,False
VIS-20260601-101249,BR005,2026-06-01 14:38:41,2026-06-01,Monday,14,Withdrawal,Regular,Walk-in,W227,C10,2026-06-01 14:42:37,2026-06-01 14:46:11,3.94,3.56,11,1,9,Completed,False
VIS-20260601-101250,BR005,2026-06-01 14:46:46,2026-06-01,Monday,14,Withdrawal,Regular,Walk-in,W332,C7,2026-06-01 14:51:32,2026-06-01 14:55:25,4.78,3.87,11,1,6,Completed,False
VIS-20260601-101251,BR005,2026-06-01 14:19:19,2026-06-01,Monday,14,Locker Issuing,Regular,Walk-in,L144,C2,2026-06-01 14:41:26,2026-06-01 15:03:13,22.12,21.79,11,1,8,Completed,True
VIS-20260601-101252,BR005,2026-06-01 14:51:16,2026-06-01,Monday,14,Withdrawal,HNI,Walk-in,W212,C8,2026-06-01 14:57:38,2026-06-01 15:02:32,6.38,4.9,11,1,8,Completed,False
VIS-20260601-101253,BR005,2026-06-01 14:41:09,2026-06-01,Monday,14,Withdrawal,Senior Citizen,Booked,W274,C8,2026-06-01 14:42:21,2026-06-01 14:46:21,1.21,3.99,11,1,1,Completed,False
VIS-20260601-101254,BR005,2026-06-01 14:07:40,2026-06-01,Monday,14,KYC Related,Senior Citizen,Walk-in,K987,C10,2026-06-01 14:19:38,2026-06-01 14:29:55,11.98,10.28,11,1,8,Completed,False
VIS-20260601-101255,BR005,2026-06-01 14:36:23,2026-06-01,Monday,14,Deposit,Regular,Walk-in,D483,C7,2026-06-01 14:46:35,2026-06-01 14:54:33,10.21,7.97,11,1,9,Completed,False
VIS-20260601-101256,BR005,2026-06-01 14:48:46,2026-06-01,Monday,14,Cheque Withdrawal,Regular,Booked,C569,C1,2026-06-01 14:48:58,2026-06-01 14:53:28,0.2,4.51,11,1,2,Completed,False
VIS-20260601-101257,BR005,2026-06-01 14:45:10,2026-06-01,Monday,14,Deposit,Regular,Booked,D289,C2,2026-06-01 14:45:56,2026-06-01 14:52:41,0.77,6.75,11,1,0,Completed,False
VIS-20260601-101258,BR005,2026-06-01 14:46:08,2026-06-01,Monday,14,Loans - Payment and Sanctioning,Corporate,Walk-in,L731,C8,2026-06-01 15:24:32,2026-06-01 16:09:13,38.41,44.68,11,1,7,Completed,True
VIS-20260601-101259,BR005,2026-06-01 14:39:42,2026-06-01,Monday,14,Withdrawal,Regular,Walk-in,W483,C3,2026-06-01 14:46:01,2026-06-01 14:50:43,6.32,4.7,11,1,9,Completed,False
VIS-20260601-101260,BR005,2026-06-01 14:16:02,2026-06-01,Monday,14,Withdrawal,Regular,Walk-in,W681,C10,2026-06-01 14:17:43,2026-06-01 14:20:25,1.69,2.7,11,1,11,Completed,False
VIS-20260601-101261,BR005,2026-06-01 14:32:51,2026-06-01,Monday,14,Account Opening,Regular,Walk-in,A594,C1,2026-06-01 14:43:19,2026-06-01 14:59:53,10.47,16.57,11,1,5,Completed,False
VIS-20260601-101262,BR005,2026-06-01 14:11:23,2026-06-01,Monday,14,Debit Card,Senior Citizen,Walk-in,D239,C3,2026-06-01 14:19:47,2026-06-01 14:27:35,8.41,7.8,11,1,7,Completed,False
VIS-20260601-101263,BR005,2026-06-01 14:53:02,2026-06-01,Monday,14,Withdrawal,HNI,Walk-in,W714,C9,2026-06-01 14:57:28,2026-06-01 15:02:11,4.44,4.71,11,1,11,Completed,False
VIS-20260601-101264,BR005,2026-06-01 14:42:44,2026-06-01,Monday,14,Money Transfer,Regular,Walk-in,M964,C7,2026-06-01 14:45:44,2026-06-01 14:49:43,3.0,3.99,11,1,6,Completed,False
VIS-20260601-101265,BR005,2026-06-01 14:47:13,2026-06-01,Monday,14,Deposit,Regular,Walk-in,D464,C8,2026-06-01 14:55:17,2026-06-01 15:01:02,8.07,5.76,11,1,8,Completed,False
VIS-20260601-101266,BR005,2026-06-01 14:50:27,2026-06-01,Monday,14,Deposit,Regular,Walk-in,D996,C6,2026-06-01 14:55:44,2026-06-01 15:03:03,5.29,7.32,11,1,8,Completed,False
VIS-20260601-101267,BR005,2026-06-01 14:44:27,2026-06-01,Monday,14,Debit Card,Senior Citizen,Walk-in,D603,C1,2026-06-01 14:50:57,2026-06-01 14:58:44,6.5,7.79,11,1,8,Completed,False
VIS-20260601-101268,BR005,2026-06-01 14:15:41,2026-06-01,Monday,14,Loans - Payment and Sanctioning,Regular,Walk-in,L741,C9,2026-06-01 14:38:17,2026-06-01 15:20:27,22.6,42.17,11,1,5,Completed,True
VIS-20260601-101269,BR005,2026-06-01 14:29:52,2026-06-01,Monday,14,Deposit,Regular,Walk-in,D883,C2,2026-06-01 14:34:43,2026-06-01 14:39:44,4.85,5.03,11,1,10,Completed,False
VIS-20260601-101270,BR005,2026-06-01 14:34:40,2026-06-01,Monday,14,Credit Card,Regular,Walk-in,C226,C8,2026-06-01 14:40:41,2026-06-01 14:46:37,6.02,5.93,11,1,9,Completed,False
VIS-20260601-101271,BR005,2026-06-01 14:10:29,2026-06-01,Monday,14,Withdrawal,Regular,Booked,W915,C9,2026-06-01 14:11:24,2026-06-01 14:16:02,0.93,4.63,11,1,0,Completed,False
VIS-20260601-101272,BR005,2026-06-01 14:11:51,2026-06-01,Monday,14,Account Opening,Regular,Walk-in,A867,C10,2026-06-01 14:25:38,2026-06-01 14:41:31,13.79,15.89,11,1,8,Completed,False
VIS-20260601-101273,BR005,2026-06-01 14:28:16,2026-06-01,Monday,14,Withdrawal,Senior Citizen,Walk-in,W364,C1,2026-06-01 14:33:36,2026-06-01 14:37:25,5.34,3.81,11,1,6,Completed,False
VIS-20260601-101274,BR005,2026-06-01 14:51:44,2026-06-01,Monday,14,Account Opening,Corporate,Walk-in,A208,C2,2026-06-01 15:09:26,2026-06-01 15:31:15,17.71,21.81,11,1,6,Completed,False
VIS-20260601-101275,BR005,2026-06-01 14:20:54,2026-06-01,Monday,14,KYC Related,Regular,Walk-in,K673,C3,2026-06-01 14:34:54,2026-06-01 14:49:03,14.0,14.16,11,1,7,Completed,False
VIS-20260601-101276,BR005,2026-06-01 14:03:07,2026-06-01,Monday,14,Withdrawal,Regular,Walk-in,W295,C2,2026-06-01 14:05:45,2026-06-01 14:07:50,2.64,2.09,11,1,7,Completed,False
VIS-20260601-101277,BR005,2026-06-01 14:04:49,2026-06-01,Monday,14,Withdrawal,Regular,Walk-in,W873,C4,2026-06-01 14:06:07,2026-06-01 14:10:38,1.3,4.52,11,1,5,Completed,False
VIS-20260601-101278,BR005,2026-06-01 14:16:20,2026-06-01,Monday,14,KYC Related,Regular,Walk-in,K859,C4,2026-06-01 14:27:45,2026-06-01 14:39:42,11.43,11.95,11,1,7,Completed,False
VIS-20260601-101279,BR005,2026-06-01 14:31:54,2026-06-01,Monday,14,Aadhaar Linking,Regular,Walk-in,A110,C7,2026-06-01 14:36:39,2026-06-01 14:42:43,4.75,6.07,11,1,7,Completed,False
VIS-20260601-101280,BR005,2026-06-01 14:03:59,2026-06-01,Monday,14,Withdrawal,Senior Citizen,Walk-in,W282,C9,2026-06-01 14:06:18,2026-06-01 14:09:11,2.33,2.87,11,1,5,Completed,False
VIS-20260601-101281,BR005,2026-06-01 14:46:17,2026-06-01,Monday,14,Loans - Payment and Sanctioning,HNI,Booked,L379,C4,2026-06-01 14:46:43,2026-06-01 15:17:36,0.44,30.88,11,1,0,Completed,False
VIS-20260601-101282,BR005,2026-06-01 14:58:33,2026-06-01,Monday,14,Other,Senior Citizen,Walk-in,O984,C5,2026-06-01 15:04:54,2026-06-01 15:13:07,6.36,8.21,11,1,5,Completed,False
VIS-20260601-101283,BR005,2026-06-01 15:42:22,2026-06-01,Monday,15,Deposit,Regular,Walk-in,D665,C2,2026-06-01 15:45:13,2026-06-01 15:49:29,2.86,4.27,11,1,7,Completed,False
VIS-20260601-101284,BR005,2026-06-01 15:08:26,2026-06-01,Monday,15,Cheque Withdrawal,Regular,Walk-in,C751,C3,2026-06-01 15:11:22,2026-06-01 15:15:31,2.94,4.15,11,1,7,Completed,False
VIS-20260601-101285,BR005,2026-06-01 15:30:15,2026-06-01,Monday,15,Account Opening,Senior Citizen,Walk-in,A517,C1,2026-06-01 15:56:02,2026-06-01 16:20:32,25.79,24.5,11,1,9,Completed,True
VIS-20260601-101286,BR005,2026-06-01 15:45:59,2026-06-01,Monday,15,Withdrawal,Corporate,Walk-in,W721,C4,2026-06-01 15:48:33,2026-06-01 15:51:32,2.57,2.98,11,1,7,Completed,False
VIS-20260601-101287,BR005,2026-06-01 15:56:05,2026-06-01,Monday,15,Debit Card,Regular,Walk-in,D349,C10,2026-06-01 16:04:35,2026-06-01 16:11:44,8.51,7.14,11,1,7,Completed,False
VIS-20260601-101288,BR005,2026-06-01 15:47:16,2026-06-01,Monday,15,Money Transfer,Senior Citizen,Walk-in,M574,C9,2026-06-01 15:53:17,2026-06-01 15:59:23,6.02,6.1,11,1,10,Completed,False
VIS-20260601-101289,BR005,2026-06-01 15:19:21,2026-06-01,Monday,15,Withdrawal,Senior Citizen,Walk-in,W339,C1,2026-06-01 15:24:24,2026-06-01 15:28:12,5.06,3.79,11,1,7,Completed,False
VIS-20260601-101290,BR005,2026-06-01 15:30:52,2026-06-01,Monday,15,Money Transfer,Regular,Walk-in,M132,C3,2026-06-01 15:36:50,2026-06-01 15:41:05,5.98,4.24,11,1,7,Completed,False
VIS-20260601-101291,BR005,2026-06-01 15:35:27,2026-06-01,Monday,15,Loans - Payment and Sanctioning,Regular,Booked,L174,C9,2026-06-01 15:38:48,2026-06-01 16:08:48,3.36,30.0,11,1,3,Completed,False
VIS-20260601-101292,BR005,2026-06-01 15:45:38,2026-06-01,Monday,15,Account Opening,HNI,Walk-in,A570,C1,2026-06-01 15:52:49,2026-06-01 16:12:33,7.19,19.73,11,1,4,Completed,False
VIS-20260601-101293,BR005,2026-06-01 15:32:41,2026-06-01,Monday,15,Debit Card,Regular,Walk-in,D963,C3,2026-06-01 15:40:15,2026-06-01 15:46:32,7.58,6.28,11,1,8,Completed,False
VIS-20260601-101294,BR005,2026-06-01 15:22:25,2026-06-01,Monday,15,Account Opening,Regular,Walk-in,A188,C1,2026-06-01 15:40:44,2026-06-01 16:02:40,18.32,21.94,11,1,8,Completed,False
VIS-20260601-101295,BR005,2026-06-01 15:36:17,2026-06-01,Monday,15,Withdrawal,HNI,Walk-in,W235,C2,2026-06-01 15:41:29,2026-06-01 15:44:42,5.21,3.21,11,1,11,Completed,False
VIS-20260601-101296,BR005,2026-06-01 15:26:21,2026-06-01,Monday,15,Withdrawal,Regular,Walk-in,W624,C9,2026-06-01 15:27:36,2026-06-01 15:31:38,1.25,4.04,11,1,7,Completed,False
VIS-20260601-101297,BR005,2026-06-01 15:47:33,2026-06-01,Monday,15,Debit Card,Corporate,Walk-in,D555,C3,2026-06-01 15:53:23,2026-06-01 15:59:52,5.84,6.49,11,1,9,Completed,False
VIS-20260601-101298,BR005,2026-06-01 15:10:11,2026-06-01,Monday,15,Account Opening,Regular,Walk-in,A873,C5,2026-06-01 15:29:23,2026-06-01 15:52:16,19.2,22.89,11,1,8,Completed,False
VIS-20260601-101299,BR005,2026-06-01 15:36:14,2026-06-01,Monday,15,Withdrawal,Regular,Booked,W526,C2,2026-06-01 15:36:26,2026-06-01 15:38:33,0.2,2.13,11,1,4,Completed,False
VIS-20260601-101300,BR005,2026-06-01 15:37:43,2026-06-01,Monday,15,PAN Linking,HNI,Walk-in,P912,C3,2026-06-01 15:42:52,2026-06-01 15:54:37,5.16,11.74,11,1,5,Completed,False
VIS-20260601-101301,BR005,2026-06-01 15:52:53,2026-06-01,Monday,15,Withdrawal,Senior Citizen,Walk-in,W438,C9,2026-06-01 15:57:02,2026-06-01 16:01:59,4.16,4.95,11,1,9,Completed,False
VIS-20260601-101302,BR005,2026-06-01 15:20:07,2026-06-01,Monday,15,Cheque Withdrawal,Regular,Booked,C939,C7,2026-06-01 15:20:39,2026-06-01 15:24:32,0.54,3.89,11,1,2,Completed,False
VIS-20260601-101303,BR005,2026-06-01 15:55:54,2026-06-01,Monday,15,Account Opening,Regular,Walk-in,A183,C2,2026-06-01 16:23:07,2026-06-01 16:44:21,27.22,21.23,11,1,11,Completed,True
VIS-20260601-101304,BR005,2026-06-01 15:33:32,2026-06-01,Monday,15,Deposit,Senior Citizen,Walk-in,D885,C10,2026-06-01 15:35:32,2026-06-01 15:39:43,2.0,4.19,11,1,5,Completed,False
VIS-20260601-101305,BR005,2026-06-01 15:58:23,2026-06-01,Monday,15,Money Transfer,Regular,Walk-in,M477,C4,2026-06-01 16:02:12,2026-06-01 16:07:56,3.82,5.74,11,1,7,Completed,False
VIS-20260601-101306,BR005,2026-06-01 15:44:28,2026-06-01,Monday,15,Money Transfer,Regular,Walk-in,M377,C10,2026-06-01 15:50:20,2026-06-01 15:54:58,5.88,4.63,11,1,7,Completed,False
VIS-20260601-101307,BR005,2026-06-01 15:25:24,2026-06-01,Monday,15,Loans - Payment and Sanctioning,Senior Citizen,Walk-in,L870,C8,2026-06-01 15:50:12,2026-06-01 16:15:21,24.8,25.15,11,1,9,Completed,True
VIS-20260601-101308,BR005,2026-06-01 15:53:08,2026-06-01,Monday,15,Deposit,Regular,Walk-in,D493,C7,2026-06-01 15:58:18,2026-06-01 16:06:12,5.18,7.9,11,1,7,Completed,False
VIS-20260601-101309,BR005,2026-06-01 15:33:40,2026-06-01,Monday,15,Cheque Withdrawal,Regular,Walk-in,C371,C3,2026-06-01 15:37:19,2026-06-01 15:40:50,3.66,3.51,11,1,6,Completed,False
VIS-20260601-101310,BR005,2026-06-01 15:25:34,2026-06-01,Monday,15,Withdrawal,HNI,Walk-in,W639,C10,2026-06-01 15:33:07,2026-06-01 15:37:35,7.56,4.47,11,1,9,Completed,False
VIS-20260601-101311,BR005,2026-06-01 15:21:59,2026-06-01,Monday,15,Account Opening,Regular,Walk-in,A947,C4,2026-06-01 15:36:10,2026-06-01 15:53:33,14.19,17.39,11,1,8,Completed,False
VIS-20260601-101312,BR005,2026-06-01 15:12:46,2026-06-01,Monday,15,Loans - Payment and Sanctioning,Regular,Booked,L807,C9,2026-06-01 15:15:42,2026-06-01 15:50:16,2.94,34.57,11,1,2,Completed,False
VIS-20260601-101313,BR005,2026-06-01 15:49:22,2026-06-01,Monday,15,Withdrawal,Senior Citizen,Walk-in,W894,C5,2026-06-01 15:49:52,2026-06-01 15:52:43,0.5,2.85,11,1,7,Completed,False
VIS-20260601-101314,BR005,2026-06-01 15:43:49,2026-06-01,Monday,15,Cheque Withdrawal,Regular,Walk-in,C775,C7,2026-06-01 15:46:33,2026-06-01 15:49:50,2.74,3.29,11,1,7,Completed,False
VIS-20260601-101315,BR005,2026-06-01 15:49:48,2026-06-01,Monday,15,Withdrawal,Regular,Booked,W956,C8,2026-06-01 15:50:00,2026-06-01 15:52:11,0.2,2.19,11,1,2,Completed,False
VIS-20260601-101316,BR005,2026-06-01 15:17:51,2026-06-01,Monday,15,Deposit,Regular,Walk-in,D993,C9,2026-06-01 15:22:25,2026-06-01 15:28:07,4.58,5.7,11,1,10,Completed,False
VIS-20260601-101317,BR005,2026-06-01 15:01:44,2026-06-01,Monday,15,KYC Related,Senior Citizen,Walk-in,K199,C8,2026-06-01 15:19:30,2026-06-01 15:33:59,17.78,14.47,11,1,10,Completed,False
VIS-20260601-101318,BR005,2026-06-01 16:09:17,2026-06-01,Monday,16,Deposit,Regular,Walk-in,D249,C3,2026-06-01 16:14:52,2026-06-01 16:18:56,5.59,4.07,11,1,7,Completed,False
VIS-20260601-101319,BR005,2026-06-01 16:24:53,2026-06-01,Monday,16,Credit Card,Senior Citizen,Walk-in,C981,C9,2026-06-01 16:31:02,2026-06-01 16:40:41,6.16,9.65,11,1,6,Completed,False
VIS-20260601-101320,BR005,2026-06-01 16:44:50,2026-06-01,Monday,16,Withdrawal,Regular,Walk-in,W430,C5,2026-06-01 16:48:39,2026-06-01 16:52:47,3.82,4.14,11,1,4,Completed,False
VIS-20260601-101321,BR005,2026-06-01 16:36:04,2026-06-01,Monday,16,Cheque Withdrawal,HNI,Walk-in,C213,C3,2026-06-01 16:38:20,2026-06-01 16:42:38,2.27,4.31,11,1,7,Completed,False
VIS-20260601-101322,BR005,2026-06-01 16:28:04,2026-06-01,Monday,16,Cheque Withdrawal,Corporate,Walk-in,C161,C10,2026-06-01 16:31:31,2026-06-01 16:35:44,3.45,4.22,11,1,7,Completed,False
VIS-20260601-101323,BR005,2026-06-01 16:27:32,2026-06-01,Monday,16,Deposit,HNI,Walk-in,D361,C9,2026-06-01 16:32:04,2026-06-01 16:37:58,4.54,5.9,11,1,4,Completed,False
VIS-20260601-101324,BR005,2026-06-01 16:41:56,2026-06-01,Monday,16,Withdrawal,Regular,Booked,W821,C7,2026-06-01 16:42:46,2026-06-01 16:45:26,0.84,2.66,11,1,2,Completed,False
VIS-20260601-101325,BR005,2026-06-01 16:13:16,2026-06-01,Monday,16,Credit Card,Regular,Booked,C999,C3,2026-06-01 16:14:28,2026-06-01 16:19:38,1.2,5.18,11,1,1,Completed,False
VIS-20260601-101326,BR005,2026-06-01 16:23:41,2026-06-01,Monday,16,Aadhaar Linking,Regular,Walk-in,A345,C1,2026-06-01 16:32:47,2026-06-01 16:40:15,9.11,7.47,11,1,8,Completed,False
VIS-20260601-101327,BR005,2026-06-01 16:21:35,2026-06-01,Monday,16,KYC Related,Regular,Walk-in,K538,C7,2026-06-01 16:25:26,2026-06-01 16:38:17,3.86,12.85,11,1,4,Completed,False
VIS-20260601-101328,BR005,2026-06-01 16:05:01,2026-06-01,Monday,16,KYC Related,Regular,Walk-in,K619,C2,2026-06-01 16:17:49,2026-06-01 16:32:12,12.81,14.38,11,1,8,Completed,False
VIS-20260601-101329,BR005,2026-06-01 16:50:24,2026-06-01,Monday,16,Insurance,Regular,Walk-in,I538,C7,2026-06-01 17:02:46,2026-06-01 17:26:23,12.38,23.61,11,1,5,Completed,False
VIS-20260601-101330,BR005,2026-06-01 16:49:07,2026-06-01,Monday,16,Withdrawal,Regular,Booked,W332,C8,2026-06-01 16:50:04,2026-06-01 16:52:17,0.95,2.22,11,1,0,Completed,False
VIS-20260601-101331,BR005,2026-06-01 16:19:48,2026-06-01,Monday,16,Cheque Withdrawal,Regular,Booked,C638,C10,2026-06-01 16:20:45,2026-06-01 16:24:46,0.95,4.02,11,1,0,Completed,False
VIS-20260601-101332,BR005,2026-06-01 16:43:05,2026-06-01,Monday,16,Deposit,Regular,Walk-in,D924,C4,2026-06-01 16:45:26,2026-06-01 16:50:05,2.36,4.64,11,1,6,Completed,False
VIS-20260601-101333,BR005,2026-06-01 16:34:29,2026-06-01,Monday,16,Deposit,Regular,Walk-in,D716,C6,2026-06-01 16:41:57,2026-06-01 16:49:09,7.48,7.19,11,1,8,Completed,False
VIS-20260601-101334,BR005,2026-06-01 16:29:14,2026-06-01,Monday,16,Account Opening,Corporate,Walk-in,A122,C9,2026-06-01 16:47:09,2026-06-01 17:11:39,17.92,24.5,11,1,6,Completed,False
VIS-20260601-101335,BR005,2026-06-01 16:37:54,2026-06-01,Monday,16,Withdrawal,Regular,Walk-in,W297,C8,2026-06-01 16:42:24,2026-06-01 16:47:19,4.51,4.91,11,1,5,Completed,False
VIS-20260601-101336,BR005,2026-06-01 16:24:16,2026-06-01,Monday,16,Credit Card,HNI,Walk-in,C360,C6,2026-06-01 16:29:02,2026-06-01 16:35:13,4.78,6.18,11,1,6,Completed,False
VIS-20260601-101337,BR005,2026-06-01 16:23:09,2026-06-01,Monday,16,Cheque Withdrawal,Regular,Walk-in,C273,C9,2026-06-01 16:27:49,2026-06-01 16:31:42,4.68,3.87,11,1,6,Completed,False
VIS-20260601-101338,BR005,2026-06-01 16:21:55,2026-06-01,Monday,16,Aadhaar Linking,Regular,Walk-in,A422,C9,2026-06-01 16:27:38,2026-06-01 16:38:09,5.73,10.51,11,1,5,Completed,False
VIS-20260601-101339,BR005,2026-06-01 16:49:27,2026-06-01,Monday,16,Money Transfer,Regular,Walk-in,M926,C4,2026-06-01 16:52:38,2026-06-01 16:59:21,3.19,6.71,11,1,4,Completed,False
VIS-20260601-101340,BR006,2026-06-01 09:08:13,2026-06-01,Monday,9,Cheque Withdrawal,Senior Citizen,Walk-in,C227,C2,2026-06-01 09:14:28,2026-06-01 09:19:37,6.26,5.15,7,1,8,Completed,False
VIS-20260601-101341,BR006,2026-06-01 09:47:55,2026-06-01,Monday,9,Withdrawal,Regular,Walk-in,W699,C1,2026-06-01 09:48:25,2026-06-01 09:50:52,0.5,2.46,7,1,4,Completed,False
VIS-20260601-101342,BR006,2026-06-01 09:36:35,2026-06-01,Monday,9,Deposit,HNI,Walk-in,D715,C6,2026-06-01 09:40:08,2026-06-01 09:46:29,3.56,6.34,7,1,4,Completed,False
VIS-20260601-101343,BR006,2026-06-01 09:52:04,2026-06-01,Monday,9,Deposit,Senior Citizen,Walk-in,D121,C2,2026-06-01 10:02:19,2026-06-01 10:08:50,10.26,6.52,7,1,7,Completed,False
VIS-20260601-101344,BR006,2026-06-01 09:01:54,2026-06-01,Monday,9,Cheque Withdrawal,Corporate,Walk-in,C658,C1,2026-06-01 09:09:46,2026-06-01 09:14:28,7.88,4.69,7,1,8,Completed,False
VIS-20260601-101345,BR006,2026-06-01 09:17:15,2026-06-01,Monday,9,Deposit,Regular,Walk-in,D655,C2,2026-06-01 09:26:28,2026-06-01 09:33:42,9.22,7.23,7,1,8,Completed,False
VIS-20260601-101346,BR006,2026-06-01 09:56:23,2026-06-01,Monday,9,Account Opening,Regular,Walk-in,A939,C5,2026-06-01 10:26:00,2026-06-01 10:46:26,29.62,20.43,7,1,8,Completed,True
VIS-20260601-101347,BR006,2026-06-01 09:27:32,2026-06-01,Monday,9,Loans - Payment and Sanctioning,Regular,Walk-in,L262,C2,2026-06-01 09:54:44,2026-06-01 10:20:45,27.2,26.03,7,1,6,Completed,True
VIS-20260601-101348,BR006,2026-06-01 09:41:22,2026-06-01,Monday,9,Aadhaar Linking,Regular,Walk-in,A842,C5,2026-06-01 09:48:43,2026-06-01 09:59:03,7.36,10.33,7,1,5,Completed,False
VIS-20260601-101349,BR006,2026-06-01 09:11:43,2026-06-01,Monday,9,KYC Related,Regular,Booked,K248,C2,2026-06-01 09:11:55,2026-06-01 09:20:11,0.2,8.28,7,1,0,Completed,False
VIS-20260601-101350,BR006,2026-06-01 09:59:57,2026-06-01,Monday,9,Debit Card,Regular,Walk-in,D894,C2,2026-06-01 10:07:39,2026-06-01 10:13:06,7.7,5.45,7,1,7,Completed,False
VIS-20260601-101351,BR006,2026-06-01 09:52:25,2026-06-01,Monday,9,Deposit,HNI,Walk-in,D484,C4,2026-06-01 09:59:57,2026-06-01 10:05:17,7.54,5.34,7,1,6,Completed,False
VIS-20260601-101352,BR006,2026-06-01 09:43:33,2026-06-01,Monday,9,Cheque Withdrawal,Regular,Booked,C383,C3,2026-06-01 09:44:31,2026-06-01 09:48:16,0.98,3.74,7,1,0,Completed,False
VIS-20260601-101353,BR006,2026-06-01 09:15:26,2026-06-01,Monday,9,Withdrawal,Senior Citizen,Walk-in,W366,C3,2026-06-01 09:18:37,2026-06-01 09:22:35,3.19,3.96,7,1,6,Completed,False
VIS-20260601-101354,BR006,2026-06-01 09:43:28,2026-06-01,Monday,9,Loans - Payment and Sanctioning,HNI,Booked,L188,C6,2026-06-01 09:43:40,2026-06-01 10:18:08,0.2,34.48,7,1,0,Completed,False
VIS-20260601-101355,BR006,2026-06-01 10:24:23,2026-06-01,Monday,10,Account Opening,Regular,Walk-in,A150,C4,2026-06-01 10:53:39,2026-06-01 11:13:54,29.28,20.25,7,1,8,Completed,True
VIS-20260601-101356,BR006,2026-06-01 10:02:24,2026-06-01,Monday,10,Deposit,Regular,Booked,D703,C4,2026-06-01 10:04:24,2026-06-01 10:09:06,2.0,4.7,7,1,3,Completed,False
VIS-20260601-101357,BR006,2026-06-01 10:00:24,2026-06-01,Monday,10,Aadhaar Linking,Regular,Walk-in,A470,C1,2026-06-01 10:17:23,2026-06-01 10:24:25,16.99,7.04,7,1,12,Completed,False
VIS-20260601-101358,BR006,2026-06-01 10:38:42,2026-06-01,Monday,10,Withdrawal,Regular,Booked,W819,C6,2026-06-01 10:39:34,2026-06-01 10:43:46,0.87,4.2,7,1,2,Completed,False
VIS-20260601-101359,BR006,2026-06-01 10:43:25,2026-06-01,Monday,10,Cheque Withdrawal,Regular,Booked,C635,C2,2026-06-01 10:44:02,2026-06-01 10:47:53,0.63,3.85,7,1,2,Completed,False
VIS-20260601-101360,BR006,2026-06-01 10:27:41,2026-06-01,Monday,10,Deposit,Regular,Walk-in,D587,C2,2026-06-01 10:34:22,2026-06-01 10:38:25,6.69,4.05,7,1,8,Completed,False
VIS-20260601-101361,BR006,2026-06-01 10:41:50,2026-06-01,Monday,10,Loans - Payment and Sanctioning,Regular,Walk-in,L533,C4,2026-06-01 11:51:48,2026-06-01 12:30:48,69.98,39.0,7,1,10,Completed,True
VIS-20260601-101362,BR006,2026-06-01 10:16:13,2026-06-01,Monday,10,Deposit,Corporate,Walk-in,D130,C1,2026-06-01 10:23:07,2026-06-01 10:29:50,6.9,6.73,7,1,6,Completed,False
VIS-20260601-101363,BR006,2026-06-01 10:44:43,2026-06-01,Monday,10,KYC Related,Regular,Walk-in,K885,C4,2026-06-01 11:02:06,2026-06-01 11:16:43,17.39,14.61,7,1,6,Completed,False
VIS-20260601-101364,BR006,2026-06-01 10:46:08,2026-06-01,Monday,10,PAN Linking,Regular,Walk-in,P618,C3,2026-06-01 11:01:12,2026-06-01 11:12:51,15.07,11.65,7,1,7,Completed,False
VIS-20260601-101365,BR006,2026-06-01 10:15:47,2026-06-01,Monday,10,Deposit,Senior Citizen,Walk-in,D633,C3,2026-06-01 10:21:03,2026-06-01 10:25:33,5.28,4.5,7,1,7,Completed,False
VIS-20260601-101366,BR006,2026-06-01 10:55:09,2026-06-01,Monday,10,Withdrawal,Corporate,Walk-in,W742,C3,2026-06-01 11:01:24,2026-06-01 11:03:39,6.26,2.25,7,1,10,Completed,False
VIS-20260601-101367,BR006,2026-06-01 10:30:30,2026-06-01,Monday,10,Account Opening,Regular,Walk-in,A867,C6,2026-06-01 11:00:00,2026-06-01 11:24:39,29.5,24.66,7,1,7,Completed,True
VIS-20260601-101368,BR006,2026-06-01 10:05:05,2026-06-01,Monday,10,Account Opening,Regular,Walk-in,A899,C5,2026-06-01 10:27:56,2026-06-01 10:47:38,22.86,19.7,7,1,7,Completed,True
VIS-20260601-101369,BR006,2026-06-01 10:34:05,2026-06-01,Monday,10,Withdrawal,Regular,Walk-in,W805,C2,2026-06-01 10:39:10,2026-06-01 10:43:20,5.09,4.17,7,1,4,Completed,False
VIS-20260601-101370,BR006,2026-06-01 10:29:05,2026-06-01,Monday,10,Debit Card,Corporate,Walk-in,D638,C2,2026-06-01 10:41:48,2026-06-01 10:51:13,12.72,9.42,7,1,7,Completed,False
VIS-20260601-101371,BR006,2026-06-01 10:47:34,2026-06-01,Monday,10,Credit Card,Regular,Walk-in,C338,C3,2026-06-01 10:56:40,2026-06-01 11:02:45,9.1,6.09,7,1,9,Completed,False
VIS-20260601-101372,BR006,2026-06-01 10:28:46,2026-06-01,Monday,10,Deposit,Senior Citizen,Walk-in,D386,C4,2026-06-01 10:35:22,2026-06-01 10:40:58,6.6,5.61,7,1,7,Completed,False
VIS-20260601-101373,BR006,2026-06-01 10:14:53,2026-06-01,Monday,10,Account Opening,Regular,Booked,A370,C6,2026-06-01 10:19:27,2026-06-01 10:42:47,4.57,23.34,7,1,3,Completed,False
VIS-20260601-101374,BR006,2026-06-01 10:47:29,2026-06-01,Monday,10,Credit Card,Regular,Walk-in,C231,C2,2026-06-01 10:56:32,2026-06-01 11:04:47,9.05,8.25,7,1,6,Completed,False
VIS-20260601-101375,BR006,2026-06-01 10:12:27,2026-06-01,Monday,10,Withdrawal,Regular,Booked,W549,C2,2026-06-01 10:13:38,2026-06-01 10:15:57,1.19,2.32,7,1,2,Completed,False
VIS-20260601-101376,BR006,2026-06-01 10:37:43,2026-06-01,Monday,10,Credit Card,Regular,Walk-in,C444,C5,2026-06-01 10:48:04,2026-06-01 10:53:10,10.36,5.1,7,1,9,Completed,False
VIS-20260601-101377,BR006,2026-06-01 10:34:57,2026-06-01,Monday,10,Withdrawal,Regular,Walk-in,W230,C5,2026-06-01 10:37:07,2026-06-01 10:39:34,2.18,2.45,7,1,5,Completed,False
VIS-20260601-101378,BR006,2026-06-01 10:29:28,2026-06-01,Monday,10,Withdrawal,Regular,Walk-in,W169,C1,2026-06-01 10:33:19,2026-06-01 10:38:18,3.86,4.98,7,1,5,Completed,False
VIS-20260601-101379,BR006,2026-06-01 11:44:33,2026-06-01,Monday,11,Account Opening,Regular,Walk-in,A499,C6,2026-06-01 12:15:08,2026-06-01 12:30:49,30.59,15.69,7,1,10,Completed,True
VIS-20260601-101380,BR006,2026-06-01 11:28:36,2026-06-01,Monday,11,Deposit,Regular,Walk-in,D831,C1,2026-06-01 11:37:04,2026-06-01 11:43:02,8.47,5.97,7,1,8,Completed,False
VIS-20260601-101381,BR006,2026-06-01 11:55:49,2026-06-01,Monday,11,Cheque Withdrawal,Senior Citizen,Walk-in,C796,C5,2026-06-01 12:06:31,2026-06-01 12:11:18,10.7,4.79,7,1,12,Completed,False
VIS-20260601-101382,BR006,2026-06-01 11:38:40,2026-06-01,Monday,11,Deposit,Regular,Walk-in,D816,C2,2026-06-01 11:51:17,2026-06-01 11:58:12,12.62,6.92,7,1,8,Completed,False
VIS-20260601-101383,BR006,2026-06-01 11:33:04,2026-06-01,Monday,11,Money Transfer,Regular,Walk-in,M295,C1,2026-06-01 11:37:43,2026-06-01 11:42:20,4.66,4.62,7,1,5,Completed,False
VIS-20260601-101384,BR006,2026-06-01 11:39:21,2026-06-01,Monday,11,KYC Related,Regular,Walk-in,K358,C3,2026-06-01 11:59:42,2026-06-01 12:10:21,20.35,10.65,7,1,11,Completed,True
VIS-20260601-101385,BR006,2026-06-01 11:26:44,2026-06-01,Monday,11,Money Transfer,HNI,Walk-in,M412,C6,2026-06-01 11:30:36,2026-06-01 11:34:11,3.87,3.58,7,1,9,Completed,False
VIS-20260601-101386,BR006,2026-06-01 11:24:29,2026-06-01,Monday,11,Cheque Withdrawal,Senior Citizen,Walk-in,C483,C5,2026-06-01 11:32:26,2026-06-01 11:36:18,7.96,3.86,7,1,9,Completed,False
VIS-20260601-101387,BR006,2026-06-01 11:21:16,2026-06-01,Monday,11,Account Opening,Regular,Booked,A917,C2,2026-06-01 11:26:43,2026-06-01 11:47:03,5.46,20.33,7,1,4,Completed,False
VIS-20260601-101388,BR006,2026-06-01 11:42:28,2026-06-01,Monday,11,Money Transfer,Regular,Walk-in,M775,C5,2026-06-01 11:49:47,2026-06-01 11:53:29,7.33,3.7,7,1,9,Completed,False
VIS-20260601-101389,BR006,2026-06-01 11:03:50,2026-06-01,Monday,11,Deposit,Corporate,Walk-in,D665,C3,2026-06-01 11:17:42,2026-06-01 11:25:23,13.87,7.68,7,1,11,Completed,False
VIS-20260601-101390,BR006,2026-06-01 11:52:02,2026-06-01,Monday,11,KYC Related,Senior Citizen,Walk-in,K444,C2,2026-06-01 12:09:24,2026-06-01 12:22:48,17.38,13.39,7,1,7,Completed,False
VIS-20260601-101391,BR006,2026-06-01 11:40:29,2026-06-01,Monday,11,Withdrawal,Corporate,Walk-in,W425,C5,2026-06-01 11:45:39,2026-06-01 11:48:06,5.18,2.45,7,1,7,Completed,False
VIS-20260601-101392,BR006,2026-06-01 11:43:34,2026-06-01,Monday,11,Debit Card,Regular,Walk-in,D136,C2,2026-06-01 11:51:24,2026-06-01 11:57:17,7.84,5.89,7,1,7,Completed,False
VIS-20260601-101393,BR006,2026-06-01 11:10:41,2026-06-01,Monday,11,Aadhaar Linking,HNI,Walk-in,A117,C1,2026-06-01 11:33:06,2026-06-01 11:44:10,22.42,11.07,7,1,11,Completed,True
VIS-20260601-101394,BR006,2026-06-01 11:24:34,2026-06-01,Monday,11,Withdrawal,Regular,Walk-in,W971,C3,2026-06-01 11:30:41,2026-06-01 11:35:38,6.12,4.96,7,1,6,Completed,False
VIS-20260601-101395,BR006,2026-06-01 11:20:23,2026-06-01,Monday,11,Loans - Payment and Sanctioning,Regular,Walk-in,L824,C6,2026-06-01 12:16:34,2026-06-01 12:57:10,56.19,40.6,7,1,8,Completed,True
VIS-20260601-101396,BR006,2026-06-01 11:42:08,2026-06-01,Monday,11,KYC Related,Regular,Walk-in,K963,C1,2026-06-01 11:54:54,2026-06-01 12:07:56,12.77,13.03,7,1,5,Completed,False
VIS-20260601-101397,BR006,2026-06-01 11:00:32,2026-06-01,Monday,11,Withdrawal,HNI,Walk-in,W929,C4,2026-06-01 11:04:52,2026-06-01 11:07:42,4.34,2.84,7,1,10,Completed,False
VIS-20260601-101398,BR006,2026-06-01 11:17:06,2026-06-01,Monday,11,Withdrawal,Regular,Walk-in,W786,C6,2026-06-01 11:20:04,2026-06-01 11:23:36,2.98,3.53,7,1,7,Completed,False
VIS-20260601-101399,BR006,2026-06-01 11:55:10,2026-06-01,Monday,11,Cheque Withdrawal,Regular,Booked,C261,C6,2026-06-01 11:56:34,2026-06-01 11:59:38,1.4,3.08,7,1,2,Completed,False
VIS-20260601-101400,BR006,2026-06-01 11:48:51,2026-06-01,Monday,11,Deposit,Regular,Walk-in,D957,C5,2026-06-01 11:59:35,2026-06-01 12:04:07,10.74,4.54,7,1,10,Completed,False
VIS-20260601-101401,BR006,2026-06-01 11:57:07,2026-06-01,Monday,11,Withdrawal,Regular,Walk-in,W927,C5,2026-06-01 12:01:40,2026-06-01 12:03:46,4.55,2.11,7,1,7,Completed,False
VIS-20260601-101402,BR006,2026-06-01 11:05:25,2026-06-01,Monday,11,KYC Related,Regular,Walk-in,K245,C1,2026-06-01 11:26:19,2026-06-01 11:38:31,20.9,12.2,7,1,10,Completed,True
VIS-20260601-101403,BR006,2026-06-01 11:00:21,2026-06-01,Monday,11,Debit Card,Regular,Walk-in,D400,C6,2026-06-01 11:12:09,2026-06-01 11:20:27,11.8,8.31,7,1,9,Completed,False
VIS-20260601-101404,BR006,2026-06-01 11:55:15,2026-06-01,Monday,11,Debit Card,Senior Citizen,Walk-in,D684,C4,2026-06-01 12:05:03,2026-06-01 12:13:09,9.8,8.1,7,1,6,Completed,False
VIS-20260601-101405,BR006,2026-06-01 11:38:50,2026-06-01,Monday,11,Account Opening,Regular,Walk-in,A382,C2,2026-06-01 11:50:57,2026-06-01 12:06:11,12.13,15.22,7,1,5,Completed,False
VIS-20260601-101406,BR006,2026-06-01 12:44:28,2026-06-01,Monday,12,Other,Regular,Walk-in,O933,C5,2026-06-01 13:01:18,2026-06-01 13:15:44,16.84,14.44,7,1,6,Completed,False
VIS-20260601-101407,BR006,2026-06-01 12:33:08,2026-06-01,Monday,12,KYC Related,Regular,Walk-in,K730,C5,2026-06-01 12:41:53,2026-06-01 12:52:33,8.76,10.66,7,1,4,Completed,False
VIS-20260601-101408,BR006,2026-06-01 12:12:40,2026-06-01,Monday,12,Deposit,Regular,Walk-in,D724,C4,2026-06-01 12:26:16,2026-06-01 12:31:44,13.61,5.47,7,1,11,Completed,False
VIS-20260601-101409,BR006,2026-06-01 12:08:23,2026-06-01,Monday,12,PAN Linking,HNI,Booked,P804,C6,2026-06-01 12:09:02,2026-06-01 12:19:29,0.65,10.46,7,1,1,Completed,False
VIS-20260601-101410,BR006,2026-06-01 12:29:39,2026-06-01,Monday,12,Cheque Withdrawal,Senior Citizen,Walk-in,C927,C5,2026-06-01 12:35:10,2026-06-01 12:41:01,5.53,5.84,7,1,5,Completed,False
VIS-20260601-101411,BR006,2026-06-01 12:19:51,2026-06-01,Monday,12,Withdrawal,Regular,Walk-in,W306,C2,2026-06-01 12:23:15,2026-06-01 12:26:18,3.41,3.04,7,1,7,Completed,False
VIS-20260601-101412,BR006,2026-06-01 12:41:47,2026-06-01,Monday,12,Deposit,Senior Citizen,Walk-in,D669,C4,2026-06-01 12:48:53,2026-06-01 12:56:06,7.11,7.22,7,1,7,Completed,False
VIS-20260601-101413,BR006,2026-06-01 12:55:35,2026-06-01,Monday,12,Account Opening,Corporate,Walk-in,A239,C6,2026-06-01 13:22:04,2026-06-01 13:45:20,26.49,23.27,7,1,6,Completed,True
VIS-20260601-101414,BR006,2026-06-01 12:09:34,2026-06-01,Monday,12,Cheque Withdrawal,Regular,Walk-in,C904,C5,2026-06-01 12:17:59,2026-06-01 12:21:25,8.43,3.42,7,1,10,Completed,False
VIS-20260601-101415,BR006,2026-06-01 12:42:16,2026-06-01,Monday,12,Withdrawal,Regular,Walk-in,W653,C3,2026-06-01 12:46:41,2026-06-01 12:49:59,4.43,3.3,7,1,8,Completed,False
VIS-20260601-101416,BR006,2026-06-01 12:33:07,2026-06-01,Monday,12,Debit Card,Regular,Booked,D662,C1,2026-06-01 12:35:09,2026-06-01 12:41:49,2.04,6.66,7,1,3,Completed,False
VIS-20260601-101417,BR006,2026-06-01 12:18:57,2026-06-01,Monday,12,Account Opening,Regular,Walk-in,A963,C4,2026-06-01 12:51:25,2026-06-01 13:10:46,32.48,19.35,7,1,9,Completed,True
VIS-20260601-101418,BR006,2026-06-01 12:09:37,2026-06-01,Monday,12,Deposit,Regular,Walk-in,D467,C2,2026-06-01 12:18:56,2026-06-01 12:24:11,9.33,5.25,7,1,7,Completed,False
VIS-20260601-101419,BR006,2026-06-01 12:12:34,2026-06-01,Monday,12,Withdrawal,Regular,Walk-in,W301,C2,2026-06-01 12:17:25,2026-06-01 12:19:49,4.85,2.41,7,1,10,Completed,False
VIS-20260601-101420,BR006,2026-06-01 12:07:03,2026-06-01,Monday,12,PAN Linking,Regular,Walk-in,P471,C4,2026-06-01 12:12:01,2026-06-01 12:18:19,4.97,6.3,7,1,6,Completed,False
VIS-20260601-101421,BR006,2026-06-01 12:16:21,2026-06-01,Monday,12,Debit Card,Regular,Walk-in,D851,C5,2026-06-01 12:24:23,2026-06-01 12:30:40,8.04,6.28,7,1,7,Completed,False
VIS-20260601-101422,BR006,2026-06-01 12:52:23,2026-06-01,Monday,12,Insurance,Senior Citizen,Walk-in,I357,C3,2026-06-01 13:36:03,2026-06-01 14:01:32,43.67,25.48,7,1,9,Completed,True
VIS-20260601-101423,BR006,2026-06-01 12:42:40,2026-06-01,Monday,12,Locker Issuing,Senior Citizen,Walk-in,L117,C5,2026-06-01 13:28:01,2026-06-01 13:58:31,45.35,30.5,7,1,8,Completed,True
VIS-20260601-101424,BR006,2026-06-01 12:20:23,2026-06-01,Monday,12,Withdrawal,Regular,Walk-in,W813,C5,2026-06-01 12:24:58,2026-06-01 12:28:33,4.59,3.58,7,1,4,Completed,False
VIS-20260601-101425,BR006,2026-06-01 12:54:18,2026-06-01,Monday,12,Aadhaar Linking,Regular,Walk-in,A739,C6,2026-06-01 13:09:51,2026-06-01 13:21:18,15.55,11.46,7,1,8,Completed,False
VIS-20260601-101426,BR006,2026-06-01 12:36:21,2026-06-01,Monday,12,Locker Issuing,Senior Citizen,Walk-in,L520,C6,2026-06-01 13:22:07,2026-06-01 13:46:33,45.77,24.44,7,1,10,Abandoned,True
VIS-20260601-101427,BR006,2026-06-01 12:54:17,2026-06-01,Monday,12,Debit Card,Regular,Walk-in,D644,C6,2026-06-01 13:06:17,2026-06-01 13:11:24,12.01,5.12,7,1,10,Completed,False
VIS-20260601-101428,BR006,2026-06-01 12:43:24,2026-06-01,Monday,12,Cheque Withdrawal,Regular,Walk-in,C165,C1,2026-06-01 12:53:52,2026-06-01 12:58:30,10.47,4.64,7,1,11,Completed,False
VIS-20260601-101429,BR006,2026-06-01 12:46:21,2026-06-01,Monday,12,Cheque Withdrawal,Regular,Walk-in,C996,C3,2026-06-01 12:52:01,2026-06-01 12:55:20,5.68,3.31,7,1,8,Completed,False
VIS-20260601-101430,BR006,2026-06-01 13:06:05,2026-06-01,Monday,13,Withdrawal,Senior Citizen,Walk-in,W536,C2,2026-06-01 13:11:03,2026-06-01 13:15:44,4.97,4.69,7,1,3,Completed,False
VIS-20260601-101431,BR006,2026-06-01 13:00:03,2026-06-01,Monday,13,Aadhaar Linking,Regular,Walk-in,A505,C3,2026-06-01 13:01:00,2026-06-01 13:08:09,0.95,7.16,7,1,2,Completed,False
VIS-20260601-101432,BR006,2026-06-01 13:00:29,2026-06-01,Monday,13,Locker Issuing,Regular,Walk-in,L193,C3,2026-06-01 13:39:06,2026-06-01 14:10:27,38.62,31.35,7,1,7,Completed,True
VIS-20260601-101433,BR006,2026-06-01 13:59:24,2026-06-01,Monday,13,PAN Linking,Corporate,Walk-in,P299,C6,2026-06-01 14:08:01,2026-06-01 14:16:04,8.63,8.04,7,1,5,Completed,False
VIS-20260601-101434,BR006,2026-06-01 13:43:53,2026-06-01,Monday,13,Debit Card,Senior Citizen,Walk-in,D225,C4,2026-06-01 13:49:06,2026-06-01 13:56:29,5.23,7.37,7,1,3,Completed,False
VIS-20260601-101435,BR006,2026-06-01 13:58:52,2026-06-01,Monday,13,Withdrawal,HNI,Walk-in,W349,C4,2026-06-01 14:00:32,2026-06-01 14:05:14,1.67,4.71,7,1,2,Completed,False
VIS-20260601-101436,BR006,2026-06-01 13:22:21,2026-06-01,Monday,13,Account Opening,Regular,Booked,A499,C5,2026-06-01 13:22:33,2026-06-01 13:38:06,0.2,15.56,7,1,0,Completed,False
VIS-20260601-101437,BR006,2026-06-01 13:14:39,2026-06-01,Monday,13,Money Transfer,Regular,Walk-in,M305,C4,2026-06-01 13:19:10,2026-06-01 13:24:45,4.53,5.57,7,1,5,Completed,False
VIS-20260601-101438,BR006,2026-06-01 13:38:58,2026-06-01,Monday,13,Deposit,Corporate,Booked,D712,C3,2026-06-01 13:40:10,2026-06-01 13:45:49,1.2,5.66,7,1,0,Completed,False
VIS-20260601-101439,BR006,2026-06-01 13:28:28,2026-06-01,Monday,13,Debit Card,Regular,Walk-in,D581,C5,2026-06-01 13:29:13,2026-06-01 13:35:20,0.76,6.12,7,1,2,Completed,False
VIS-20260601-101440,BR006,2026-06-01 13:27:30,2026-06-01,Monday,13,Withdrawal,HNI,Walk-in,W660,C6,2026-06-01 13:28:33,2026-06-01 13:31:24,1.06,2.85,7,1,4,Completed,False
VIS-20260601-101441,BR006,2026-06-01 13:49:06,2026-06-01,Monday,13,Withdrawal,HNI,Walk-in,W752,C1,2026-06-01 13:53:33,2026-06-01 13:56:38,4.45,3.09,7,1,6,Completed,False
VIS-20260601-101442,BR006,2026-06-01 14:32:54,2026-06-01,Monday,14,Withdrawal,Regular,Walk-in,W479,C4,2026-06-01 14:39:12,2026-06-01 14:42:41,6.31,3.48,7,1,8,Completed,False
VIS-20260601-101443,BR006,2026-06-01 14:57:25,2026-06-01,Monday,14,Withdrawal,Senior Citizen,Booked,W389,C2,2026-06-01 14:59:34,2026-06-01 15:04:07,2.15,4.56,7,1,5,Completed,False
VIS-20260601-101444,BR006,2026-06-01 14:34:49,2026-06-01,Monday,14,Withdrawal,Regular,Walk-in,W329,C4,2026-06-01 14:40:53,2026-06-01 14:45:38,6.07,4.75,7,1,9,Completed,False
VIS-20260601-101445,BR006,2026-06-01 14:24:47,2026-06-01,Monday,14,Aadhaar Linking,Corporate,Walk-in,A894,C1,2026-06-01 14:39:13,2026-06-01 14:46:36,14.44,7.39,7,1,9,Completed,False
VIS-20260601-101446,BR006,2026-06-01 14:59:31,2026-06-01,Monday,14,Money Transfer,Regular,Walk-in,M829,C4,2026-06-01 15:04:47,2026-06-01 15:08:26,5.28,3.65,7,1,8,Completed,False
VIS-20260601-101447,BR006,2026-06-01 14:26:04,2026-06-01,Monday,14,Aadhaar Linking,Regular,Walk-in,A526,C3,2026-06-01 14:41:42,2026-06-01 14:49:49,15.64,8.12,7,1,10,Completed,False
VIS-20260601-101448,BR006,2026-06-01 14:01:57,2026-06-01,Monday,14,Deposit,Regular,Walk-in,D696,C6,2026-06-01 14:11:54,2026-06-01 14:18:32,9.95,6.64,7,1,9,Completed,False
VIS-20260601-101449,BR006,2026-06-01 14:16:52,2026-06-01,Monday,14,Aadhaar Linking,HNI,Walk-in,A377,C5,2026-06-01 14:27:59,2026-06-01 14:38:07,11.13,10.13,7,1,6,Completed,False
VIS-20260601-101450,BR006,2026-06-01 14:45:58,2026-06-01,Monday,14,Deposit,Regular,Walk-in,D448,C6,2026-06-01 14:57:50,2026-06-01 15:04:23,11.88,6.55,7,1,8,Completed,False
VIS-20260601-101451,BR006,2026-06-01 14:30:32,2026-06-01,Monday,14,KYC Related,Corporate,Walk-in,K326,C6,2026-06-01 14:54:17,2026-06-01 15:05:56,23.76,11.64,7,1,10,Completed,True
VIS-20260601-101452,BR006,2026-06-01 14:15:47,2026-06-01,Monday,14,Deposit,Regular,Walk-in,D954,C6,2026-06-01 14:23:22,2026-06-01 14:29:18,7.59,5.93,7,1,6,Completed,False
VIS-20260601-101453,BR006,2026-06-01 14:02:34,2026-06-01,Monday,14,KYC Related,Regular,Walk-in,K806,C2,2026-06-01 14:20:16,2026-06-01 14:32:04,17.7,11.8,7,1,8,Completed,False
VIS-20260601-101454,BR006,2026-06-01 14:19:39,2026-06-01,Monday,14,Credit Card,Regular,Walk-in,C655,C5,2026-06-01 14:24:44,2026-06-01 14:32:36,5.09,7.86,7,1,5,Completed,False
VIS-20260601-101455,BR006,2026-06-01 14:28:55,2026-06-01,Monday,14,Withdrawal,Regular,Walk-in,W403,C3,2026-06-01 14:31:26,2026-06-01 14:35:25,2.53,3.97,7,1,6,Completed,False
VIS-20260601-101456,BR006,2026-06-01 14:06:59,2026-06-01,Monday,14,Withdrawal,Regular,Walk-in,W435,C3,2026-06-01 14:10:30,2026-06-01 14:15:28,3.53,4.96,7,1,4,Completed,False
VIS-20260601-101457,BR006,2026-06-01 14:33:22,2026-06-01,Monday,14,Deposit,Corporate,Booked,D627,C1,2026-06-01 14:35:44,2026-06-01 14:42:58,2.37,7.24,7,1,5,Completed,False
VIS-20260601-101458,BR006,2026-06-01 14:32:35,2026-06-01,Monday,14,Money Transfer,Regular,Walk-in,M828,C4,2026-06-01 14:47:17,2026-06-01 14:53:52,14.71,6.58,7,1,12,Completed,False
VIS-20260601-101459,BR006,2026-06-01 14:23:33,2026-06-01,Monday,14,Cheque Withdrawal,Regular,Walk-in,C570,C1,2026-06-01 14:27:51,2026-06-01 14:31:00,4.3,3.16,7,1,9,Completed,False
VIS-20260601-101460,BR006,2026-06-01 14:52:13,2026-06-01,Monday,14,Account Opening,Regular,Booked,A948,C3,2026-06-01 14:54:24,2026-06-01 15:15:05,2.19,20.68,7,1,1,Completed,False
VIS-20260601-101461,BR006,2026-06-01 14:43:17,2026-06-01,Monday,14,Withdrawal,Corporate,Walk-in,W548,C2,2026-06-01 14:52:12,2026-06-01 14:56:51,8.93,4.64,7,1,8,Completed,False
VIS-20260601-101462,BR006,2026-06-01 14:41:03,2026-06-01,Monday,14,PAN Linking,Regular,Walk-in,P912,C6,2026-06-01 14:49:49,2026-06-01 14:56:37,8.78,6.79,7,1,6,Completed,False
VIS-20260601-101463,BR006,2026-06-01 14:28:40,2026-06-01,Monday,14,Account Opening,Senior Citizen,Walk-in,A467,C1,2026-06-01 15:02:07,2026-06-01 15:23:31,33.46,21.4,7,1,9,Completed,True
VIS-20260601-101464,BR006,2026-06-01 14:08:33,2026-06-01,Monday,14,Money Transfer,Regular,Walk-in,M348,C2,2026-06-01 14:17:16,2026-06-01 14:22:45,8.73,5.47,7,1,6,Completed,False
VIS-20260601-101465,BR006,2026-06-01 14:48:59,2026-06-01,Monday,14,Deposit,Senior Citizen,Walk-in,D749,C3,2026-06-01 14:58:48,2026-06-01 15:04:23,9.82,5.58,7,1,9,Completed,False
VIS-20260601-101466,BR006,2026-06-01 15:40:57,2026-06-01,Monday,15,Loans - Payment and Sanctioning,Regular,Walk-in,L969,C4,2026-06-01 16:16:54,2026-06-01 16:58:43,35.95,41.83,7,1,5,Completed,True
VIS-20260601-101467,BR006,2026-06-01 15:09:39,2026-06-01,Monday,15,Deposit,HNI,Walk-in,D557,C1,2026-06-01 15:12:51,2026-06-01 15:17:21,3.21,4.5,7,1,5,Completed,False
VIS-20260601-101468,BR006,2026-06-01 15:49:50,2026-06-01,Monday,15,Deposit,Senior Citizen,Walk-in,D647,C4,2026-06-01 15:52:40,2026-06-01 15:57:54,2.84,5.24,7,1,4,Completed,False
VIS-20260601-101469,BR006,2026-06-01 15:00:24,2026-06-01,Monday,15,Account Opening,Regular,Walk-in,A245,C3,2026-06-01 15:29:48,2026-06-01 15:46:08,29.41,16.33,7,1,10,Completed,True
VIS-20260601-101470,BR006,2026-06-01 15:23:25,2026-06-01,Monday,15,Withdrawal,HNI,Walk-in,W754,C5,2026-06-01 15:25:41,2026-06-01 15:28:23,2.28,2.7,7,1,4,Completed,False
VIS-20260601-101471,BR006,2026-06-01 15:44:03,2026-06-01,Monday,15,Account Opening,Regular,Walk-in,A413,C3,2026-06-01 16:10:11,2026-06-01 16:30:57,26.14,20.77,7,1,7,Completed,True
VIS-20260601-101472,BR006,2026-06-01 15:14:41,2026-06-01,Monday,15,Money Transfer,Corporate,Walk-in,M516,C6,2026-06-01 15:22:51,2026-06-01 15:26:45,8.17,3.9,7,1,8,Completed,False
VIS-20260601-101473,BR006,2026-06-01 15:43:07,2026-06-01,Monday,15,Aadhaar Linking,Regular,Walk-in,A795,C1,2026-06-01 15:54:59,2026-06-01 16:06:01,11.88,11.03,7,1,7,Completed,False
VIS-20260601-101474,BR006,2026-06-01 15:01:48,2026-06-01,Monday,15,Cheque Withdrawal,Regular,Walk-in,C508,C4,2026-06-01 15:03:01,2026-06-01 15:06:30,1.22,3.49,7,1,5,Completed,False
VIS-20260601-101475,BR006,2026-06-01 15:10:27,2026-06-01,Monday,15,Account Opening,Regular,Walk-in,A302,C3,2026-06-01 15:35:19,2026-06-01 15:50:43,24.88,15.39,7,1,8,Completed,True
VIS-20260601-101476,BR006,2026-06-01 15:01:13,2026-06-01,Monday,15,Cheque Withdrawal,Regular,Booked,C863,C1,2026-06-01 15:02:10,2026-06-01 15:06:22,0.96,4.2,7,1,1,Completed,False
VIS-20260601-101477,BR006,2026-06-01 15:17:08,2026-06-01,Monday,15,Withdrawal,Corporate,Walk-in,W638,C6,2026-06-01 15:21:56,2026-06-01 15:26:51,4.81,4.92,7,1,4,Completed,False
VIS-20260601-101478,BR006,2026-06-01 15:35:47,2026-06-01,Monday,15,Deposit,Regular,Walk-in,D454,C5,2026-06-01 15:48:20,2026-06-01 15:55:50,12.55,7.51,7,1,9,Completed,False
VIS-20260601-101479,BR006,2026-06-01 15:28:14,2026-06-01,Monday,15,Deposit,Senior Citizen,Walk-in,D853,C4,2026-06-01 15:35:36,2026-06-01 15:40:39,7.37,5.06,7,1,8,Completed,False
VIS-20260601-101480,BR006,2026-06-01 15:33:08,2026-06-01,Monday,15,Debit Card,Regular,Booked,D563,C4,2026-06-01 15:35:11,2026-06-01 15:42:38,2.06,7.44,7,1,2,Completed,False
VIS-20260601-101481,BR006,2026-06-01 15:18:54,2026-06-01,Monday,15,Withdrawal,Corporate,Walk-in,W480,C6,2026-06-01 15:26:09,2026-06-01 15:30:08,7.25,3.99,7,1,7,Completed,False
VIS-20260601-101482,BR006,2026-06-01 15:28:01,2026-06-01,Monday,15,Withdrawal,Senior Citizen,Walk-in,W748,C5,2026-06-01 15:33:26,2026-06-01 15:37:47,5.43,4.34,7,1,8,Completed,False
VIS-20260601-101483,BR006,2026-06-01 15:34:30,2026-06-01,Monday,15,Debit Card,Regular,Booked,D388,C6,2026-06-01 15:36:39,2026-06-01 15:42:59,2.16,6.33,7,1,5,Completed,False
VIS-20260601-101484,BR006,2026-06-01 15:50:29,2026-06-01,Monday,15,KYC Related,Regular,Walk-in,K222,C5,2026-06-01 16:05:02,2026-06-01 16:18:14,14.55,13.21,7,1,7,Completed,False
VIS-20260601-101485,BR006,2026-06-01 15:48:53,2026-06-01,Monday,15,Withdrawal,Regular,Walk-in,W334,C6,2026-06-01 15:56:30,2026-06-01 16:00:48,7.62,4.31,7,1,6,Completed,False
VIS-20260601-101486,BR006,2026-06-01 15:45:46,2026-06-01,Monday,15,Credit Card,Senior Citizen,Walk-in,C129,C6,2026-06-01 15:59:21,2026-06-01 16:06:37,13.59,7.26,7,1,9,Completed,False
VIS-20260601-101487,BR006,2026-06-01 15:16:11,2026-06-01,Monday,15,Account Opening,Regular,Walk-in,A946,C5,2026-06-01 15:51:04,2026-06-01 16:15:52,34.89,24.8,7,1,8,Completed,True
VIS-20260601-101488,BR006,2026-06-01 16:59:19,2026-06-01,Monday,16,Debit Card,HNI,Walk-in,D475,C2,2026-06-01 17:09:46,2026-06-01 17:18:35,10.45,8.82,7,1,5,Completed,False
VIS-20260601-101489,BR006,2026-06-01 16:59:57,2026-06-01,Monday,16,Withdrawal,Regular,Walk-in,W141,C3,2026-06-01 17:06:40,2026-06-01 17:10:34,6.73,3.89,7,1,9,Completed,False
VIS-20260601-101490,BR006,2026-06-01 16:49:52,2026-06-01,Monday,16,KYC Related,Corporate,Walk-in,K921,C6,2026-06-01 17:05:36,2026-06-01 17:19:13,15.74,13.62,7,1,6,Completed,False
VIS-20260601-101491,BR006,2026-06-01 16:19:16,2026-06-01,Monday,16,Withdrawal,Regular,Walk-in,W659,C1,2026-06-01 16:24:07,2026-06-01 16:27:40,4.86,3.54,7,1,10,Completed,False
VIS-20260601-101492,BR006,2026-06-01 16:35:28,2026-06-01,Monday,16,Deposit,Regular,Booked,D592,C4,2026-06-01 16:35:47,2026-06-01 16:41:49,0.32,6.03,7,1,1,Completed,False
VIS-20260601-101493,BR006,2026-06-01 16:49:33,2026-06-01,Monday,16,Withdrawal,Regular,Walk-in,W493,C3,2026-06-01 16:55:08,2026-06-01 16:58:16,5.59,3.14,7,1,6,Completed,False
VIS-20260601-101494,BR006,2026-06-01 16:46:31,2026-06-01,Monday,16,Insurance,Regular,Walk-in,I889,C6,2026-06-01 17:14:16,2026-06-01 17:37:32,27.76,23.27,7,1,6,Completed,True
VIS-20260601-101495,BR006,2026-06-01 16:45:07,2026-06-01,Monday,16,Loans - Payment and Sanctioning,Regular,Walk-in,L132,C2,2026-06-01 17:24:38,2026-06-01 17:52:14,39.53,27.59,7,1,8,Completed,True
VIS-20260601-101496,BR006,2026-06-01 16:49:21,2026-06-01,Monday,16,Money Transfer,HNI,Walk-in,M443,C4,2026-06-01 16:57:48,2026-06-01 17:02:46,8.45,4.97,7,1,7,Completed,False
VIS-20260601-101497,BR006,2026-06-01 16:35:24,2026-06-01,Monday,16,Withdrawal,Regular,Walk-in,W213,C6,2026-06-01 16:40:57,2026-06-01 16:45:28,5.56,4.52,7,1,4,Completed,False
VIS-20260601-101498,BR006,2026-06-01 16:43:45,2026-06-01,Monday,16,Deposit,Regular,Walk-in,D619,C3,2026-06-01 16:52:24,2026-06-01 16:57:49,8.65,5.43,7,1,8,Completed,False
VIS-20260601-101499,BR006,2026-06-01 16:57:16,2026-06-01,Monday,16,Locker Issuing,Regular,Walk-in,L262,C4,2026-06-01 17:30:01,2026-06-01 17:51:00,32.75,20.99,7,1,9,Completed,True
VIS-20260601-101500,BR006,2026-06-01 16:47:26,2026-06-01,Monday,16,Aadhaar Linking,Senior Citizen,Walk-in,A324,C4,2026-06-01 16:57:48,2026-06-01 17:08:47,10.37,10.99,7,1,5,Completed,False
