branch_id,date,hour,service_category,predicted_customer_count,current_queue_length,employees_available,employees_absent,average_service_time,historical_wait,appointment_count,date_dt,day_of_week,day_num,day_of_month,is_weekend,is_month_end,is_salary_day,previous_slot_arrivals,previous_day_arrivals,rolling_30min_arrivals,rolling_60min_arrivals,rolling_15min_arrivals,rolling_wait_time,historical_arrivals,queue_per_employee
BR001,2026-06-01,9,Aadhaar Linking,1,7.0,15.0,0.0,11.36,7.46,0,2026-06-01,Monday,0,1,0,0,1,0.0,0.0,1.0,1.0,0.0,7.46,1.0,0.47
BR001,2026-06-01,11,Aadhaar Linking,3,8.0,15.0,0.0,8.656666666666666,6.1499999999999995,0,2026-06-01,Monday,0,1,0,0,1,1.0,0.0,4.0,4.0,2.0,6.805,2.0,0.53
BR001,2026-06-01,12,Aadhaar Linking,1,0.0,15.0,0.0,9.95,0.2,1,2026-06-01,Monday,0,1,0,0,1,3.0,0.0,4.0,5.0,2.0,4.603333333333333,1.6666666666666667,0.0
BR001,2026-06-01,14,Aadhaar Linking,1,6.0,15.0,0.0,6.7,5.68,0,2026-06-01,Monday,0,1,0,0,1,1.0,0.0,2.0,6.0,1.0,4.01,1.5,0.4
BR001,2026-06-01,16,Aadhaar Linking,2,4.0,15.0,0.0,10.4,1.62,1,2026-06-01,Monday,0,1,0,0,1,1.0,0.0,3.0,7.0,2.0,2.5,1.6,0.27
BR001,2026-06-02,11,Aadhaar Linking,4,5.25,15.0,0.0,9.9175,5.6375,1,2026-06-02,Tuesday,1,2,0,0,1,2.0,0.0,6.0,8.0,3.0,4.3125,2.0,0.35
BR001,2026-06-02,12,Aadhaar Linking,2,4.5,15.0,0.0,9.395,3.685,0,2026-06-02,Tuesday,1,2,0,0,1,4.0,0.0,6.0,9.0,3.0,3.647499999999999,2.0,0.3
BR001,2026-06-02,13,Aadhaar Linking,1,4.0,15.0,0.0,7.97,1.01,0,2026-06-02,Tuesday,1,2,0,0,1,2.0,0.0,3.0,9.0,2.0,3.4441666666666664,1.875,0.27
BR001,2026-06-02,14,Aadhaar Linking,3,6.0,15.0,0.0,9.43,4.6866666666666665,0,2026-06-02,Tuesday,1,2,0,0,1,1.0,1.0,4.0,10.0,2.0,3.127222222222222,2.0,0.4
BR001,2026-06-02,15,Aadhaar Linking,2,5.5,15.0,0.0,10.46,6.885,0,2026-06-02,Tuesday,1,2,0,0,1,3.0,3.0,5.0,8.0,2.0,4.193888888888889,2.0,0.37
BR001,2026-06-03,10,Aadhaar Linking,2,7.0,15.0,0.0,8.19,5.0,0,2026-06-03,Wednesday,2,3,0,0,1,2.0,1.0,4.0,8.0,2.0,5.523888888888888,2.0,0.47
BR001,2026-06-03,11,Aadhaar Linking,2,5.5,15.0,0.0,10.205,6.01,0,2026-06-03,Wednesday,2,3,0,0,1,2.0,1.0,4.0,9.0,2.0,5.965,2.0,0.37
BR001,2026-06-03,12,Aadhaar Linking,3,5.0,15.0,0.0,10.016666666666667,4.8133333333333335,0,2026-06-03,Wednesday,2,3,0,0,1,2.0,2.0,5.0,9.0,2.0,5.274444444444445,2.076923076923077,0.33
BR001,2026-06-03,14,Aadhaar Linking,5,5.2,15.0,0.0,9.538,5.0280000000000005,0,2026-06-03,Wednesday,2,3,0,0,1,3.0,4.0,8.0,12.0,4.0,5.283777777777778,2.2857142857142856,0.35
BR001,2026-06-03,15,Aadhaar Linking,4,3.0,15.0,0.0,9.3075,2.28,1,2026-06-03,Wednesday,2,3,0,0,1,5.0,2.0,9.0,14.0,4.0,4.040444444444446,2.4,0.2
BR001,2026-06-04,10,Aadhaar Linking,1,2.0,13.0,2.0,9.31,1.08,1,2026-06-04,Thursday,3,4,0,0,1,4.0,1.0,5.0,13.0,2.0,2.7960000000000007,2.3125,0.15
BR001,2026-06-04,11,Aadhaar Linking,1,9.0,13.0,2.0,8.14,7.1,0,2026-06-04,Thursday,3,4,0,0,1,1.0,3.0,2.0,11.0,1.0,3.486666666666667,2.235294117647059,0.69
BR001,2026-06-04,15,Aadhaar Linking,1,5.0,13.0,2.0,10.17,4.13,0,2026-06-04,Thursday,3,4,0,0,1,1.0,2.0,2.0,7.0,1.0,4.103333333333333,2.1666666666666665,0.38
BR001,2026-06-04,16,Aadhaar Linking,1,3.0,13.0,2.0,7.47,3.2,0,2026-06-04,Thursday,3,4,0,0,1,1.0,2.0,2.0,4.0,1.0,4.81,2.1052631578947367,0.23
BR001,2026-06-05,10,Aadhaar Linking,2,7.5,14.0,1.0,8.615,8.115,0,2026-06-05,Friday,4,5,0,0,1,1.0,2.0,3.0,5.0,2.0,5.148333333333333,2.1,0.54
BR001,2026-06-05,11,Aadhaar Linking,1,7.0,14.0,1.0,7.43,6.56,0,2026-06-05,Friday,4,5,0,0,1,2.0,3.0,3.0,5.0,2.0,5.958333333333333,2.047619047619047,0.5
BR001,2026-06-05,12,Aadhaar Linking,3,5.333333333333333,14.0,1.0,9.72,5.28,0,2026-06-05,Friday,4,5,0,0,1,1.0,5.0,4.0,7.0,2.0,6.651666666666666,2.090909090909091,0.38
BR001,2026-06-05,13,Aadhaar Linking,1,3.0,14.0,1.0,7.1,1.72,0,2026-06-05,Friday,4,5,0,0,1,3.0,4.0,4.0,7.0,2.0,4.5200000000000005,2.0434782608695654,0.21
BR001,2026-06-06,10,Aadhaar Linking,1,0.0,14.0,1.0,8.78,0.2,1,2026-06-06,Saturday,5,6,1,0,0,1.0,1.0,2.0,6.0,1.0,2.4,2.0,0.0
BR001,2026-06-06,11,Aadhaar Linking,1,4.0,14.0,1.0,8.0,4.76,0,2026-06-06,Saturday,5,6,1,0,0,1.0,1.0,2.0,6.0,1.0,2.2266666666666666,1.96,0.29
BR001,2026-06-06,13,Aadhaar Linking,1,5.0,14.0,1.0,11.5,6.98,0,2026-06-06,Saturday,5,6,1,0,0,1.0,1.0,2.0,4.0,1.0,3.98,1.9230769230769231,0.36
BR001,2026-06-06,14,Aadhaar Linking,1,0.0,14.0,1.0,10.69,0.2,1,2026-06-06,Saturday,5,6,1,0,0,1.0,1.0,2.0,4.0,1.0,3.98,1.8888888888888888,0.0
BR001,2026-06-06,16,Aadhaar Linking,1,3.0,14.0,1.0,9.95,3.75,0,2026-06-06,Saturday,5,6,1,0,0,1.0,2.0,2.0,4.0,1.0,3.643333333333333,1.8571428571428572,0.21
BR001,2026-06-08,10,Aadhaar Linking,2,4.0,15.0,0.0,8.61,2.97,1,2026-06-08,Monday,0,8,0,0,0,1.0,1.0,3.0,5.0,2.0,2.306666666666666,1.862068965517241,0.27
BR001,2026-06-08,12,Aadhaar Linking,1,3.0,15.0,0.0,11.52,1.26,0,2026-06-08,Monday,0,8,0,0,0,2.0,3.0,3.0,5.0,2.0,2.6599999999999997,1.8333333333333333,0.2
BR001,2026-06-08,13,Aadhaar Linking,1,5.0,15.0,0.0,8.98,5.26,0,2026-06-08,Monday,0,8,0,0,0,1.0,1.0,2.0,5.0,1.0,3.1633333333333327,1.8064516129032255,0.33
BR001,2026-06-08,14,Aadhaar Linking,1,4.0,15.0,0.0,7.86,1.67,0,2026-06-08,Monday,0,8,0,0,0,1.0,1.0,2.0,5.0,1.0,2.73,1.78125,0.27
BR001,2026-06-08,15,Aadhaar Linking,2,1.5,15.0,0.0,8.524999999999999,2.19,1,2026-06-08,Monday,0,8,0,0,0,1.0,1.0,3.0,5.0,2.0,3.0399999999999996,1.7878787878787878,0.1
BR001,2026-06-09,10,Aadhaar Linking,2,4.0,15.0,0.0,8.845,3.675,1,2026-06-09,Tuesday,1,9,0,0,0,2.0,1.0,4.0,6.0,2.0,2.5116666666666667,1.7941176470588236,0.27
BR001,2026-06-09,11,Aadhaar Linking,1,7.0,15.0,0.0,11.52,7.48,0,2026-06-09,Tuesday,1,9,0,0,0,2.0,1.0,3.0,6.0,2.0,4.448333333333333,1.7714285714285714,0.47
BR001,2026-06-09,13,Aadhaar Linking,1,5.0,15.0,0.0,6.54,4.1,0,2026-06-09,Tuesday,1,9,0,0,0,1.0,1.0,2.0,6.0,1.0,5.085,1.75,0.33
BR001,2026-06-09,14,Aadhaar Linking,1,2.0,15.0,0.0,9.17,4.09,0,2026-06-09,Tuesday,1,9,0,0,0,1.0,2.0,2.0,5.0,1.0,5.223333333333334,1.7297297297297298,0.13
BR001,2026-06-10,10,Aadhaar Linking,2,2.5,15.0,0.0,7.255,2.115,0,2026-06-10,Wednesday,2,10,0,0,0,1.0,1.0,3.0,5.0,2.0,3.435,1.736842105263158,0.17
BR001,2026-06-10,11,Aadhaar Linking,1,3.0,15.0,0.0,8.94,1.15,0,2026-06-10,Wednesday,2,10,0,0,0,2.0,1.0,3.0,5.0,2.0,2.4516666666666667,1.7179487179487178,0.2
BR001,2026-06-10,12,Aadhaar Linking,1,2.0,15.0,0.0,10.21,4.16,0,2026-06-10,Wednesday,2,10,0,0,0,1.0,1.0,2.0,5.0,1.0,2.475,1.7,0.13
BR001,2026-06-10,14,Aadhaar Linking,1,6.0,15.0,0.0,7.9,3.24,0,2026-06-10,Wednesday,2,10,0,0,0,1.0,2.0,2.0,5.0,1.0,2.85,1.6829268292682926,0.4
BR001,2026-06-10,15,Aadhaar Linking,1,4.0,15.0,0.0,9.72,2.46,0,2026-06-10,Wednesday,2,10,0,0,0,1.0,2.0,2.0,4.0,1.0,3.286666666666666,1.6666666666666667,0.27
BR001,2026-06-10,16,Aadhaar Linking,2,4.0,15.0,0.0,10.48,4.715,0,2026-06-10,Wednesday,2,10,0,0,0,1.0,1.0,3.0,5.0,2.0,3.4716666666666662,1.6744186046511629,0.27
BR001,2026-06-11,9,Aadhaar Linking,1,0.0,15.0,0.0,8.57,0.2,1,2026-06-11,Thursday,3,11,0,0,0,2.0,1.0,3.0,5.0,2.0,2.4583333333333335,1.6590909090909092,0.0
BR001,2026-06-11,13,Aadhaar Linking,2,3.0,15.0,0.0,7.305,1.15,0,2026-06-11,Thursday,3,11,0,0,0,1.0,1.0,3.0,6.0,2.0,2.0216666666666665,1.6666666666666667,0.2
BR001,2026-06-11,14,Aadhaar Linking,3,3.3333333333333335,15.0,0.0,9.153333333333334,2.1566666666666667,0,2026-06-11,Thursday,3,11,0,0,0,2.0,2.0,5.0,8.0,2.0,1.1688888888888889,1.6956521739130437,0.22
BR001,2026-06-11,15,Aadhaar Linking,1,6.0,15.0,0.0,11.4,4.12,0,2026-06-11,Thursday,3,11,0,0,0,3.0,1.0,4.0,7.0,2.0,2.4755555555555557,1.680851063829787,0.4
BR001,2026-06-12,10,Aadhaar Linking,1,6.0,13.0,2.0,6.37,2.24,0,2026-06-12,Friday,4,12,0,0,0,1.0,1.0,2.0,7.0,1.0,2.838888888888889,1.6666666666666667,0.46
BR001,2026-06-12,11,Aadhaar Linking,2,6.0,13.0,2.0,8.36,7.1049999999999995,0,2026-06-12,Friday,4,12,0,0,0,1.0,1.0,3.0,7.0,2.0,4.488333333333333,1.673469387755102,0.46
BR001,2026-06-12,12,Aadhaar Linking,1,3.0,13.0,2.0,11.99,6.42,0,2026-06-12,Friday,4,12,0,0,0,2.0,1.0,3.0,5.0,2.0,5.255,1.66,0.23
BR001,2026-06-12,14,Aadhaar Linking,1,8.0,13.0,2.0,11.15,10.61,0,2026-06-12,Friday,4,12,0,0,0,1.0,2.0,2.0,5.0,1.0,8.045,1.6470588235294117,0.62
BR001,2026-06-12,16,Aadhaar Linking,3,5.666666666666667,13.0,2.0,11.22,6.09,0,2026-06-12,Friday,4,12,0,0,0,1.0,1.0,4.0,7.0,2.0,7.706666666666667,1.6730769230769231,0.44
BR001,2026-06-13,9,Aadhaar Linking,1,3.0,15.0,0.0,8.41,0.71,0,2026-06-13,Saturday,5,13,1,0,0,3.0,2.0,4.0,6.0,2.0,5.803333333333334,1.660377358490566,0.2
BR001,2026-06-13,10,Aadhaar Linking,2,3.5,15.0,0.0,9.15,3.165,1,2026-06-13,Saturday,5,13,1,0,0,1.0,3.0,3.0,7.0,2.0,3.3216666666666668,1.6666666666666667,0.23
BR001,2026-06-13,12,Aadhaar Linking,2,2.0,15.0,0.0,7.535,0.72,1,2026-06-13,Saturday,5,13,1,0,0,2.0,1.0,4.0,8.0,2.0,1.5316666666666665,1.6727272727272726,0.13
BR001,2026-06-13,16,Aadhaar Linking,1,3.0,15.0,0.0,6.54,0.5,0,2026-06-13,Saturday,5,13,1,0,0,2.0,1.0,3.0,6.0,2.0,1.461666666666667,1.6607142857142858,0.2
BR001,2026-06-15,10,Aadhaar Linking,3,5.666666666666667,15.0,0.0,9.66,4.946666666666666,0,2026-06-15,Monday,0,15,0,0,0,1.0,2.0,4.0,8.0,2.0,2.0555555555555554,1.6842105263157894,0.38
BR001,2026-06-15,11,Aadhaar Linking,1,0.0,15.0,0.0,7.04,0.46,1,2026-06-15,Monday,0,15,0,0,0,3.0,1.0,4.0,7.0,2.0,1.968888888888889,1.6724137931034482,0.0
BR001,2026-06-15,16,Aadhaar Linking,2,3.0,15.0,0.0,6.35,2.075,0,2026-06-15,Monday,0,15,0,0,0,1.0,1.0,3.0,7.0,2.0,2.493888888888889,1.6779661016949152,0.2
BR001,2026-06-16,9,Aadhaar Linking,1,0.0,15.0,0.0,10.97,0.2,1,2026-06-16,Tuesday,1,16,0,0,0,2.0,3.0,3.0,7.0,2.0,0.9116666666666668,1.6666666666666667,0.0
BR001,2026-06-16,10,Aadhaar Linking,1,3.0,15.0,0.0,6.64,1.24,0,2026-06-16,Tuesday,1,16,0,0,0,1.0,1.0,2.0,5.0,1.0,1.1716666666666666,1.6557377049180328,0.2
BR001,2026-06-16,11,Aadhaar Linking,1,3.0,15.0,0.0,9.02,3.38,0,2026-06-16,Tuesday,1,16,0,0,0,1.0,2.0,2.0,5.0,1.0,1.606666666666667,1.6451612903225807,0.2
BR001,2026-06-16,12,Aadhaar Linking,1,3.0,15.0,0.0,11.86,4.0,0,2026-06-16,Tuesday,1,16,0,0,0,1.0,2.0,2.0,4.0,1.0,2.873333333333333,1.6349206349206349,0.2
BR001,2026-06-16,14,Aadhaar Linking,1,3.0,15.0,0.0,7.43,2.16,0,2026-06-16,Tuesday,1,16,0,0,0,1.0,1.0,2.0,4.0,1.0,3.1799999999999997,1.625,0.2
BR001,2026-06-16,15,Aadhaar Linking,1,0.0,15.0,0.0,6.79,0.2,1,2026-06-16,Tuesday,1,16,0,0,0,1.0,3.0,2.0,4.0,1.0,2.12,1.6153846153846154,0.0
BR001,2026-06-16,16,Aadhaar Linking,1,1.0,15.0,0.0,6.88,0.5,0,2026-06-16,Tuesday,1,16,0,0,0,1.0,1.0,2.0,4.0,1.0,0.9533333333333336,1.606060606060606,0.07
BR001,2026-06-17,10,Aadhaar Linking,1,6.0,15.0,0.0,6.78,1.51,0,2026-06-17,Wednesday,2,17,0,0,0,1.0,2.0,2.0,4.0,1.0,0.7366666666666668,1.5970149253731345,0.4
BR001,2026-06-17,11,Aadhaar Linking,2,3.5,15.0,0.0,9.145,2.745,1,2026-06-17,Wednesday,2,17,0,0,0,1.0,1.0,3.0,5.0,2.0,1.5850000000000002,1.6029411764705883,0.23
BR001,2026-06-17,12,Aadhaar Linking,1,4.0,15.0,0.0,6.29,1.48,0,2026-06-17,Wednesday,2,17,0,0,0,2.0,1.0,3.0,5.0,2.0,1.9116666666666668,1.5942028985507246,0.27
BR001,2026-06-17,14,Aadhaar Linking,1,5.0,15.0,0.0,9.37,6.65,0,2026-06-17,Wednesday,2,17,0,0,0,1.0,1.0,2.0,5.0,1.0,3.625,1.5857142857142856,0.33
BR001,2026-06-18,10,Aadhaar Linking,1,3.0,14.0,1.0,9.91,5.0,0,2026-06-18,Thursday,3,18,0,0,0,1.0,1.0,2.0,5.0,1.0,4.376666666666666,1.5774647887323945,0.21
BR001,2026-06-18,13,Aadhaar Linking,1,6.0,14.0,1.0,8.39,4.67,0,2026-06-18,Thursday,3,18,0,0,0,1.0,1.0,2.0,4.0,1.0,5.44,1.5694444444444444,0.43
BR001,2026-06-18,14,Aadhaar Linking,1,2.0,14.0,1.0,8.89,0.65,0,2026-06-18,Thursday,3,18,0,0,0,1.0,1.0,2.0,4.0,1.0,3.44,1.5616438356164384,0.14
BR001,2026-06-19,9,Aadhaar Linking,1,4.0,15.0,0.0,11.55,3.18,0,2026-06-19,Friday,4,19,0,0,0,1.0,1.0,2.0,4.0,1.0,2.8333333333333335,1.554054054054054,0.27
BR001,2026-06-19,10,Aadhaar Linking,1,0.0,15.0,0.0,8.56,0.2,1,2026-06-19,Friday,4,19,0,0,0,1.0,1.0,2.0,4.0,1.0,1.3433333333333335,1.5466666666666666,0.0
BR001,2026-06-19,11,Aadhaar Linking,1,3.0,15.0,0.0,6.46,2.56,0,2026-06-19,Friday,4,19,0,0,0,1.0,2.0,2.0,4.0,1.0,1.9800000000000004,1.5394736842105263,0.2
BR001,2026-06-19,14,Aadhaar Linking,3,3.6666666666666665,15.0,0.0,9.093333333333334,3.5766666666666667,1,2026-06-19,Friday,4,19,0,0,0,1.0,1.0,4.0,6.0,2.0,2.1122222222222224,1.5584415584415583,0.24
BR001,2026-06-19,16,Aadhaar Linking,3,3.3333333333333335,15.0,0.0,8.64,2.28,0,2026-06-19,Friday,4,19,0,0,0,3.0,1.0,6.0,8.0,3.0,2.805555555555556,1.5769230769230769,0.22
BR001,2026-06-20,10,Aadhaar Linking,4,3.75,14.0,1.0,7.9475,3.985,1,2026-06-20,Saturday,5,20,1,0,0,3.0,1.0,7.0,11.0,4.0,3.280555555555555,1.6075949367088609,0.27
BR001,2026-06-20,12,Aadhaar Linking,1,5.0,14.0,1.0,6.96,2.22,0,2026-06-20,Saturday,5,20,1,0,0,4.0,1.0,5.0,11.0,2.0,2.8283333333333336,1.6,0.36
BR001,2026-06-20,13,Aadhaar Linking,1,3.0,14.0,1.0,8.36,4.36,0,2026-06-20,Saturday,5,20,1,0,0,1.0,1.0,2.0,9.0,1.0,3.521666666666667,1.5925925925925926,0.21
BR001,2026-06-20,16,Aadhaar Linking,1,1.0,14.0,1.0,11.69,0.5,0,2026-06-20,Saturday,5,20,1,0,0,1.0,1.0,2.0,7.0,1.0,2.3600000000000003,1.5853658536585369,0.07
BR001,2026-06-22,10,Aadhaar Linking,1,7.0,15.0,0.0,11.75,9.4,0,2026-06-22,Monday,0,22,0,0,0,1.0,1.0,2.0,4.0,1.0,4.753333333333334,1.5783132530120485,0.47
BR001,2026-06-22,12,Aadhaar Linking,2,3.5,15.0,0.0,8.280000000000001,2.9450000000000003,1,2026-06-22,Monday,0,22,0,0,0,1.0,1.0,3.0,5.0,2.0,4.281666666666667,1.5833333333333333,0.23
BR001,2026-06-22,13,Aadhaar Linking,1,5.0,15.0,0.0,10.69,4.72,0,2026-06-22,Monday,0,22,0,0,0,2.0,3.0,3.0,5.0,2.0,5.6883333333333335,1.576470588235294,0.33
BR001,2026-06-22,14,Aadhaar Linking,1,6.0,15.0,0.0,8.48,4.0,0,2026-06-22,Monday,0,22,0,0,0,1.0,3.0,2.0,5.0,1.0,3.888333333333333,1.569767441860465,0.4
BR001,2026-06-22,16,Aadhaar Linking,2,4.5,15.0,0.0,7.03,3.635,0,2026-06-22,Monday,0,22,0,0,0,1.0,4.0,3.0,6.0,2.0,4.118333333333333,1.5747126436781609,0.3
BR001,2026-06-23,9,Aadhaar Linking,1,2.0,15.0,0.0,10.85,3.68,0,2026-06-23,Tuesday,1,23,0,0,0,2.0,1.0,3.0,5.0,2.0,3.7716666666666665,1.568181818181818,0.13
BR001,2026-06-23,10,Aadhaar Linking,1,6.0,15.0,0.0,11.77,6.38,0,2026-06-23,Tuesday,1,23,0,0,0,1.0,1.0,2.0,5.0,1.0,4.565,1.5617977528089888,0.4
BR001,2026-06-23,11,Aadhaar Linking,3,0.6666666666666666,15.0,0.0,7.56,0.4066666666666667,2,2026-06-23,Tuesday,1,23,0,0,0,1.0,1.0,4.0,7.0,2.0,3.488888888888889,1.5777777777777775,0.04
BR001,2026-06-23,12,Aadhaar Linking,1,4.0,15.0,0.0,8.47,1.79,0,2026-06-23,Tuesday,1,23,0,0,0,3.0,1.0,4.0,6.0,2.0,2.8588888888888895,1.5714285714285714,0.27
BR001,2026-06-23,14,Aadhaar Linking,1,5.0,15.0,0.0,10.03,4.59,0,2026-06-23,Tuesday,1,23,0,0,0,1.0,2.0,2.0,6.0,1.0,2.2622222222222224,1.565217391304348,0.33
BR001,2026-06-23,15,Aadhaar Linking,2,2.0,15.0,0.0,8.285,1.855,1,2026-06-23,Tuesday,1,23,0,0,0,1.0,1.0,3.0,7.0,2.0,2.745000000000001,1.5698924731182795,0.13
BR001,2026-06-23,16,Aadhaar Linking,1,4.0,15.0,0.0,11.05,4.92,0,2026-06-23,Tuesday,1,23,0,0,0,2.0,1.0,3.0,5.0,2.0,3.7883333333333336,1.5638297872340423,0.27
BR001,2026-06-24,9,Aadhaar Linking,1,3.0,15.0,0.0,11.07,4.71,0,2026-06-24,Wednesday,2,24,0,0,0,1.0,2.0,2.0,5.0,1.0,3.828333333333333,1.5578947368421052,0.2
BR001,2026-06-24,11,Aadhaar Linking,1,5.0,15.0,0.0,9.6,5.55,0,2026-06-24,Wednesday,2,24,0,0,0,1.0,1.0,2.0,5.0,1.0,5.06,1.5520833333333333,0.33
BR001,2026-06-24,12,Aadhaar Linking,1,6.0,15.0,0.0,10.83,6.88,0,2026-06-24,Wednesday,2,24,0,0,0,1.0,1.0,2.0,4.0,1.0,5.713333333333334,1.5463917525773196,0.4
BR001,2026-06-24,13,Aadhaar Linking,1,4.0,15.0,0.0,6.49,3.2,0,2026-06-24,Wednesday,2,24,0,0,0,1.0,3.0,2.0,4.0,1.0,5.21,1.5408163265306123,0.27
BR001,2026-06-24,15,Aadhaar Linking,1,0.0,15.0,0.0,11.1,0.28,1,2026-06-24,Wednesday,2,24,0,0,0,1.0,1.0,2.0,4.0,1.0,3.453333333333333,1.5353535353535352,0.0
BR001,2026-06-25,9,Aadhaar Linking,1,3.0,15.0,0.0,8.85,1.94,0,2026-06-25,Thursday,3,25,0,0,0,1.0,1.0,2.0,4.0,1.0,1.8066666666666664,1.53,0.2
BR001,2026-06-25,13,Aadhaar Linking,1,2.0,15.0,0.0,7.34,0.5,0,2026-06-25,Thursday,3,25,0,0,0,1.0,2.0,2.0,4.0,1.0,0.9066666666666666,1.5247524752475248,0.13
BR001,2026-06-25,15,Aadhaar Linking,2,3.0,15.0,0.0,9.07,2.355,1,2026-06-25,Thursday,3,25,0,0,0,1.0,1.0,3.0,5.0,2.0,1.5983333333333334,1.5294117647058822,0.2
BR001,2026-06-26,9,Aadhaar Linking,1,0.0,15.0,0.0,11.7,0.49,1,2026-06-26,Friday,4,26,0,0,0,2.0,1.0,3.0,5.0,2.0,1.1150000000000002,1.5242718446601942,0.0
BR001,2026-06-26,10,Aadhaar Linking,1,4.0,15.0,0.0,10.81,3.01,0,2026-06-26,Friday,4,26,0,0,0,1.0,1.0,2.0,5.0,1.0,1.9516666666666669,1.5192307692307692,0.27
BR001,2026-06-26,11,Aadhaar Linking,3,4.333333333333333,15.0,0.0,9.09,3.9766666666666666,1,2026-06-26,Friday,4,26,0,0,0,1.0,1.0,4.0,7.0,2.0,2.4922222222222223,1.5333333333333334,0.29
BR001,2026-06-26,13,Aadhaar Linking,1,2.0,15.0,0.0,8.52,1.93,0,2026-06-26,Friday,4,26,0,0,0,3.0,1.0,4.0,6.0,2.0,2.972222222222222,1.528301886792453,0.13
BR001,2026-06-26,14,Aadhaar Linking,3,4.666666666666667,15.0,0.0,8.94,3.3433333333333337,1,2026-06-26,Friday,4,26,0,0,0,1.0,1.0,4.0,8.0,2.0,3.0833333333333335,1.5420560747663552,0.31
BR001,2026-06-26,15,Aadhaar Linking,1,6.0,15.0,0.0,7.49,2.33,0,2026-06-26,Friday,4,26,0,0,0,3.0,1.0,4.0,8.0,2.0,2.5344444444444445,1.537037037037037,0.4
BR001,2026-06-26,16,Aadhaar Linking,1,3.0,15.0,0.0,6.34,1.77,0,2026-06-26,Friday,4,26,0,0,0,1.0,1.0,2.0,6.0,1.0,2.4811111111111113,1.5321100917431192,0.2
BR001,2026-06-27,14,Aadhaar Linking,1,6.0,15.0,0.0,11.52,5.86,0,2026-06-27,Saturday,5,27,1,0,0,1.0,2.0,2.0,6.0,1.0,3.3200000000000003,1.5272727272727271,0.4
BR001,2026-06-29,9,Aadhaar Linking,1,0.0,13.0,2.0,8.78,0.2,1,2026-06-29,Monday,0,29,0,1,0,1.0,1.0,2.0,4.0,1.0,2.6100000000000003,1.5225225225225223,0.0
BR001,2026-06-29,10,Aadhaar Linking,2,8.0,13.0,2.0,10.94,8.86,0,2026-06-29,Monday,0,29,0,1,0,1.0,1.0,3.0,5.0,2.0,4.973333333333334,1.5267857142857142,0.62
BR001,2026-06-29,11,Aadhaar Linking,2,8.0,13.0,2.0,11.795,7.494999999999999,0,2026-06-29,Monday,0,29,0,1,0,2.0,3.0,4.0,6.0,2.0,5.5183333333333335,1.5309734513274336,0.62
BR001,2026-06-29,13,Aadhaar Linking,3,2.6666666666666665,13.0,2.0,9.283333333333331,3.01,1,2026-06-29,Monday,0,29,0,1,0,2.0,1.0,5.0,8.0,2.0,6.455000000000001,1.543859649122807,0.21
BR001,2026-06-29,14,Aadhaar Linking,2,8.0,13.0,2.0,10.12,9.405,0,2026-06-29,Monday,0,29,0,1,0,3.0,3.0,5.0,9.0,2.0,6.636666666666668,1.5478260869565217,0.62
BR001,2026-06-29,15,Aadhaar Linking,1,6.0,13.0,2.0,8.97,4.12,0,2026-06-29,Monday,0,29,0,1,0,2.0,1.0,3.0,8.0,2.0,5.511666666666668,1.543103448275862,0.46
BR001,2026-06-30,9,Aadhaar Linking,3,4.0,15.0,0.0,7.996666666666666,4.613333333333333,0,2026-06-30,Tuesday,1,30,0,1,0,1.0,1.0,4.0,9.0,2.0,6.046111111111112,1.5555555555555556,0.27
BR001,2026-06-30,11,Aadhaar Linking,2,3.0,15.0,0.0,11.15,2.055,1,2026-06-30,Tuesday,1,30,0,1,0,3.0,1.0,5.0,8.0,2.0,3.596111111111112,1.5593220338983051,0.2
BR001,2026-06-30,13,Aadhaar Linking,1,1.0,15.0,0.0,7.88,2.99,0,2026-06-30,Tuesday,1,30,0,1,0,2.0,1.0,3.0,7.0,2.0,3.219444444444445,1.5546218487394958,0.07
BR001,2026-06-30,14,Aadhaar Linking,3,3.6666666666666665,15.0,0.0,9.336666666666666,2.4,2,2026-06-30,Tuesday,1,30,0,1,0,1.0,2.0,4.0,9.0,2.0,2.4816666666666674,1.5666666666666669,0.24
BR001,2026-06-30,16,Aadhaar Linking,1,5.0,15.0,0.0,9.61,5.09,0,2026-06-30,Tuesday,1,30,0,1,0,3.0,2.0,4.0,7.0,2.0,3.493333333333334,1.56198347107438,0.33
BR001,2026-07-01,9,Aadhaar Linking,1,0.0,15.0,0.0,10.41,0.2,1,2026-07-01,Wednesday,2,1,0,0,1,1.0,3.0,2.0,6.0,1.0,2.563333333333334,1.5573770491803278,0.0
BR001,2026-07-01,10,Aadhaar Linking,1,7.0,15.0,0.0,8.53,6.06,0,2026-07-01,Wednesday,2,1,0,0,1,1.0,2.0,2.0,6.0,1.0,3.7833333333333337,1.5528455284552845,0.47
BR001,2026-07-01,11,Aadhaar Linking,4,3.5,15.0,0.0,10.2375,4.234999999999999,1,2026-07-01,Wednesday,2,1,0,0,1,1.0,1.0,5.0,7.0,2.0,3.4983333333333335,1.5725806451612905,0.23
BR001,2026-07-01,12,Aadhaar Linking,2,4.5,15.0,0.0,8.96,4.395,0,2026-07-01,Wednesday,2,1,0,0,1,4.0,3.0,6.0,8.0,3.0,4.896666666666667,1.576,0.3
BR001,2026-07-01,14,Aadhaar Linking,2,5.0,15.0,0.0,7.744999999999999,4.51,0,2026-07-01,Wednesday,2,1,0,0,1,2.0,2.0,4.0,9.0,2.0,4.38,1.5793650793650793,0.33
BR001,2026-07-01,15,Aadhaar Linking,1,6.0,15.0,0.0,6.98,1.93,0,2026-07-01,Wednesday,2,1,0,0,1,2.0,1.0,3.0,9.0,2.0,3.611666666666667,1.5748031496062993,0.4
BR001,2026-07-01,16,Aadhaar Linking,3,5.0,15.0,0.0,9.166666666666666,4.303333333333334,0,2026-07-01,Wednesday,2,1,0,0,1,1.0,3.0,4.0,8.0,2.0,3.581111111111112,1.5859375,0.33
BR001,2026-07-02,9,Aadhaar Linking,1,2.0,14.0,1.0,11.19,0.67,0,2026-07-02,Thursday,3,2,0,0,1,3.0,1.0,4.0,7.0,2.0,2.3011111111111116,1.5813953488372092,0.14
BR001,2026-07-02,10,Aadhaar Linking,4,5.0,14.0,1.0,9.29,3.715,0,2026-07-02,Thursday,3,2,0,0,1,1.0,1.0,5.0,9.0,2.0,2.896111111111112,1.6,0.36
BR001,2026-07-02,11,Aadhaar Linking,2,2.5,14.0,1.0,8.575,1.385,1,2026-07-02,Thursday,3,2,0,0,1,4.0,1.0,6.0,10.0,3.0,1.9233333333333336,1.6030534351145038,0.18
BR001,2026-07-02,12,Aadhaar Linking,1,5.0,14.0,1.0,6.7,5.0,0,2026-07-02,Thursday,3,2,0,0,1,2.0,4.0,3.0,8.0,2.0,3.366666666666667,1.5984848484848484,0.36
BR001,2026-07-02,13,Aadhaar Linking,1,4.0,14.0,1.0,7.75,2.26,0,2026-07-02,Thursday,3,2,0,0,1,1.0,2.0,2.0,8.0,1.0,2.8816666666666673,1.593984962406015,0.29
BR001,2026-07-02,15,Aadhaar Linking,1,8.0,14.0,1.0,11.0,8.35,0,2026-07-02,Thursday,3,2,0,0,1,1.0,2.0,2.0,5.0,1.0,5.203333333333334,1.5895522388059702,0.57
BR001,2026-07-02,16,Aadhaar Linking,2,4.5,14.0,1.0,9.760000000000002,4.4,0,2026-07-02,Thursday,3,2,0,0,1,1.0,1.0,3.0,5.0,2.0,5.003333333333334,1.5925925925925926,0.32
BR001,2026-07-03,11,Aadhaar Linking,1,4.0,15.0,0.0,11.84,4.57,0,2026-07-03,Friday,4,3,0,0,1,2.0,3.0,3.0,5.0,2.0,5.773333333333333,1.588235294117647,0.27
BR001,2026-07-03,12,Aadhaar Linking,1,2.0,15.0,0.0,8.78,1.14,0,2026-07-03,Friday,4,3,0,0,1,1.0,1.0,2.0,5.0,1.0,3.370000000000001,1.583941605839416,0.13
BR001,2026-07-03,13,Aadhaar Linking,1,2.0,15.0,0.0,10.6,1.12,0,2026-07-03,Friday,4,3,0,0,1,1.0,4.0,2.0,5.0,1.0,2.2766666666666673,1.579710144927536,0.13
BR001,2026-07-03,14,Aadhaar Linking,1,8.0,15.0,0.0,11.47,9.6,0,2026-07-03,Friday,4,3,0,0,1,1.0,2.0,2.0,4.0,1.0,3.9533333333333336,1.5755395683453235,0.53
BR001,2026-07-03,15,Aadhaar Linking,2,4.5,15.0,0.0,9.17,1.905,0,2026-07-03,Friday,4,3,0,0,1,1.0,1.0,3.0,5.0,2.0,4.208333333333333,1.5785714285714283,0.3
BR001,2026-07-03,16,Aadhaar Linking,2,5.0,15.0,0.0,8.0,2.5,0,2026-07-03,Friday,4,3,0,0,1,2.0,1.0,4.0,6.0,2.0,4.668333333333334,1.5815602836879432,0.33
BR001,2026-07-04,12,Aadhaar Linking,1,6.0,14.0,1.0,9.51,7.61,0,2026-07-04,Saturday,5,4,1,0,1,2.0,1.0,3.0,6.0,2.0,4.005000000000001,1.5774647887323945,0.43
BR001,2026-07-04,13,Aadhaar Linking,1,2.0,14.0,1.0,8.02,0.5,0,2026-07-04,Saturday,5,4,1,0,1,1.0,2.0,2.0,6.0,1.0,3.5366666666666675,1.573426573426573,0.14
BR001,2026-07-06,9,Aadhaar Linking,1,4.0,13.0,2.0,6.7,0.85,0,2026-07-06,Monday,0,6,0,0,0,1.0,1.0,2.0,5.0,1.0,2.9866666666666677,1.5694444444444444,0.31
BR001,2026-07-06,11,Aadhaar Linking,2,6.0,13.0,2.0,8.365,4.4,0,2026-07-06,Monday,0,6,0,0,0,1.0,1.0,3.0,5.0,2.0,1.9166666666666672,1.5724137931034483,0.46
BR001,2026-07-06,12,Aadhaar Linking,3,6.666666666666667,13.0,2.0,9.653333333333334,6.68,0,2026-07-06,Monday,0,6,0,0,0,2.0,1.0,5.0,7.0,2.0,3.976666666666667,1.582191780821918,0.51
BR001,2026-07-06,15,Aadhaar Linking,1,3.0,13.0,2.0,6.59,0.74,0,2026-07-06,Monday,0,6,0,0,0,3.0,1.0,4.0,7.0,2.0,3.940000000000001,1.5782312925170068,0.23
BR001,2026-07-06,16,Aadhaar Linking,1,4.0,13.0,2.0,10.93,2.49,0,2026-07-06,Monday,0,6,0,0,0,1.0,2.0,2.0,7.0,1.0,3.303333333333334,1.5743243243243243,0.31
BR001,2026-07-07,9,Aadhaar Linking,1,5.0,15.0,0.0,7.94,4.21,0,2026-07-07,Tuesday,1,7,0,0,0,1.0,2.0,2.0,6.0,1.0,2.480000000000001,1.570469798657718,0.33
BR001,2026-07-07,10,Aadhaar Linking,1,5.0,15.0,0.0,8.01,3.51,0,2026-07-07,Tuesday,1,7,0,0,0,1.0,1.0,2.0,4.0,1.0,3.4033333333333338,1.5666666666666669,0.33
BR001,2026-07-07,11,Aadhaar Linking,3,2.0,15.0,0.0,8.626666666666667,1.9,1,2026-07-07,Tuesday,1,7,0,0,0,1.0,1.0,4.0,6.0,2.0,3.206666666666667,1.576158940397351,0.13
BR001,2026-07-07,15,Aadhaar Linking,1,8.0,15.0,0.0,7.28,4.16,0,2026-07-07,Tuesday,1,7,0,0,0,3.0,1.0,4.0,6.0,2.0,3.190000000000001,1.5723684210526316,0.53
BR001,2026-07-08,11,Aadhaar Linking,1,6.0,15.0,0.0,7.33,6.5,0,2026-07-08,Wednesday,2,8,0,0,0,1.0,2.0,2.0,6.0,1.0,4.186666666666667,1.568627450980392,0.4
BR001,2026-07-08,12,Aadhaar Linking,1,0.0,15.0,0.0,10.09,0.46,1,2026-07-08,Wednesday,2,8,0,0,0,1.0,3.0,2.0,6.0,1.0,3.706666666666667,1.5649350649350648,0.0
BR001,2026-07-08,13,Aadhaar Linking,1,1.0,15.0,0.0,6.34,0.84,0,2026-07-08,Wednesday,2,8,0,0,0,1.0,1.0,2.0,4.0,1.0,2.6000000000000005,1.5612903225806452,0.07
BR001,2026-07-08,14,Aadhaar Linking,1,6.0,15.0,0.0,10.03,7.19,0,2026-07-08,Wednesday,2,8,0,0,0,1.0,1.0,2.0,4.0,1.0,2.8300000000000005,1.5576923076923077,0.4
BR001,2026-07-08,15,Aadhaar Linking,1,7.0,15.0,0.0,9.83,5.12,0,2026-07-08,Wednesday,2,8,0,0,0,1.0,1.0,2.0,4.0,1.0,4.383333333333334,1.5541401273885351,0.47
BR001,2026-07-08,16,Aadhaar Linking,1,5.0,15.0,0.0,11.5,4.41,0,2026-07-08,Wednesday,2,8,0,0,0,1.0,1.0,2.0,4.0,1.0,5.573333333333334,1.5506329113924051,0.33
BR001,2026-07-09,10,Aadhaar Linking,2,2.0,15.0,0.0,11.08,3.515,1,2026-07-09,Thursday,3,9,0,0,0,1.0,3.0,3.0,5.0,2.0,4.348333333333334,1.5534591194968554,0.13
BR001,2026-07-09,12,Aadhaar Linking,1,5.0,15.0,0.0,9.65,4.85,0,2026-07-09,Thursday,3,9,0,0,0,2.0,1.0,3.0,5.0,2.0,4.258333333333334,1.55,0.33
BR001,2026-07-10,9,Aadhaar Linking,1,0.0,15.0,0.0,8.38,0.2,1,2026-07-10,Friday,4,10,0,0,0,1.0,1.0,2.0,5.0,1.0,2.8550000000000004,1.546583850931677,0.0
BR001,2026-07-10,10,Aadhaar Linking,1,0.0,15.0,0.0,6.54,0.2,1,2026-07-10,Friday,4,10,0,0,0,1.0,1.0,2.0,5.0,1.0,1.7500000000000002,1.5432098765432098,0.0
BR001,2026-07-10,11,Aadhaar Linking,3,2.3333333333333335,15.0,0.0,7.25,2.283333333333333,1,2026-07-10,Friday,4,10,0,0,0,1.0,1.0,4.0,6.0,2.0,0.8944444444444447,1.5521472392638036,0.16
BR001,2026-07-10,12,Aadhaar Linking,2,4.5,15.0,0.0,8.69,5.050000000000001,0,2026-07-10,Friday,4,10,0,0,0,3.0,1.0,5.0,7.0,2.0,2.5111111111111115,1.554878048780488,0.3
BR001,2026-07-10,14,Aadhaar Linking,3,6.333333333333333,15.0,0.0,9.476666666666668,5.8,0,2026-07-10,Friday,4,10,0,0,0,2.0,1.0,5.0,9.0,2.0,4.377777777777778,1.5636363636363635,0.42
BR001,2026-07-10,16,Aadhaar Linking,1,3.0,15.0,0.0,6.7,0.96,0,2026-07-10,Friday,4,10,0,0,0,3.0,1.0,4.0,9.0,2.0,3.936666666666667,1.5602409638554218,0.2
BR001,2026-07-11,12,Aadhaar Linking,2,4.0,15.0,0.0,8.6,3.93,0,2026-07-11,Saturday,5,11,1,0,0,1.0,2.0,3.0,8.0,2.0,3.563333333333334,1.562874251497006,0.27
BR001,2026-07-11,13,Aadhaar Linking,1,3.0,15.0,0.0,11.42,5.14,0,2026-07-11,Saturday,5,11,1,0,0,2.0,1.0,3.0,7.0,2.0,3.3433333333333337,1.5595238095238095,0.2
BR001,2026-07-13,10,Aadhaar Linking,3,4.333333333333333,15.0,0.0,10.643333333333333,4.14,0,2026-07-13,Monday,0,13,0,0,0,1.0,1.0,4.0,7.0,2.0,4.403333333333333,1.5680473372781063,0.29
BR001,2026-07-13,11,Aadhaar Linking,1,5.0,15.0,0.0,9.25,2.98,0,2026-07-13,Monday,0,13,0,0,0,3.0,1.0,4.0,7.0,2.0,4.086666666666667,1.5647058823529412,0.33
BR001,2026-07-13,12,Aadhaar Linking,3,1.3333333333333333,15.0,0.0,8.406666666666666,1.0366666666666666,1,2026-07-13,Monday,0,13,0,0,0,1.0,3.0,4.0,8.0,2.0,2.718888888888889,1.5730994152046784,0.09
BR001,2026-07-13,14,Aadhaar Linking,1,4.0,15.0,0.0,9.28,4.2,0,2026-07-13,Monday,0,13,0,0,0,3.0,2.0,4.0,8.0,2.0,2.73888888888889,1.569767441860465,0.27
BR001,2026-07-13,15,Aadhaar Linking,1,5.0,15.0,0.0,8.96,5.6,0,2026-07-13,Monday,0,13,0,0,0,1.0,3.0,2.0,6.0,1.0,3.612222222222222,1.5664739884393064,0.33
BR001,2026-07-13,16,Aadhaar Linking,1,0.0,15.0,0.0,11.25,0.2,1,2026-07-13,Monday,0,13,0,0,0,1.0,1.0,2.0,6.0,1.0,3.333333333333334,1.5632183908045978,0.0
BR001,2026-07-14,13,Aadhaar Linking,1,6.0,14.0,1.0,10.64,6.06,0,2026-07-14,Tuesday,1,14,0,0,0,1.0,2.0,2.0,4.0,1.0,3.953333333333333,1.56,0.43
BR001,2026-07-14,15,Aadhaar Linking,2,4.0,14.0,1.0,8.705,2.055,0,2026-07-14,Tuesday,1,14,0,0,0,1.0,1.0,3.0,5.0,2.0,2.771666666666667,1.5625,0.29
BR001,2026-07-15,10,Aadhaar Linking,2,5.5,15.0,0.0,7.42,4.2700000000000005,0,2026-07-15,Wednesday,2,15,0,0,0,2.0,3.0,4.0,6.0,2.0,4.128333333333334,1.5649717514124293,0.37
BR001,2026-07-15,11,Aadhaar Linking,2,7.0,15.0,0.0,10.66,6.5649999999999995,0,2026-07-15,Wednesday,2,15,0,0,0,2.0,1.0,4.0,7.0,2.0,4.296666666666667,1.5674157303370786,0.47
BR001,2026-07-15,14,Aadhaar Linking,1,6.0,15.0,0.0,10.55,8.19,0,2026-07-15,Wednesday,2,15,0,0,0,2.0,3.0,3.0,7.0,2.0,6.341666666666666,1.5642458100558658,0.4
BR001,2026-07-15,15,Aadhaar Linking,2,3.0,15.0,0.0,10.95,4.25,0,2026-07-15,Wednesday,2,15,0,0,0,1.0,1.0,3.0,7.0,2.0,6.335,1.5666666666666669,0.2
BR001,2026-07-15,16,Aadhaar Linking,1,4.0,15.0,0.0,9.04,1.02,0,2026-07-15,Wednesday,2,15,0,0,0,2.0,1.0,3.0,6.0,2.0,4.486666666666666,1.5635359116022098,0.27
BR001,2026-07-16,10,Aadhaar Linking,2,5.0,14.0,1.0,8.0,2.065,0,2026-07-16,Thursday,3,16,0,0,0,1.0,1.0,3.0,6.0,2.0,2.445,1.565934065934066,0.36
BR001,2026-07-16,11,Aadhaar Linking,1,3.0,14.0,1.0,6.28,2.36,0,2026-07-16,Thursday,3,16,0,0,0,2.0,1.0,3.0,6.0,2.0,1.815,1.5628415300546448,0.21
BR001,2026-07-16,13,Aadhaar Linking,1,5.0,14.0,1.0,7.93,5.36,0,2026-07-16,Thursday,3,16,0,0,0,1.0,2.0,2.0,5.0,1.0,3.2616666666666667,1.559782608695652,0.36
BR001,2026-07-16,14,Aadhaar Linking,1,7.0,14.0,1.0,8.85,7.77,0,2026-07-16,Thursday,3,16,0,0,0,1.0,2.0,2.0,5.0,1.0,5.163333333333333,1.5567567567567568,0.5
BR001,2026-07-16,15,Aadhaar Linking,1,5.0,14.0,1.0,6.73,3.6,0,2026-07-16,Thursday,3,16,0,0,0,1.0,2.0,2.0,4.0,1.0,5.576666666666667,1.553763440860215,0.36
BR001,2026-07-17,9,Aadhaar Linking,1,3.0,15.0,0.0,8.5,0.91,0,2026-07-17,Friday,4,17,0,0,0,1.0,1.0,2.0,4.0,1.0,4.093333333333333,1.5508021390374331,0.2
BR001,2026-07-17,10,Aadhaar Linking,1,6.0,15.0,0.0,9.03,2.95,0,2026-07-17,Friday,4,17,0,0,0,1.0,2.0,2.0,4.0,1.0,2.4866666666666664,1.547872340425532,0.4
BR001,2026-07-17,11,Aadhaar Linking,4,5.75,15.0,0.0,8.7725,6.032500000000001,0,2026-07-17,Friday,4,17,0,0,0,1.0,1.0,5.0,7.0,2.0,3.2975,1.560846560846561,0.38
BR001,2026-07-17,15,Aadhaar Linking,5,3.6,15.0,0.0,9.132,3.3699999999999997,1,2026-07-17,Friday,4,17,0,0,0,4.0,2.0,9.0,11.0,4.0,4.1175,1.5789473684210529,0.24
BR001,2026-07-17,16,Aadhaar Linking,1,5.0,15.0,0.0,8.56,4.83,0,2026-07-17,Friday,4,17,0,0,0,5.0,1.0,6.0,11.0,3.0,4.744166666666667,1.5759162303664922,0.33
BR001,2026-07-18,10,Aadhaar Linking,2,3.0,15.0,0.0,7.165,1.665,0,2026-07-18,Saturday,5,18,1,0,0,1.0,1.0,3.0,12.0,2.0,3.2883333333333327,1.578125,0.2
BR001,2026-07-18,11,Aadhaar Linking,1,1.0,15.0,0.0,6.63,0.5,0,2026-07-18,Saturday,5,18,1,0,0,2.0,1.0,3.0,9.0,2.0,2.331666666666666,1.5751295336787563,0.07
BR001,2026-07-18,13,Aadhaar Linking,1,1.0,15.0,0.0,9.92,3.26,0,2026-07-18,Saturday,5,18,1,0,0,1.0,1.0,2.0,5.0,1.0,1.808333333333333,1.5721649484536082,0.07
BR001,2026-07-18,14,Aadhaar Linking,2,2.0,15.0,0.0,6.66,1.005,1,2026-07-18,Saturday,5,18,1,0,0,1.0,1.0,3.0,6.0,2.0,1.5883333333333327,1.5743589743589743,0.13
BR001,2026-07-20,9,Aadhaar Linking,2,2.0,15.0,0.0,10.7,0.96,1,2026-07-20,Monday,0,20,0,0,0,2.0,1.0,4.0,6.0,2.0,1.741666666666666,1.576530612244898,0.13
BR001,2026-07-20,10,Aadhaar Linking,1,5.0,15.0,0.0,6.9,4.7,0,2026-07-20,Monday,0,20,0,0,0,2.0,4.0,3.0,6.0,2.0,2.2216666666666662,1.5736040609137056,0.33
BR001,2026-07-20,12,Aadhaar Linking,1,3.0,15.0,0.0,10.43,3.67,0,2026-07-20,Monday,0,20,0,0,0,1.0,5.0,2.0,6.0,1.0,3.109999999999999,1.5707070707070707,0.2
BR001,2026-07-20,13,Aadhaar Linking,2,4.0,15.0,0.0,9.935,3.71,0,2026-07-20,Monday,0,20,0,0,0,1.0,1.0,3.0,6.0,2.0,4.026666666666666,1.5728643216080402,0.27
BR001,2026-07-20,14,Aadhaar Linking,1,5.0,15.0,0.0,7.17,2.91,0,2026-07-20,Monday,0,20,0,0,0,2.0,2.0,3.0,5.0,2.0,3.4299999999999997,1.57,0.33
BR001,2026-07-20,15,Aadhaar Linking,1,0.0,15.0,0.0,9.39,0.38,1,2026-07-20,Monday,0,20,0,0,0,1.0,1.0,2.0,5.0,1.0,2.3333333333333326,1.5671641791044777,0.0
BR001,2026-07-21,12,Aadhaar Linking,1,7.0,15.0,0.0,7.86,3.71,0,2026-07-21,Tuesday,1,21,0,0,0,1.0,1.0,2.0,5.0,1.0,2.3333333333333326,1.5643564356435644,0.47
BR001,2026-07-21,16,Aadhaar Linking,1,2.0,15.0,0.0,11.7,3.85,0,2026-07-21,Tuesday,1,21,0,0,0,1.0,2.0,2.0,4.0,1.0,2.646666666666666,1.561576354679803,0.13
BR001,2026-07-22,14,Aadhaar Linking,1,1.0,15.0,0.0,8.88,0.5,0,2026-07-22,Wednesday,2,22,0,0,0,1.0,2.0,2.0,4.0,1.0,2.686666666666666,1.5588235294117647,0.07
BR001,2026-07-22,15,Aadhaar Linking,2,6.0,15.0,0.0,10.89,7.4,0,2026-07-22,Wednesday,2,22,0,0,0,1.0,1.0,3.0,5.0,2.0,3.9166666666666665,1.5609756097560976,0.4
BR001,2026-07-22,16,Aadhaar Linking,1,5.0,15.0,0.0,10.48,4.69,0,2026-07-22,Wednesday,2,22,0,0,0,2.0,1.0,3.0,5.0,2.0,4.196666666666666,1.558252427184466,0.33
BR001,2026-07-23,11,Aadhaar Linking,1,5.0,15.0,0.0,9.68,3.38,0,2026-07-23,Thursday,3,23,0,0,0,1.0,2.0,2.0,5.0,1.0,5.156666666666666,1.5555555555555556,0.33
BR001,2026-07-23,12,Aadhaar Linking,1,4.0,15.0,0.0,8.88,2.31,0,2026-07-23,Thursday,3,23,0,0,0,1.0,1.0,2.0,5.0,1.0,3.4599999999999995,1.5528846153846154,0.27
BR001,2026-07-23,13,Aadhaar Linking,1,3.0,15.0,0.0,7.62,4.21,0,2026-07-23,Thursday,3,23,0,0,0,1.0,1.0,2.0,4.0,1.0,3.2999999999999994,1.5502392344497609,0.2
BR001,2026-07-23,14,Aadhaar Linking,1,4.0,15.0,0.0,9.38,2.27,0,2026-07-23,Thursday,3,23,0,0,0,1.0,1.0,2.0,4.0,1.0,2.9299999999999997,1.5476190476190477,0.27
BR001,2026-07-23,15,Aadhaar Linking,1,7.0,15.0,0.0,11.05,7.79,0,2026-07-23,Thursday,3,23,0,0,0,1.0,1.0,2.0,4.0,1.0,4.756666666666667,1.5450236966824644,0.47
BR001,2026-07-23,16,Aadhaar Linking,1,6.0,15.0,0.0,10.36,4.01,0,2026-07-23,Thursday,3,23,0,0,0,1.0,1.0,2.0,4.0,1.0,4.69,1.5424528301886793,0.4
BR001,2026-07-24,11,Aadhaar Linking,1,0.0,14.0,1.0,11.42,0.2,1,2026-07-24,Friday,4,24,0,0,0,1.0,2.0,2.0,4.0,1.0,4.0,1.539906103286385,0.0
BR001,2026-07-24,14,Aadhaar Linking,1,0.0,14.0,1.0,7.54,0.2,1,2026-07-24,Friday,4,24,0,0,0,1.0,1.0,2.0,4.0,1.0,1.47,1.5373831775700937,0.0
BR001,2026-07-24,15,Aadhaar Linking,2,1.5,14.0,1.0,9.785,2.9749999999999996,1,2026-07-24,Friday,4,24,0,0,0,1.0,1.0,3.0,5.0,2.0,1.1249999999999998,1.5395348837209302,0.11
BR001,2026-07-24,16,Aadhaar Linking,1,7.0,14.0,1.0,8.17,7.33,0,2026-07-24,Friday,4,24,0,0,0,2.0,1.0,3.0,5.0,2.0,3.5016666666666665,1.537037037037037,0.5
BR001,2026-07-25,13,Aadhaar Linking,1,4.0,14.0,1.0,7.62,5.14,0,2026-07-25,Saturday,5,25,1,0,0,1.0,1.0,2.0,5.0,1.0,5.148333333333333,1.5345622119815667,0.29
BR001,2026-07-25,16,Aadhaar Linking,1,0.0,14.0,1.0,10.66,0.2,1,2026-07-25,Saturday,5,25,1,0,0,1.0,1.0,2.0,5.0,1.0,4.223333333333334,1.5321100917431192,0.0
BR001,2026-07-27,9,Aadhaar Linking,1,0.0,15.0,0.0,11.77,0.2,1,2026-07-27,Monday,0,27,0,0,0,1.0,1.0,2.0,4.0,1.0,1.846666666666667,1.5296803652968036,0.0
BR001,2026-07-27,10,Aadhaar Linking,1,5.0,15.0,0.0,7.64,3.45,0,2026-07-27,Monday,0,27,0,0,0,1.0,1.0,2.0,4.0,1.0,1.2833333333333334,1.5272727272727271,0.33
BR001,2026-07-27,12,Aadhaar Linking,1,3.0,15.0,0.0,6.47,0.5,0,2026-07-27,Monday,0,27,0,0,0,1.0,1.0,2.0,4.0,1.0,1.3833333333333335,1.5248868778280542,0.2
BR001,2026-07-27,13,Aadhaar Linking,2,5.5,15.0,0.0,9.01,3.49,0,2026-07-27,Monday,0,27,0,0,0,1.0,1.0,3.0,5.0,2.0,2.48,1.527027027027027,0.37
BR001,2026-07-27,14,Aadhaar Linking,1,5.0,15.0,0.0,6.59,3.99,0,2026-07-27,Monday,0,27,0,0,0,2.0,2.0,3.0,5.0,2.0,2.66,1.5246636771300448,0.33
BR001,2026-07-27,15,Aadhaar Linking,3,5.0,15.0,0.0,10.233333333333334,3.3366666666666664,1,2026-07-27,Monday,0,27,0,0,0,1.0,1.0,4.0,7.0,2.0,3.605555555555555,1.53125,0.33
BR001,2026-07-28,9,Aadhaar Linking,1,4.0,14.0,1.0,7.59,4.48,0,2026-07-28,Tuesday,1,28,0,1,0,3.0,1.0,4.0,7.0,2.0,3.935555555555556,1.528888888888889,0.29
BR001,2026-07-28,10,Aadhaar Linking,2,6.0,14.0,1.0,8.94,3.63,1,2026-07-28,Tuesday,1,28,0,1,0,1.0,1.0,3.0,7.0,2.0,3.815555555555555,1.5309734513274336,0.43
BR001,2026-07-28,11,Aadhaar Linking,1,6.0,14.0,1.0,9.25,4.83,0,2026-07-28,Tuesday,1,28,0,1,0,2.0,1.0,3.0,7.0,2.0,4.3133333333333335,1.52863436123348,0.43
BR001,2026-07-28,12,Aadhaar Linking,1,5.0,14.0,1.0,9.66,6.82,0,2026-07-28,Tuesday,1,28,0,1,0,1.0,1.0,2.0,5.0,1.0,5.093333333333334,1.5263157894736843,0.36
BR001,2026-07-28,13,Aadhaar Linking,1,3.0,14.0,1.0,10.19,2.35,0,2026-07-28,Tuesday,1,28,0,1,0,1.0,1.0,2.0,5.0,1.0,4.666666666666667,1.5240174672489082,0.21
BR001,2026-07-28,14,Aadhaar Linking,1,9.0,14.0,1.0,10.69,7.18,0,2026-07-28,Tuesday,1,28,0,1,0,1.0,2.0,2.0,4.0,1.0,5.45,1.5217391304347827,0.64
BR001,2026-07-28,15,Aadhaar Linking,1,4.0,14.0,1.0,10.44,4.46,0,2026-07-28,Tuesday,1,28,0,1,0,1.0,1.0,2.0,4.0,1.0,4.663333333333333,1.5194805194805194,0.29
BR001,2026-07-28,16,Aadhaar Linking,1,4.0,14.0,1.0,10.36,2.19,0,2026-07-28,Tuesday,1,28,0,1,0,1.0,3.0,2.0,4.0,1.0,4.61,1.5172413793103448,0.29
BR001,2026-07-29,9,Aadhaar Linking,1,4.0,15.0,0.0,8.36,4.84,0,2026-07-29,Wednesday,2,29,0,1,0,1.0,1.0,2.0,4.0,1.0,3.83,1.5150214592274678,0.27
BR001,2026-07-29,11,Aadhaar Linking,2,4.5,15.0,0.0,8.01,2.66,0,2026-07-29,Wednesday,2,29,0,1,0,1.0,2.0,3.0,5.0,2.0,3.2300000000000004,1.517094017094017,0.3
BR001,2026-07-29,15,Aadhaar Linking,1,7.0,15.0,0.0,11.15,8.59,0,2026-07-29,Wednesday,2,29,0,1,0,2.0,1.0,3.0,5.0,2.0,5.363333333333334,1.5148936170212766,0.47
BR001,2026-07-30,9,Aadhaar Linking,1,0.0,15.0,0.0,10.98,0.92,1,2026-07-30,Thursday,3,30,0,1,0,1.0,1.0,2.0,5.0,1.0,4.0566666666666675,1.5127118644067796,0.0
BR001,2026-07-30,11,Aadhaar Linking,1,1.0,15.0,0.0,11.15,0.45,1,2026-07-30,Thursday,3,30,0,1,0,1.0,1.0,2.0,5.0,1.0,3.3200000000000003,1.510548523206751,0.07
BR001,2026-07-30,12,Aadhaar Linking,2,5.0,15.0,0.0,7.885,4.33,0,2026-07-30,Thursday,3,30,0,1,0,1.0,1.0,3.0,5.0,2.0,1.9000000000000008,1.512605042016807,0.33
BR001,2026-07-30,13,Aadhaar Linking,1,0.0,15.0,0.0,6.44,0.2,1,2026-07-30,Thursday,3,30,0,1,0,2.0,1.0,3.0,5.0,2.0,1.6600000000000008,1.5104602510460252,0.0
BR001,2026-07-30,15,Aadhaar Linking,4,5.0,15.0,0.0,9.0275,4.0825,0,2026-07-30,Thursday,3,30,0,1,0,1.0,1.0,5.0,8.0,2.0,2.8708333333333336,1.5208333333333333,0.33
BR001,2026-07-31,12,Aadhaar Linking,5,4.0,15.0,0.0,8.158,4.096,1,2026-07-31,Friday,4,31,0,1,0,4.0,1.0,9.0,12.0,4.0,2.792833333333334,1.5352697095435686,0.27
BR001,2026-07-31,15,Aadhaar Linking,1,7.0,15.0,0.0,7.82,4.48,0,2026-07-31,Friday,4,31,0,1,0,5.0,2.0,6.0,11.0,3.0,4.219500000000001,1.533057851239669,0.47
BR001,2026-07-31,16,Aadhaar Linking,1,6.0,15.0,0.0,7.47,3.61,0,2026-07-31,Friday,4,31,0,1,0,1.0,1.0,2.0,11.0,1.0,4.062000000000001,1.530864197530864,0.4
BR001,2026-08-01,12,Aadhaar Linking,1,2.0,15.0,0.0,9.97,0.65,0,2026-08-01,Saturday,5,1,1,0,1,1.0,1.0,2.0,8.0,1.0,2.9133333333333344,1.528688524590164,0.13
BR001,2026-08-01,13,Aadhaar Linking,1,0.0,15.0,0.0,9.84,0.2,1,2026-08-01,Saturday,5,1,1,0,1,1.0,1.0,2.0,4.0,1.0,1.4866666666666672,1.526530612244898,0.0
BR001,2026-08-01,15,Aadhaar Linking,3,4.333333333333333,15.0,0.0,9.856666666666667,4.829999999999999,0,2026-08-01,Saturday,5,1,1,0,1,1.0,2.0,4.0,6.0,2.0,1.8933333333333335,1.532520325203252,0.29
BR001,2026-08-01,16,Aadhaar Linking,1,2.0,15.0,0.0,7.81,3.04,0,2026-08-01,Saturday,5,1,1,0,1,3.0,1.0,4.0,6.0,2.0,2.69,1.5303643724696356,0.13
BR001,2026-08-03,9,Aadhaar Linking,2,1.0,15.0,0.0,8.045,0.35,1,2026-08-03,Monday,0,3,0,0,1,1.0,4.0,3.0,7.0,2.0,2.74,1.532258064516129,0.07
BR001,2026-08-03,10,Aadhaar Linking,1,10.0,15.0,0.0,6.83,4.0,0,2026-08-03,Monday,0,3,0,0,1,2.0,5.0,3.0,7.0,2.0,2.463333333333334,1.5301204819277108,0.67
BR001,2026-08-03,11,Aadhaar Linking,1,4.0,15.0,0.0,6.88,0.4,1,2026-08-03,Monday,0,3,0,0,1,1.0,1.0,2.0,5.0,1.0,1.583333333333334,1.528,0.27
BR001,2026-08-03,12,Aadhaar Linking,3,1.0,15.0,0.0,9.463333333333331,1.14,2,2026-08-03,Monday,0,3,0,0,1,1.0,1.0,4.0,7.0,2.0,1.8466666666666671,1.5338645418326693,0.07
BR001,2026-08-03,14,Aadhaar Linking,1,4.0,15.0,0.0,10.79,4.3,0,2026-08-03,Monday,0,3,0,0,1,3.0,1.0,4.0,6.0,2.0,1.9466666666666672,1.531746031746032,0.27
BR001,2026-08-03,15,Aadhaar Linking,1,0.0,15.0,0.0,6.4,0.64,1,2026-08-03,Monday,0,3,0,0,1,1.0,1.0,2.0,6.0,1.0,2.026666666666667,1.5296442687747036,0.0
BR001,2026-08-04,10,Aadhaar Linking,2,7.0,14.0,1.0,10.85,7.18,0,2026-08-04,Tuesday,1,4,0,0,1,1.0,3.0,3.0,7.0,2.0,4.04,1.531496062992126,0.5
BR001,2026-08-04,11,Aadhaar Linking,2,6.0,14.0,1.0,10.615,5.795,1,2026-08-04,Tuesday,1,4,0,0,1,2.0,1.0,4.0,6.0,2.0,4.538333333333334,1.5333333333333334,0.43
BR001,2026-08-04,13,Aadhaar Linking,1,3.0,14.0,1.0,11.61,3.68,0,2026-08-04,Tuesday,1,4,0,0,1,2.0,2.0,3.0,6.0,2.0,5.551666666666667,1.53125,0.21
BR001,2026-08-04,14,Aadhaar Linking,2,4.5,14.0,1.0,10.69,5.88,1,2026-08-04,Tuesday,1,4,0,0,1,1.0,1.0,3.0,7.0,2.0,5.118333333333333,1.5330739299610896,0.32
BR001,2026-08-04,15,Aadhaar Linking,1,0.0,14.0,1.0,11.28,0.2,1,2026-08-04,Tuesday,1,4,0,0,1,2.0,1.0,3.0,6.0,2.0,3.253333333333334,1.5310077519379846,0.0
BR001,2026-08-04,16,Aadhaar Linking,2,6.5,14.0,1.0,9.235,4.65,0,2026-08-04,Tuesday,1,4,0,0,1,1.0,3.0,3.0,6.0,2.0,3.5766666666666667,1.5328185328185329,0.46
BR001,2026-08-05,9,Aadhaar Linking,1,4.0,15.0,0.0,6.82,4.02,0,2026-08-05,Wednesday,2,5,0,0,1,2.0,1.0,3.0,6.0,2.0,2.956666666666667,1.5307692307692309,0.27
BR001,2026-08-05,10,Aadhaar Linking,4,6.0,15.0,0.0,8.6975,6.6875,0,2026-08-05,Wednesday,2,5,0,0,1,1.0,1.0,5.0,8.0,2.0,5.1191666666666675,1.5402298850574712,0.4
BR001,2026-08-05,12,Aadhaar Linking,1,4.0,15.0,0.0,7.65,5.27,0,2026-08-05,Wednesday,2,5,0,0,1,4.0,2.0,5.0,8.0,2.0,5.325833333333333,1.5381679389312977,0.27
BR001,2026-08-05,14,Aadhaar Linking,3,4.0,15.0,0.0,7.723333333333334,3.2999999999999994,1,2026-08-05,Wednesday,2,5,0,0,1,1.0,2.0,4.0,9.0,2.0,5.085833333333333,1.543726235741445,0.27
BR001,2026-08-06,11,Aadhaar Linking,2,6.5,15.0,0.0,10.65,5.27,0,2026-08-06,Thursday,3,6,0,0,0,3.0,1.0,5.0,10.0,2.0,4.613333333333333,1.5454545454545454,0.43
BR001,2026-08-06,12,Aadhaar Linking,1,4.0,15.0,0.0,11.81,6.33,0,2026-08-06,Thursday,3,6,0,0,0,2.0,2.0,3.0,7.0,2.0,4.966666666666667,1.5433962264150944,0.27
BR001,2026-08-06,15,Aadhaar Linking,3,5.666666666666667,15.0,0.0,8.11,5.38,0,2026-08-06,Thursday,3,6,0,0,0,1.0,1.0,4.0,9.0,2.0,5.66,1.5488721804511278,0.38
BR001,2026-08-07,10,Aadhaar Linking,2,4.0,15.0,0.0,8.59,5.085,0,2026-08-07,Friday,4,7,0,0,0,3.0,2.0,5.0,8.0,2.0,5.598333333333334,1.550561797752809,0.27
BR001,2026-08-07,11,Aadhaar Linking,2,7.0,15.0,0.0,10.23,6.485,0,2026-08-07,Friday,4,7,0,0,0,2.0,1.0,4.0,8.0,2.0,5.650000000000001,1.5522388059701493,0.47
BR001,2026-08-07,12,Aadhaar Linking,2,2.5,15.0,0.0,6.46,1.135,1,2026-08-07,Friday,4,7,0,0,0,2.0,4.0,4.0,9.0,2.0,4.235000000000001,1.553903345724907,0.17
BR001,2026-08-07,13,Aadhaar Linking,2,1.5,15.0,0.0,6.9399999999999995,2.82,0,2026-08-07,Friday,4,7,0,0,0,2.0,1.0,4.0,8.0,2.0,3.4800000000000004,1.5555555555555556,0.1
BR001,2026-08-07,14,Aadhaar Linking,3,4.666666666666667,15.0,0.0,9.31,3.313333333333333,0,2026-08-07,Friday,4,7,0,0,0,2.0,3.0,5.0,9.0,2.0,2.422777777777778,1.5608856088560883,0.31
BR001,2026-08-08,11,Aadhaar Linking,2,6.0,15.0,0.0,9.435,5.61,0,2026-08-08,Saturday,5,8,1,0,0,3.0,2.0,5.0,9.0,2.0,3.9144444444444457,1.5625,0.4
BR001,2026-08-08,14,Aadhaar Linking,1,5.0,15.0,0.0,9.7,2.48,0,2026-08-08,Saturday,5,8,1,0,0,2.0,1.0,3.0,8.0,2.0,3.801111111111112,1.5604395604395604,0.33
BR001,2026-08-08,15,Aadhaar Linking,1,0.0,15.0,0.0,7.81,1.1,1,2026-08-08,Saturday,5,8,1,0,0,1.0,3.0,2.0,7.0,1.0,3.0633333333333344,1.5583941605839415,0.0
BR001,2026-08-10,10,Aadhaar Linking,2,6.0,15.0,0.0,8.975,4.08,0,2026-08-10,Monday,0,10,0,0,0,1.0,2.0,3.0,6.0,2.0,2.553333333333334,1.56,0.4
BR001,2026-08-10,11,Aadhaar Linking,1,8.0,15.0,0.0,9.93,9.08,0,2026-08-10,Monday,0,10,0,0,0,2.0,2.0,3.0,5.0,2.0,4.753333333333334,1.5579710144927537,0.53
BR001,2026-08-10,14,Aadhaar Linking,4,6.0,15.0,0.0,11.1225,6.61,0,2026-08-10,Monday,0,10,0,0,0,1.0,2.0,5.0,8.0,2.0,6.590000000000001,1.5667870036101084,0.4
BR001,2026-08-10,15,Aadhaar Linking,3,4.333333333333333,15.0,0.0,7.890000000000001,4.026666666666666,0,2026-08-10,Monday,0,10,0,0,0,4.0,2.0,7.0,10.0,4.0,6.572222222222223,1.5719424460431657,0.29
BR001,2026-08-10,16,Aadhaar Linking,1,3.0,15.0,0.0,11.47,5.29,0,2026-08-10,Monday,0,10,0,0,0,3.0,3.0,4.0,9.0,2.0,5.30888888888889,1.5698924731182795,0.2
BR001,2026-08-11,11,Aadhaar Linking,1,4.0,14.0,1.0,7.01,3.97,0,2026-08-11,Tuesday,1,11,0,0,0,1.0,2.0,2.0,9.0,1.0,4.428888888888889,1.5678571428571428,0.29
BR001,2026-08-11,12,Aadhaar Linking,1,5.0,14.0,1.0,7.3,1.78,0,2026-08-11,Tuesday,1,11,0,0,0,1.0,1.0,2.0,6.0,1.0,3.680000000000001,1.5658362989323844,0.36
BR001,2026-08-11,13,Aadhaar Linking,2,2.5,14.0,1.0,7.435,2.025,0,2026-08-11,Tuesday,1,11,0,0,0,1.0,1.0,3.0,5.0,2.0,2.5916666666666672,1.5673758865248226,0.18
BR001,2026-08-11,16,Aadhaar Linking,1,1.0,14.0,1.0,11.38,0.5,0,2026-08-11,Tuesday,1,11,0,0,0,2.0,2.0,3.0,5.0,2.0,1.4350000000000005,1.5653710247349824,0.07
BR001,2026-08-12,10,Aadhaar Linking,1,6.0,15.0,0.0,8.82,3.94,0,2026-08-12,Wednesday,2,12,0,0,0,1.0,1.0,2.0,5.0,1.0,2.1550000000000007,1.5633802816901408,0.4
BR001,2026-08-12,14,Aadhaar Linking,2,2.5,15.0,0.0,9.075,3.06,1,2026-08-12,Wednesday,2,12,0,0,0,1.0,4.0,3.0,6.0,2.0,2.5000000000000004,1.5649122807017544,0.17
BR001,2026-08-12,15,Aadhaar Linking,2,3.0,15.0,0.0,9.61,3.27,1,2026-08-12,Wednesday,2,12,0,0,0,2.0,3.0,4.0,6.0,2.0,3.4233333333333342,1.5664335664335665,0.2
BR001,2026-08-12,16,Aadhaar Linking,1,0.0,15.0,0.0,9.28,0.52,1,2026-08-12,Wednesday,2,12,0,0,0,2.0,1.0,3.0,6.0,2.0,2.2833333333333345,1.5644599303135889,0.0
BR001,2026-08-13,10,Aadhaar Linking,1,6.0,15.0,0.0,10.44,3.57,0,2026-08-13,Thursday,3,13,0,0,0,1.0,1.0,2.0,6.0,1.0,2.453333333333334,1.5625,0.4
BR001,2026-08-13,11,Aadhaar Linking,2,3.0,15.0,0.0,9.185,2.655,1,2026-08-13,Thursday,3,13,0,0,0,1.0,1.0,3.0,6.0,2.0,2.248333333333334,1.5640138408304498,0.2
BR001,2026-08-13,14,Aadhaar Linking,1,0.0,15.0,0.0,9.42,0.94,1,2026-08-13,Thursday,3,13,0,0,0,2.0,2.0,3.0,5.0,2.0,2.388333333333334,1.5620689655172413,0.0
BR001,2026-08-14,10,Aadhaar Linking,2,7.5,15.0,0.0,8.08,4.140000000000001,0,2026-08-14,Friday,4,14,0,0,0,1.0,1.0,3.0,6.0,2.0,2.5783333333333345,1.563573883161512,0.5
BR001,2026-08-14,13,Aadhaar Linking,1,5.0,15.0,0.0,8.19,3.67,0,2026-08-14,Friday,4,14,0,0,0,2.0,1.0,3.0,6.0,2.0,2.916666666666668,1.5616438356164384,0.33
BR001,2026-08-14,15,Aadhaar Linking,2,5.0,15.0,0.0,8.115,2.745,0,2026-08-14,Friday,4,14,0,0,0,1.0,2.0,3.0,6.0,2.0,3.5183333333333344,1.5631399317406145,0.33
BR001,2026-08-14,16,Aadhaar Linking,1,5.0,15.0,0.0,9.83,5.51,0,2026-08-14,Friday,4,14,0,0,0,2.0,2.0,3.0,6.0,2.0,3.975000000000001,1.5612244897959184,0.33
BR001,2026-08-15,9,Aadhaar Linking,1,2.0,13.0,2.0,9.13,2.09,0,2026-08-15,Saturday,5,15,1,0,0,1.0,1.0,2.0,5.0,1.0,3.448333333333334,1.5593220338983051,0.15
BR001,2026-08-15,11,Aadhaar Linking,2,2.0,13.0,2.0,10.47,3.205,1,2026-08-15,Saturday,5,15,1,0,0,1.0,1.0,3.0,6.0,2.0,3.601666666666668,1.5608108108108107,0.15
BR001,2026-08-15,13,Aadhaar Linking,2,1.5,13.0,2.0,10.885,2.92,0,2026-08-15,Saturday,5,15,1,0,0,2.0,2.0,4.0,6.0,2.0,2.7383333333333346,1.5622895622895625,0.12
BR001,2026-08-17,10,Aadhaar Linking,1,3.0,13.0,2.0,10.42,2.78,0,2026-08-17,Monday,0,17,0,0,0,2.0,1.0,3.0,6.0,2.0,2.968333333333334,1.5604026845637584,0.23
BR001,2026-08-17,12,Aadhaar Linking,1,8.0,13.0,2.0,10.92,6.81,0,2026-08-17,Monday,0,17,0,0,0,1.0,2.0,2.0,6.0,1.0,4.170000000000001,1.5585284280936456,0.62
BR001,2026-08-17,14,Aadhaar Linking,1,9.0,13.0,2.0,9.77,10.34,0,2026-08-17,Monday,0,17,0,0,0,1.0,1.0,2.0,5.0,1.0,6.6433333333333335,1.5566666666666666,0.69
BR001,2026-08-17,15,Aadhaar Linking,2,7.5,13.0,2.0,9.505,6.01,0,2026-08-17,Monday,0,17,0,0,0,1.0,2.0,3.0,5.0,2.0,7.72,1.558139534883721,0.58
BR001,2026-08-17,16,Aadhaar Linking,1,0.0,13.0,2.0,7.09,0.2,1,2026-08-17,Monday,0,17,0,0,0,2.0,1.0,3.0,5.0,2.0,5.516666666666667,1.5562913907284768,0.0
BR001,2026-08-18,9,Aadhaar Linking,1,1.0,15.0,0.0,10.48,0.5,0,2026-08-18,Tuesday,1,18,0,0,0,1.0,1.0,2.0,5.0,1.0,2.2366666666666672,1.5544554455445545,0.07
BR001,2026-08-18,10,Aadhaar Linking,2,3.5,15.0,0.0,7.27,2.18,1,2026-08-18,Tuesday,1,18,0,0,0,1.0,2.0,3.0,6.0,2.0,0.9600000000000004,1.555921052631579,0.23
BR001,2026-08-18,11,Aadhaar Linking,1,0.0,15.0,0.0,9.13,0.24,1,2026-08-18,Tuesday,1,18,0,0,0,2.0,2.0,3.0,5.0,2.0,0.973333333333334,1.5540983606557377,0.0
BR001,2026-08-18,12,Aadhaar Linking,1,3.0,15.0,0.0,8.65,3.31,0,2026-08-18,Tuesday,1,18,0,0,0,1.0,1.0,2.0,5.0,1.0,1.9100000000000004,1.5522875816993464,0.2
BR001,2026-08-18,13,Aadhaar Linking,2,2.5,15.0,0.0,9.395,1.98,0,2026-08-18,Tuesday,1,18,0,0,0,1.0,1.0,3.0,6.0,2.0,1.8433333333333335,1.5537459283387622,0.17
BR001,2026-08-18,15,Aadhaar Linking,2,3.5,15.0,0.0,7.140000000000001,3.675,0,2026-08-18,Tuesday,1,18,0,0,0,2.0,1.0,4.0,6.0,2.0,2.9883333333333333,1.5551948051948052,0.23
BR001,2026-08-18,16,Aadhaar Linking,1,1.0,15.0,0.0,10.85,0.84,0,2026-08-18,Tuesday,1,18,0,0,0,2.0,2.0,3.0,6.0,2.0,2.1650000000000005,1.5533980582524272,0.07
BR001,2026-08-19,9,Aadhaar Linking,1,4.0,15.0,0.0,6.33,4.43,0,2026-08-19,Wednesday,2,19,0,0,0,1.0,1.0,2.0,6.0,1.0,2.981666666666667,1.5516129032258064,0.27
BR001,2026-08-19,10,Aadhaar Linking,2,3.0,15.0,0.0,8.205,3.315,0,2026-08-19,Wednesday,2,19,0,0,0,1.0,1.0,3.0,6.0,2.0,2.861666666666667,1.5530546623794212,0.2
BR001,2026-08-19,11,Aadhaar Linking,1,4.0,15.0,0.0,11.21,1.89,0,2026-08-19,Wednesday,2,19,0,0,0,2.0,2.0,3.0,5.0,2.0,3.2116666666666664,1.551282051282051,0.27
BR001,2026-08-19,15,Aadhaar Linking,1,2.0,15.0,0.0,6.44,0.59,0,2026-08-19,Wednesday,2,19,0,0,0,1.0,1.0,2.0,5.0,1.0,1.9316666666666669,1.549520766773163,0.13
BR001,2026-08-20,11,Aadhaar Linking,1,3.0,15.0,0.0,8.29,5.05,0,2026-08-20,Thursday,3,20,0,0,0,1.0,1.0,2.0,5.0,1.0,2.51,1.5477707006369428,0.2
BR001,2026-08-20,12,Aadhaar Linking,1,3.0,15.0,0.0,10.91,4.4,0,2026-08-20,Thursday,3,20,0,0,0,1.0,2.0,2.0,4.0,1.0,3.346666666666667,1.546031746031746,0.2
BR001,2026-08-20,14,Aadhaar Linking,1,3.0,15.0,0.0,7.94,3.81,0,2026-08-20,Thursday,3,20,0,0,0,1.0,2.0,2.0,4.0,1.0,4.420000000000001,1.5443037974683544,0.2
BR001,2026-08-20,15,Aadhaar Linking,3,4.666666666666667,15.0,0.0,8.353333333333333,2.713333333333334,0,2026-08-20,Thursday,3,20,0,0,0,1.0,1.0,4.0,6.0,2.0,3.6411111111111114,1.5488958990536277,0.31
BR001,2026-08-20,16,Aadhaar Linking,1,4.0,15.0,0.0,9.53,3.69,0,2026-08-20,Thursday,3,20,0,0,0,3.0,1.0,4.0,6.0,2.0,3.404444444444445,1.5471698113207548,0.27
BR001,2026-08-21,9,Aadhaar Linking,1,2.0,15.0,0.0,6.19,2.82,0,2026-08-21,Friday,4,21,0,0,0,1.0,2.0,2.0,6.0,1.0,3.074444444444444,1.5454545454545454,0.13
BR001,2026-08-21,10,Aadhaar Linking,1,5.0,15.0,0.0,11.32,7.14,0,2026-08-21,Friday,4,21,0,0,0,1.0,1.0,2.0,6.0,1.0,4.55,1.54375,0.33
BR001,2026-08-21,11,Aadhaar Linking,1,5.0,15.0,0.0,10.02,2.41,0,2026-08-21,Friday,4,21,0,0,0,1.0,1.0,2.0,4.0,1.0,4.123333333333334,1.5420560747663552,0.33
BR001,2026-08-21,12,Aadhaar Linking,4,4.5,15.0,0.0,7.8875,4.175,1,2026-08-21,Friday,4,21,0,0,0,1.0,1.0,5.0,7.0,2.0,4.575,1.549689440993789,0.3
BR001,2026-08-21,13,Aadhaar Linking,1,2.0,15.0,0.0,10.49,2.85,0,2026-08-21,Friday,4,21,0,0,0,4.0,1.0,5.0,7.0,2.0,3.145,1.547987616099071,0.13
BR001,2026-08-21,15,Aadhaar Linking,2,2.5,15.0,0.0,8.715,2.9650000000000003,1,2026-08-21,Friday,4,21,0,0,0,1.0,1.0,3.0,8.0,2.0,3.3300000000000005,1.5493827160493827,0.17
BR001,2026-08-22,13,Aadhaar Linking,1,0.0,15.0,0.0,10.65,1.04,0,2026-08-22,Saturday,5,22,1,0,0,2.0,3.0,3.0,8.0,2.0,2.2850000000000006,1.5476923076923077,0.0
BR001,2026-08-22,14,Aadhaar Linking,3,3.0,15.0,0.0,8.996666666666668,1.4733333333333334,0,2026-08-22,Saturday,5,22,1,0,0,1.0,1.0,4.0,7.0,2.0,1.8261111111111117,1.5521472392638036,0.2
BR001,2026-08-24,9,Aadhaar Linking,1,5.0,15.0,0.0,10.01,6.57,0,2026-08-24,Monday,0,24,0,0,0,3.0,1.0,4.0,7.0,2.0,3.0277777777777786,1.5504587155963303,0.33
BR001,2026-08-24,10,Aadhaar Linking,2,4.0,15.0,0.0,8.19,1.21,0,2026-08-24,Monday,0,24,0,0,0,1.0,1.0,3.0,7.0,2.0,3.084444444444445,1.5518292682926829,0.27
BR001,2026-08-24,12,Aadhaar Linking,1,6.0,15.0,0.0,10.9,6.19,0,2026-08-24,Monday,0,24,0,0,0,2.0,1.0,3.0,7.0,2.0,4.656666666666667,1.5501519756838906,0.4
BR001,2026-08-24,14,Aadhaar Linking,4,5.5,15.0,0.0,6.725,3.155,0,2026-08-24,Monday,0,24,0,0,0,1.0,4.0,5.0,8.0,2.0,3.518333333333334,1.5575757575757576,0.37
BR001,2026-08-24,15,Aadhaar Linking,2,6.0,15.0,0.0,6.390000000000001,5.484999999999999,0,2026-08-24,Monday,0,24,0,0,0,4.0,1.0,6.0,9.0,3.0,4.943333333333334,1.5589123867069483,0.4
BR001,2026-08-25,9,Aadhaar Linking,1,0.0,15.0,0.0,8.41,0.8,1,2026-08-25,Tuesday,1,25,0,0,0,2.0,2.0,3.0,8.0,2.0,3.146666666666667,1.5572289156626506,0.0
BR001,2026-08-25,10,Aadhaar Linking,1,6.0,15.0,0.0,9.36,6.04,0,2026-08-25,Tuesday,1,25,0,0,0,1.0,1.0,2.0,8.0,1.0,4.108333333333333,1.5555555555555556,0.4
BR001,2026-08-25,11,Aadhaar Linking,2,2.5,15.0,0.0,6.74,0.5,0,2026-08-25,Tuesday,1,25,0,0,0,1.0,3.0,3.0,6.0,2.0,2.4466666666666668,1.5568862275449102,0.17
BR001,2026-08-25,12,Aadhaar Linking,2,5.0,15.0,0.0,10.63,4.765,0,2026-08-25,Tuesday,1,25,0,0,0,2.0,1.0,4.0,6.0,2.0,3.768333333333333,1.5582089552238807,0.33
BR001,2026-08-25,14,Aadhaar Linking,2,3.5,15.0,0.0,8.305,3.33,0,2026-08-25,Tuesday,1,25,0,0,0,2.0,2.0,4.0,7.0,2.0,2.865,1.5595238095238095,0.23
BR001,2026-08-25,15,Aadhaar Linking,1,5.0,15.0,0.0,6.7,1.93,0,2026-08-25,Tuesday,1,25,0,0,0,2.0,1.0,3.0,7.0,2.0,3.341666666666667,1.5578635014836797,0.33
BR001,2026-08-26,9,Aadhaar Linking,1,5.0,14.0,1.0,9.26,6.03,0,2026-08-26,Wednesday,2,26,0,0,0,1.0,4.0,2.0,6.0,1.0,3.7633333333333336,1.5562130177514792,0.36
BR001,2026-08-26,10,Aadhaar Linking,1,4.0,14.0,1.0,9.93,6.36,0,2026-08-26,Wednesday,2,26,0,0,0,1.0,2.0,2.0,5.0,1.0,4.773333333333333,1.5545722713864307,0.29
BR001,2026-08-26,11,Aadhaar Linking,1,4.0,14.0,1.0,6.09,2.37,0,2026-08-26,Wednesday,2,26,0,0,0,1.0,1.0,2.0,4.0,1.0,4.920000000000001,1.5529411764705885,0.29
BR001,2026-08-26,13,Aadhaar Linking,1,2.0,14.0,1.0,9.52,1.51,0,2026-08-26,Wednesday,2,26,0,0,0,1.0,1.0,2.0,4.0,1.0,3.4133333333333336,1.5513196480938416,0.14
BR001,2026-08-26,14,Aadhaar Linking,2,3.5,14.0,1.0,8.415,3.655,0,2026-08-26,Wednesday,2,26,0,0,0,1.0,2.0,3.0,5.0,2.0,2.511666666666667,1.5526315789473684,0.25
BR001,2026-08-26,15,Aadhaar Linking,1,4.0,14.0,1.0,10.29,2.4,0,2026-08-26,Wednesday,2,26,0,0,0,2.0,2.0,3.0,5.0,2.0,2.521666666666667,1.5510204081632653,0.29
BR001,2026-08-26,16,Aadhaar Linking,1,3.0,14.0,1.0,8.12,1.62,0,2026-08-26,Wednesday,2,26,0,0,0,1.0,2.0,2.0,5.0,1.0,2.5583333333333336,1.5494186046511629,0.21
BR001,2026-08-27,10,Aadhaar Linking,2,4.0,15.0,0.0,8.19,3.425,0,2026-08-27,Thursday,3,27,0,0,0,1.0,1.0,3.0,6.0,2.0,2.481666666666667,1.5507246376811594,0.27
BR001,2026-08-27,11,Aadhaar Linking,1,4.0,15.0,0.0,11.65,2.48,0,2026-08-27,Thursday,3,27,0,0,0,2.0,1.0,3.0,5.0,2.0,2.5083333333333333,1.5491329479768785,0.27
BR001,2026-08-27,12,Aadhaar Linking,1,3.0,15.0,0.0,8.65,1.65,0,2026-08-27,Thursday,3,27,0,0,0,1.0,1.0,2.0,5.0,1.0,2.518333333333334,1.5475504322766571,0.2
BR001,2026-08-27,14,Aadhaar Linking,2,0.0,15.0,0.0,9.935,0.49,2,2026-08-27,Thursday,3,27,0,0,0,1.0,1.0,3.0,6.0,2.0,1.54,1.5488505747126438,0.0
BR001,2026-08-27,15,Aadhaar Linking,1,0.0,15.0,0.0,11.49,0.45,1,2026-08-27,Thursday,3,27,0,0,0,2.0,1.0,3.0,5.0,2.0,0.8633333333333336,1.5472779369627507,0.0
BR001,2026-08-28,10,Aadhaar Linking,3,5.0,15.0,0.0,8.603333333333333,3.4233333333333333,1,2026-08-28,Friday,4,28,0,1,0,1.0,2.0,4.0,7.0,2.0,1.4544444444444449,1.5514285714285714,0.33
BR001,2026-08-28,11,Aadhaar Linking,4,7.25,15.0,0.0,9.735,6.21,0,2026-08-28,Friday,4,28,0,1,0,3.0,1.0,7.0,10.0,4.0,3.361111111111111,1.5584045584045585,0.48
BR001,2026-08-28,12,Aadhaar Linking,1,7.0,15.0,0.0,8.7,4.54,0,2026-08-28,Friday,4,28,0,1,0,4.0,1.0,5.0,9.0,2.0,4.724444444444445,1.556818181818182,0.47
BR001,2026-08-28,13,Aadhaar Linking,2,3.5,15.0,0.0,8.715,4.96,0,2026-08-28,Friday,4,28,0,1,0,1.0,2.0,3.0,10.0,2.0,5.236666666666667,1.5580736543909348,0.23
BR001,2026-08-28,14,Aadhaar Linking,2,3.5,15.0,0.0,8.01,3.42,1,2026-08-28,Friday,4,28,0,1,0,2.0,1.0,4.0,9.0,2.0,4.306666666666667,1.5593220338983051,0.23
BR001,2026-08-28,15,Aadhaar Linking,2,4.5,15.0,0.0,6.6899999999999995,3.245,0,2026-08-28,Friday,4,28,0,1,0,2.0,1.0,4.0,7.0,2.0,3.875,1.56056338028169,0.3
BR001,2026-08-28,16,Aadhaar Linking,1,1.0,15.0,0.0,10.98,0.4,1,2026-08-28,Friday,4,28,0,1,0,2.0,2.0,3.0,7.0,2.0,2.3550000000000004,1.5589887640449438,0.07
BR001,2026-08-29,11,Aadhaar Linking,1,4.0,14.0,1.0,6.35,0.66,0,2026-08-29,Saturday,5,29,1,1,0,1.0,1.0,2.0,6.0,1.0,1.4350000000000005,1.557422969187675,0.29
BR001,2026-08-29,12,Aadhaar Linking,2,4.0,14.0,1.0,10.86,4.44,0,2026-08-29,Saturday,5,29,1,1,0,1.0,3.0,3.0,6.0,2.0,1.8333333333333337,1.558659217877095,0.29
BR001,2026-08-29,13,Aadhaar Linking,1,5.0,14.0,1.0,11.42,7.77,0,2026-08-29,Saturday,5,29,1,1,0,2.0,4.0,3.0,5.0,2.0,4.29,1.5571030640668524,0.36
BR001,2026-08-29,14,Aadhaar Linking,1,5.0,14.0,1.0,10.28,3.78,0,2026-08-29,Saturday,5,29,1,1,0,1.0,1.0,2.0,5.0,1.0,5.33,1.5555555555555556,0.36
BR001,2026-08-29,15,Aadhaar Linking,1,1.0,14.0,1.0,9.66,0.37,1,2026-08-29,Saturday,5,29,1,1,0,1.0,2.0,2.0,5.0,1.0,3.973333333333333,1.554016620498615,0.07
BR001,2026-08-29,16,Aadhaar Linking,1,2.0,14.0,1.0,8.55,4.53,0,2026-08-29,Saturday,5,29,1,1,0,1.0,2.0,2.0,4.0,1.0,2.893333333333333,1.5524861878453038,0.14
BR001,2026-06-01,9,Account Opening,2,5.0,15.0,0.0,18.645,8.4,0,2026-06-01,Monday,0,1,0,0,1,0.0,0.0,2.0,2.0,1.0,8.4,2.0,0.33
BR001,2026-06-01,10,Account Opening,4,6.75,15.0,0.0,16.8925,10.5475,0,2026-06-01,Monday,0,1,0,0,1,2.0,0.0,6.0,6.0,3.0,9.47375,3.0,0.45
BR001,2026-06-01,11,Account Opening,2,7.5,15.0,0.0,22.03,12.415,0,2026-06-01,Monday,0,1,0,0,1,4.0,0.0,6.0,8.0,3.0,10.454166666666666,2.6666666666666665,0.5
BR001,2026-06-01,12,Account Opening,1,7.0,15.0,0.0,15.75,10.22,0,2026-06-01,Monday,0,1,0,0,1,2.0,0.0,3.0,9.0,2.0,11.060833333333337,2.25,0.47
BR001,2026-06-01,13,Account Opening,1,6.0,15.0,0.0,22.42,13.42,0,2026-06-01,Monday,0,1,0,0,1,1.0,0.0,2.0,8.0,1.0,12.018333333333333,2.0,0.4
BR001,2026-06-01,14,Account Opening,5,6.0,15.0,0.0,19.434,9.464,0,2026-06-01,Monday,0,1,0,0,1,1.0,0.0,6.0,9.0,3.0,11.034666666666666,2.5,0.4
BR001,2026-06-01,15,Account Opening,2,7.5,15.0,0.0,20.68,12.57,0,2026-06-01,Monday,0,1,0,0,1,5.0,0.0,7.0,9.0,4.0,11.818,2.4285714285714284,0.5
BR001,2026-06-01,16,Account Opening,1,2.0,15.0,0.0,21.74,5.78,0,2026-06-01,Monday,0,1,0,0,1,2.0,0.0,3.0,9.0,2.0,9.271333333333333,2.25,0.13
BR001,2026-06-02,9,Account Opening,2,3.5,15.0,0.0,18.21,6.99,0,2026-06-02,Tuesday,1,2,0,0,1,1.0,2.0,3.0,10.0,2.0,8.446666666666667,2.2222222222222223,0.23
BR001,2026-06-02,10,Account Opening,3,2.6666666666666665,15.0,0.0,19.456666666666667,4.906666666666667,1,2026-06-02,Tuesday,1,2,0,0,1,2.0,4.0,5.0,8.0,2.0,5.892222222222223,2.3,0.18
BR001,2026-06-02,11,Account Opening,3,4.333333333333333,15.0,0.0,20.69666666666667,6.37,1,2026-06-02,Tuesday,1,2,0,0,1,3.0,2.0,6.0,9.0,3.0,6.088888888888889,2.363636363636364,0.29
BR001,2026-06-02,12,Account Opening,3,5.333333333333333,15.0,0.0,21.003333333333337,9.02,0,2026-06-02,Tuesday,1,2,0,0,1,3.0,1.0,6.0,11.0,3.0,6.765555555555555,2.4166666666666665,0.36
BR001,2026-06-02,13,Account Opening,1,5.0,15.0,0.0,18.02,9.59,0,2026-06-02,Tuesday,1,2,0,0,1,3.0,1.0,4.0,10.0,2.0,8.326666666666666,2.3076923076923075,0.33
BR001,2026-06-02,14,Account Opening,1,6.0,15.0,0.0,18.81,7.76,0,2026-06-02,Tuesday,1,2,0,0,1,1.0,5.0,2.0,8.0,1.0,8.79,2.2142857142857144,0.4
BR001,2026-06-02,15,Account Opening,4,4.25,15.0,0.0,18.75,6.6175,1,2026-06-02,Tuesday,1,2,0,0,1,1.0,2.0,5.0,9.0,2.0,7.989166666666666,2.3333333333333335,0.28
BR001,2026-06-02,16,Account Opening,3,3.0,15.0,0.0,20.953333333333333,4.989999999999999,0,2026-06-02,Tuesday,1,2,0,0,1,4.0,1.0,7.0,9.0,4.0,6.455833333333332,2.375,0.2
BR001,2026-06-03,9,Account Opening,1,4.0,15.0,0.0,17.68,3.97,0,2026-06-03,Wednesday,2,3,0,0,1,3.0,2.0,4.0,9.0,2.0,5.192499999999999,2.2941176470588234,0.27
BR001,2026-06-03,10,Account Opening,3,4.0,15.0,0.0,21.616666666666664,9.023333333333332,1,2026-06-03,Wednesday,2,3,0,0,1,1.0,3.0,4.0,11.0,2.0,5.994444444444444,2.3333333333333335,0.27
BR001,2026-06-03,11,Account Opening,2,4.5,15.0,0.0,21.705,6.705,1,2026-06-03,Wednesday,2,3,0,0,1,3.0,3.0,5.0,9.0,2.0,6.56611111111111,2.3157894736842106,0.3
BR001,2026-06-03,12,Account Opening,3,1.6666666666666667,15.0,0.0,18.816666666666663,3.32,1,2026-06-03,Wednesday,2,3,0,0,1,2.0,3.0,5.0,9.0,2.0,6.349444444444444,2.35,0.11
BR001,2026-06-03,13,Account Opening,3,4.0,15.0,0.0,20.256666666666664,7.579999999999999,0,2026-06-03,Wednesday,2,3,0,0,1,3.0,1.0,6.0,11.0,3.0,5.868333333333332,2.380952380952381,0.27
BR001,2026-06-03,14,Account Opening,2,4.0,15.0,0.0,20.56,6.82,0,2026-06-03,Wednesday,2,3,0,0,1,3.0,1.0,5.0,10.0,2.0,5.906666666666666,2.363636363636364,0.27
BR001,2026-06-03,15,Account Opening,2,5.0,15.0,0.0,16.85,6.755,0,2026-06-03,Wednesday,2,3,0,0,1,2.0,4.0,4.0,10.0,2.0,7.051666666666666,2.347826086956522,0.33
BR001,2026-06-03,16,Account Opening,3,1.0,15.0,0.0,19.23,2.1,2,2026-06-03,Wednesday,2,3,0,0,1,2.0,3.0,5.0,10.0,2.0,5.225,2.375,0.07
BR001,2026-06-04,9,Account Opening,2,3.0,13.0,2.0,19.23,4.13,1,2026-06-04,Thursday,3,4,0,0,1,3.0,1.0,5.0,9.0,2.0,4.328333333333332,2.36,0.23
BR001,2026-06-04,10,Account Opening,3,4.666666666666667,13.0,2.0,18.92,8.793333333333335,1,2026-06-04,Thursday,3,4,0,0,1,2.0,3.0,5.0,10.0,2.0,5.007777777777778,2.3846153846153846,0.36
BR001,2026-06-04,11,Account Opening,4,2.5,13.0,2.0,21.2075,4.415,3,2026-06-04,Thursday,3,4,0,0,1,3.0,2.0,7.0,12.0,4.0,5.779444444444444,2.4444444444444446,0.19
BR001,2026-06-04,12,Account Opening,1,6.0,13.0,2.0,23.45,15.44,0,2026-06-04,Thursday,3,4,0,0,1,4.0,3.0,5.0,10.0,2.0,9.549444444444443,2.392857142857143,0.46
BR001,2026-06-04,13,Account Opening,3,4.333333333333333,13.0,2.0,18.45,8.096666666666666,0,2026-06-04,Thursday,3,4,0,0,1,1.0,3.0,4.0,11.0,2.0,9.31722222222222,2.413793103448276,0.33
BR001,2026-06-04,14,Account Opening,7,4.857142857142857,13.0,2.0,19.971428571428568,10.111428571428572,2,2026-06-04,Thursday,3,4,0,0,1,3.0,2.0,10.0,15.0,5.0,11.216031746031746,2.566666666666667,0.37
BR001,2026-06-04,15,Account Opening,1,5.0,13.0,2.0,23.56,12.6,0,2026-06-04,Thursday,3,4,0,0,1,7.0,2.0,8.0,12.0,4.0,10.26936507936508,2.5161290322580645,0.38
BR001,2026-06-05,9,Account Opening,2,5.0,14.0,1.0,17.490000000000002,8.88,0,2026-06-05,Friday,4,5,0,0,1,1.0,3.0,3.0,13.0,2.0,10.530476190476191,2.5,0.36
BR001,2026-06-05,10,Account Opening,2,7.0,14.0,1.0,22.450000000000003,14.195,0,2026-06-05,Friday,4,5,0,0,1,2.0,2.0,4.0,12.0,2.0,11.891666666666666,2.484848484848485,0.5
BR001,2026-06-05,11,Account Opening,7,3.857142857142857,14.0,1.0,20.367142857142856,7.448571428571428,3,2026-06-05,Friday,4,5,0,0,1,2.0,3.0,9.0,12.0,4.0,10.17452380952381,2.6176470588235294,0.28
BR001,2026-06-05,12,Account Opening,3,3.0,14.0,1.0,18.496666666666663,5.47,1,2026-06-05,Friday,4,5,0,0,1,7.0,4.0,10.0,14.0,5.0,9.037857142857142,2.628571428571429,0.21
BR001,2026-06-05,13,Account Opening,2,4.5,14.0,1.0,20.855,7.235,0,2026-06-05,Friday,4,5,0,0,1,3.0,1.0,5.0,14.0,2.0,6.717857142857142,2.611111111111111,0.32
BR001,2026-06-05,14,Account Opening,1,9.0,14.0,1.0,22.45,18.12,0,2026-06-05,Friday,4,5,0,0,1,2.0,3.0,3.0,13.0,2.0,10.275,2.5675675675675675,0.64
BR001,2026-06-05,15,Account Opening,4,6.0,14.0,1.0,21.9575,11.7775,1,2026-06-05,Friday,4,5,0,0,1,1.0,7.0,5.0,10.0,2.0,12.377500000000005,2.6052631578947367,0.43
BR001,2026-06-05,16,Account Opening,2,7.0,14.0,1.0,23.01,14.465,0,2026-06-05,Friday,4,5,0,0,1,4.0,1.0,6.0,9.0,3.0,14.7875,2.58974358974359,0.5
BR001,2026-06-06,9,Account Opening,1,1.0,14.0,1.0,21.68,2.43,0,2026-06-06,Saturday,5,6,1,0,0,2.0,2.0,3.0,8.0,2.0,9.5575,2.55,0.07
BR001,2026-06-06,10,Account Opening,3,2.3333333333333335,14.0,1.0,22.146666666666665,5.016666666666667,1,2026-06-06,Saturday,5,6,1,0,0,1.0,2.0,4.0,10.0,2.0,7.303888888888889,2.5609756097560976,0.17
BR001,2026-06-06,11,Account Opening,1,1.0,14.0,1.0,23.24,1.4,0,2026-06-06,Saturday,5,6,1,0,0,3.0,7.0,4.0,7.0,2.0,2.9488888888888893,2.5238095238095237,0.07
BR001,2026-06-06,12,Account Opening,3,3.0,14.0,1.0,19.266666666666666,7.643333333333333,0,2026-06-06,Saturday,5,6,1,0,0,1.0,3.0,4.0,8.0,2.0,4.6866666666666665,2.5348837209302326,0.21
BR001,2026-06-06,14,Account Opening,2,4.5,14.0,1.0,17.134999999999998,7.225,0,2026-06-06,Saturday,5,6,1,0,0,3.0,2.0,5.0,9.0,2.0,5.422777777777777,2.522727272727273,0.32
BR001,2026-06-06,15,Account Opening,2,2.5,14.0,1.0,21.15,4.915,0,2026-06-06,Saturday,5,6,1,0,0,2.0,1.0,4.0,8.0,2.0,6.594444444444444,2.511111111111111,0.18
BR001,2026-06-06,16,Account Opening,1,3.0,14.0,1.0,24.54,5.13,0,2026-06-06,Saturday,5,6,1,0,0,2.0,4.0,3.0,8.0,2.0,5.756666666666667,2.4782608695652173,0.21
BR001,2026-06-08,9,Account Opening,5,4.0,15.0,0.0,19.828,6.134,0,2026-06-08,Monday,0,8,0,0,0,1.0,2.0,6.0,10.0,3.0,5.393000000000001,2.5319148936170213,0.27
BR001,2026-06-08,11,Account Opening,2,4.5,15.0,0.0,19.81,8.155,0,2026-06-08,Monday,0,8,0,0,0,5.0,1.0,7.0,10.0,4.0,6.473,2.5208333333333335,0.3
BR001,2026-06-08,12,Account Opening,1,6.0,15.0,0.0,17.27,11.03,0,2026-06-08,Monday,0,8,0,0,0,2.0,3.0,3.0,9.0,2.0,8.439666666666666,2.489795918367347,0.4
BR001,2026-06-08,13,Account Opening,1,0.0,15.0,0.0,21.2,1.02,1,2026-06-08,Monday,0,8,0,0,0,1.0,1.0,2.0,9.0,1.0,6.734999999999999,2.46,0.0
BR001,2026-06-08,14,Account Opening,3,4.333333333333333,15.0,0.0,19.98,8.516666666666667,0,2026-06-08,Monday,0,8,0,0,0,1.0,3.0,4.0,7.0,2.0,6.855555555555555,2.4705882352941178,0.29
BR001,2026-06-08,15,Account Opening,2,7.0,15.0,0.0,17.875,11.185,0,2026-06-08,Monday,0,8,0,0,0,3.0,2.0,5.0,7.0,2.0,6.907222222222223,2.4615384615384617,0.47
BR001,2026-06-08,16,Account Opening,2,5.5,15.0,0.0,20.73,10.88,0,2026-06-08,Monday,0,8,0,0,0,2.0,2.0,4.0,8.0,2.0,10.193888888888887,2.452830188679245,0.37
BR001,2026-06-09,9,Account Opening,2,0.5,15.0,0.0,17.494999999999997,2.23,1,2026-06-09,Tuesday,1,9,0,0,0,2.0,1.0,4.0,9.0,2.0,8.098333333333333,2.4444444444444446,0.03
BR001,2026-06-09,11,Account Opening,2,6.0,15.0,0.0,17.73,10.495,0,2026-06-09,Tuesday,1,9,0,0,0,2.0,5.0,4.0,8.0,2.0,7.868333333333333,2.4363636363636365,0.4
BR001,2026-06-09,12,Account Opening,3,4.666666666666667,15.0,0.0,19.906666666666663,8.536666666666667,0,2026-06-09,Tuesday,1,9,0,0,0,2.0,2.0,5.0,9.0,2.0,7.087222222222223,2.4464285714285716,0.31
BR001,2026-06-09,14,Account Opening,1,7.0,15.0,0.0,15.53,7.56,0,2026-06-09,Tuesday,1,9,0,0,0,3.0,1.0,4.0,8.0,2.0,8.863888888888889,2.4210526315789473,0.47
BR001,2026-06-09,15,Account Opening,7,2.5714285714285716,15.0,0.0,19.981428571428573,4.332857142857143,2,2026-06-09,Tuesday,1,9,0,0,0,1.0,1.0,8.0,13.0,4.0,6.809841269841269,2.5,0.17
BR001,2026-06-09,16,Account Opening,3,4.0,15.0,0.0,21.71666666666667,8.466666666666667,0,2026-06-09,Tuesday,1,9,0,0,0,7.0,3.0,10.0,14.0,5.0,6.7865079365079355,2.5084745762711864,0.27
BR001,2026-06-10,9,Account Opening,4,4.0,15.0,0.0,20.2825,8.969999999999999,0,2026-06-10,Wednesday,2,10,0,0,0,3.0,2.0,7.0,15.0,4.0,7.256507936507937,2.533333333333333,0.27
BR001,2026-06-10,12,Account Opening,5,3.8,15.0,0.0,20.56,5.736,0,2026-06-10,Wednesday,2,10,0,0,0,4.0,2.0,9.0,19.0,4.0,7.724222222222221,2.5737704918032787,0.25
BR001,2026-06-10,13,Account Opening,1,5.0,15.0,0.0,20.79,9.94,0,2026-06-10,Wednesday,2,10,0,0,0,5.0,2.0,6.0,13.0,3.0,8.215333333333334,2.5483870967741935,0.33
BR001,2026-06-10,14,Account Opening,3,2.6666666666666665,15.0,0.0,19.896666666666665,5.75,1,2026-06-10,Wednesday,2,10,0,0,0,1.0,2.0,4.0,13.0,2.0,7.142,2.5555555555555554,0.18
BR001,2026-06-10,15,Account Opening,1,0.0,15.0,0.0,19.88,0.2,1,2026-06-10,Wednesday,2,10,0,0,0,3.0,3.0,4.0,10.0,2.0,5.296666666666666,2.53125,0.0
BR001,2026-06-10,16,Account Opening,2,2.5,15.0,0.0,22.54,5.385,1,2026-06-10,Wednesday,2,10,0,0,0,1.0,1.0,3.0,7.0,2.0,3.7783333333333338,2.523076923076923,0.17
BR001,2026-06-11,10,Account Opening,2,5.0,15.0,0.0,20.895,9.55,0,2026-06-11,Thursday,3,11,0,0,0,2.0,7.0,4.0,8.0,2.0,5.045000000000001,2.515151515151515,0.33
BR001,2026-06-11,11,Account Opening,4,4.75,15.0,0.0,21.335,8.057500000000001,0,2026-06-11,Thursday,3,11,0,0,0,2.0,3.0,6.0,9.0,3.0,7.6641666666666675,2.537313432835821,0.32
BR001,2026-06-11,14,Account Opening,3,4.666666666666667,15.0,0.0,20.42,8.15,0,2026-06-11,Thursday,3,11,0,0,0,4.0,4.0,7.0,11.0,4.0,8.585833333333333,2.5441176470588234,0.31
BR001,2026-06-11,15,Account Opening,1,2.0,15.0,0.0,21.59,4.47,0,2026-06-11,Thursday,3,11,0,0,0,3.0,5.0,4.0,10.0,2.0,6.892500000000001,2.5217391304347827,0.13
BR001,2026-06-12,10,Account Opening,3,3.3333333333333335,13.0,2.0,21.623333333333335,7.23,1,2026-06-12,Friday,4,12,0,0,0,1.0,1.0,4.0,11.0,2.0,6.616666666666667,2.5285714285714285,0.26
BR001,2026-06-12,11,Account Opening,5,5.4,13.0,2.0,20.75,11.646,1,2026-06-12,Friday,4,12,0,0,0,3.0,3.0,8.0,12.0,4.0,7.782000000000001,2.563380281690141,0.42
BR001,2026-06-12,12,Account Opening,2,5.0,13.0,2.0,21.025,10.24,0,2026-06-12,Friday,4,12,0,0,0,5.0,1.0,7.0,11.0,4.0,9.705333333333334,2.5555555555555554,0.38
BR001,2026-06-12,13,Account Opening,3,3.3333333333333335,13.0,2.0,19.209999999999997,5.0,0,2026-06-12,Friday,4,12,0,0,0,2.0,2.0,5.0,13.0,2.0,8.962000000000002,2.5616438356164384,0.26
BR001,2026-06-12,14,Account Opening,4,3.75,13.0,2.0,23.4125,8.705,1,2026-06-12,Friday,4,12,0,0,0,3.0,2.0,7.0,14.0,4.0,7.981666666666667,2.581081081081081,0.29
BR001,2026-06-12,15,Account Opening,2,5.5,13.0,2.0,19.595,12.405,0,2026-06-12,Friday,4,12,0,0,0,4.0,4.0,6.0,11.0,3.0,8.703333333333335,2.5733333333333333,0.42
BR001,2026-06-12,16,Account Opening,1,6.0,13.0,2.0,15.87,10.92,0,2026-06-12,Friday,4,12,0,0,0,2.0,3.0,3.0,10.0,2.0,10.676666666666668,2.5526315789473686,0.46
BR001,2026-06-13,10,Account Opening,2,2.0,15.0,0.0,20.205,3.3200000000000003,1,2026-06-13,Saturday,5,13,1,0,0,1.0,1.0,3.0,9.0,2.0,8.881666666666668,2.5454545454545454,0.13
BR001,2026-06-13,11,Account Opening,3,1.0,15.0,0.0,20.77,3.283333333333333,2,2026-06-13,Saturday,5,13,1,0,0,2.0,3.0,5.0,8.0,2.0,5.841111111111111,2.551282051282051,0.07
BR001,2026-06-13,12,Account Opening,4,2.0,15.0,0.0,19.875,3.465,1,2026-06-13,Saturday,5,13,1,0,0,3.0,5.0,7.0,10.0,4.0,3.3561111111111117,2.569620253164557,0.13
BR001,2026-06-13,15,Account Opening,1,3.0,15.0,0.0,17.41,4.15,0,2026-06-13,Saturday,5,13,1,0,0,4.0,2.0,5.0,10.0,2.0,3.6327777777777785,2.55,0.2
BR001,2026-06-15,9,Account Opening,1,2.0,15.0,0.0,17.09,3.01,0,2026-06-15,Monday,0,15,0,0,0,1.0,3.0,2.0,9.0,1.0,3.5416666666666674,2.5308641975308643,0.13
BR001,2026-06-15,10,Account Opening,1,8.0,15.0,0.0,16.8,9.87,0,2026-06-15,Monday,0,15,0,0,0,1.0,4.0,2.0,7.0,1.0,5.676666666666667,2.5121951219512195,0.53
BR001,2026-06-15,11,Account Opening,4,5.5,15.0,0.0,21.99,11.635000000000002,0,2026-06-15,Monday,0,15,0,0,0,1.0,2.0,5.0,7.0,2.0,8.171666666666667,2.5301204819277108,0.37
BR001,2026-06-15,12,Account Opening,1,7.0,15.0,0.0,16.15,10.53,0,2026-06-15,Monday,0,15,0,0,0,4.0,1.0,5.0,7.0,2.0,10.678333333333336,2.511904761904762,0.47
BR001,2026-06-15,14,Account Opening,2,2.5,15.0,0.0,17.5,4.994999999999999,1,2026-06-15,Monday,0,15,0,0,0,1.0,2.0,3.0,8.0,2.0,9.053333333333336,2.5058823529411764,0.17
BR001,2026-06-15,15,Account Opening,3,6.333333333333333,15.0,0.0,21.62,12.103333333333332,0,2026-06-15,Monday,0,15,0,0,0,2.0,3.0,5.0,10.0,2.0,9.209444444444443,2.511627906976744,0.42
BR001,2026-06-15,16,Account Opening,2,0.5,15.0,0.0,22.795,0.905,1,2026-06-15,Monday,0,15,0,0,0,3.0,4.0,5.0,8.0,2.0,6.001111111111112,2.5057471264367814,0.03
BR001,2026-06-16,9,Account Opening,3,3.3333333333333335,15.0,0.0,22.143333333333334,8.013333333333334,0,2026-06-16,Tuesday,1,16,0,0,0,2.0,1.0,5.0,10.0,2.0,7.0072222222222225,2.511363636363636,0.22
BR001,2026-06-16,10,Account Opening,3,4.333333333333333,15.0,0.0,19.816666666666663,7.13,0,2026-06-16,Tuesday,1,16,0,0,0,3.0,1.0,6.0,11.0,3.0,5.349444444444445,2.5168539325842696,0.29
BR001,2026-06-16,11,Account Opening,1,5.0,15.0,0.0,15.74,8.27,0,2026-06-16,Tuesday,1,16,0,0,0,3.0,1.0,4.0,9.0,2.0,7.804444444444445,2.5,0.33
BR001,2026-06-16,12,Account Opening,3,3.3333333333333335,15.0,0.0,20.063333333333333,6.3133333333333335,0,2026-06-16,Tuesday,1,16,0,0,0,1.0,4.0,4.0,10.0,2.0,7.237777777777779,2.5054945054945055,0.22
BR001,2026-06-16,13,Account Opening,1,1.0,15.0,0.0,18.61,1.81,0,2026-06-16,Tuesday,1,16,0,0,0,3.0,1.0,4.0,8.0,2.0,5.464444444444446,2.489130434782609,0.07
BR001,2026-06-16,15,Account Opening,4,3.75,15.0,0.0,20.62,6.1125,0,2026-06-16,Tuesday,1,16,0,0,0,1.0,2.0,5.0,9.0,2.0,4.745277777777779,2.5053763440860215,0.25
BR001,2026-06-16,16,Account Opening,2,1.5,15.0,0.0,17.89,1.81,0,2026-06-16,Tuesday,1,16,0,0,0,4.0,3.0,6.0,10.0,3.0,3.244166666666668,2.5,0.1
BR001,2026-06-17,9,Account Opening,3,3.6666666666666665,15.0,0.0,19.97,7.603333333333334,0,2026-06-17,Wednesday,2,17,0,0,0,2.0,2.0,5.0,10.0,2.0,5.175277777777779,2.5052631578947366,0.24
BR001,2026-06-17,11,Account Opening,1,7.0,15.0,0.0,22.54,13.87,0,2026-06-17,Wednesday,2,17,0,0,0,3.0,3.0,4.0,10.0,2.0,7.761111111111113,2.4895833333333335,0.47
BR001,2026-06-17,12,Account Opening,1,4.0,15.0,0.0,20.16,7.22,0,2026-06-17,Wednesday,2,17,0,0,0,1.0,3.0,2.0,7.0,1.0,9.564444444444446,2.474226804123711,0.27
BR001,2026-06-17,14,Account Opening,3,1.0,15.0,0.0,19.586666666666662,1.91,2,2026-06-17,Wednesday,2,17,0,0,0,1.0,1.0,4.0,8.0,2.0,7.666666666666668,2.479591836734694,0.07
BR001,2026-06-17,15,Account Opening,1,5.0,15.0,0.0,24.69,11.56,0,2026-06-17,Wednesday,2,17,0,0,0,3.0,3.0,4.0,6.0,2.0,6.896666666666668,2.4646464646464645,0.33
BR001,2026-06-17,16,Account Opening,1,2.0,15.0,0.0,24.64,2.65,0,2026-06-17,Wednesday,2,17,0,0,0,1.0,1.0,2.0,6.0,1.0,5.373333333333336,2.45,0.13
BR001,2026-06-18,9,Account Opening,2,3.5,14.0,1.0,19.02,6.02,0,2026-06-18,Thursday,3,18,0,0,0,1.0,4.0,3.0,7.0,2.0,6.743333333333336,2.4455445544554455,0.25
BR001,2026-06-18,10,Account Opening,2,5.5,14.0,1.0,20.105,9.52,0,2026-06-18,Thursday,3,18,0,0,0,2.0,2.0,4.0,6.0,2.0,6.063333333333335,2.4411764705882355,0.39
BR001,2026-06-18,11,Account Opening,2,5.5,14.0,1.0,16.77,7.720000000000001,0,2026-06-18,Thursday,3,18,0,0,0,2.0,3.0,4.0,7.0,2.0,7.753333333333335,2.436893203883495,0.39
BR001,2026-06-18,12,Account Opening,3,2.6666666666666665,14.0,1.0,20.453333333333333,5.746666666666667,0,2026-06-18,Thursday,3,18,0,0,0,2.0,1.0,5.0,9.0,2.0,7.662222222222224,2.4423076923076925,0.19
BR001,2026-06-18,13,Account Opening,2,5.5,14.0,1.0,17.53,7.51,0,2026-06-18,Thursday,3,18,0,0,0,3.0,1.0,5.0,9.0,2.0,6.992222222222225,2.4380952380952383,0.39
BR001,2026-06-18,14,Account Opening,2,1.5,14.0,1.0,18.17,3.825,1,2026-06-18,Thursday,3,18,0,0,0,2.0,3.0,4.0,9.0,2.0,5.69388888888889,2.4339622641509435,0.11
BR001,2026-06-18,15,Account Opening,1,4.0,14.0,1.0,19.0,5.36,0,2026-06-18,Thursday,3,18,0,0,0,2.0,1.0,3.0,8.0,2.0,5.565000000000002,2.4205607476635516,0.29
BR001,2026-06-18,16,Account Opening,1,0.0,14.0,1.0,15.34,1.1,1,2026-06-18,Thursday,3,18,0,0,0,1.0,1.0,2.0,6.0,1.0,3.428333333333335,2.407407407407407,0.0
BR001,2026-06-19,10,Account Opening,4,4.75,15.0,0.0,21.355,8.2025,1,2026-06-19,Friday,4,19,0,0,0,1.0,2.0,5.0,8.0,2.0,4.887500000000002,2.4220183486238533,0.32
BR001,2026-06-19,11,Account Opening,2,6.5,15.0,0.0,23.68,14.765,0,2026-06-19,Friday,4,19,0,0,0,4.0,2.0,6.0,8.0,3.0,8.022500000000003,2.418181818181818,0.43
BR001,2026-06-19,12,Account Opening,1,3.0,15.0,0.0,17.49,6.56,0,2026-06-19,Friday,4,19,0,0,0,2.0,2.0,3.0,8.0,2.0,9.842500000000005,2.4054054054054053,0.2
BR001,2026-06-19,13,Account Opening,2,4.5,15.0,0.0,23.575000000000003,7.83,0,2026-06-19,Friday,4,19,0,0,0,1.0,3.0,3.0,9.0,2.0,9.718333333333335,2.4017857142857144,0.3
BR001,2026-06-19,14,Account Opening,2,6.5,15.0,0.0,18.235,10.31,0,2026-06-19,Friday,4,19,0,0,0,2.0,2.0,4.0,7.0,2.0,8.233333333333334,2.398230088495575,0.43
BR001,2026-06-19,15,Account Opening,1,4.0,15.0,0.0,21.65,8.49,0,2026-06-19,Friday,4,19,0,0,0,2.0,2.0,3.0,6.0,2.0,8.876666666666669,2.3859649122807016,0.27
BR001,2026-06-19,16,Account Opening,1,2.0,15.0,0.0,15.53,2.27,0,2026-06-19,Friday,4,19,0,0,0,1.0,1.0,2.0,6.0,1.0,7.023333333333334,2.373913043478261,0.13
BR001,2026-06-20,9,Account Opening,2,2.5,14.0,1.0,21.365,3.69,0,2026-06-20,Saturday,5,20,1,0,0,1.0,1.0,3.0,6.0,2.0,4.816666666666669,2.3706896551724137,0.18
BR001,2026-06-20,10,Account Opening,3,4.0,14.0,1.0,18.05333333333333,6.616666666666667,0,2026-06-20,Saturday,5,20,1,0,0,2.0,4.0,5.0,7.0,2.0,4.192222222222224,2.376068376068376,0.29
BR001,2026-06-20,12,Account Opening,1,3.0,14.0,1.0,22.14,5.64,0,2026-06-20,Saturday,5,20,1,0,0,3.0,2.0,4.0,7.0,2.0,5.315555555555558,2.364406779661017,0.21
BR001,2026-06-20,13,Account Opening,4,1.25,14.0,1.0,21.3675,3.1075,1,2026-06-20,Saturday,5,20,1,0,0,1.0,1.0,5.0,10.0,2.0,5.12138888888889,2.3781512605042017,0.09
BR001,2026-06-20,15,Account Opening,1,4.0,14.0,1.0,15.41,8.36,0,2026-06-20,Saturday,5,20,1,0,0,4.0,2.0,5.0,9.0,2.0,5.7025000000000015,2.3666666666666667,0.29
BR001,2026-06-22,9,Account Opening,4,2.75,15.0,0.0,22.705,5.9175,1,2026-06-22,Monday,0,22,0,0,0,1.0,2.0,5.0,10.0,2.0,5.795000000000002,2.3801652892561984,0.18
BR001,2026-06-22,10,Account Opening,2,7.5,15.0,0.0,21.43,14.84,0,2026-06-22,Monday,0,22,0,0,0,4.0,1.0,6.0,11.0,3.0,9.705833333333336,2.377049180327869,0.5
BR001,2026-06-22,11,Account Opening,2,4.0,15.0,0.0,21.75,9.035,0,2026-06-22,Monday,0,22,0,0,0,2.0,1.0,4.0,9.0,2.0,9.930833333333334,2.3739837398373984,0.27
BR001,2026-06-22,12,Account Opening,2,3.5,15.0,0.0,18.095,7.045,0,2026-06-22,Monday,0,22,0,0,0,2.0,2.0,4.0,10.0,2.0,10.306666666666668,2.370967741935484,0.23
BR001,2026-06-22,13,Account Opening,1,0.0,15.0,0.0,20.23,0.2,1,2026-06-22,Monday,0,22,0,0,0,2.0,3.0,3.0,7.0,2.0,5.4266666666666685,2.36,0.0
BR001,2026-06-22,14,Account Opening,1,0.0,15.0,0.0,24.42,1.17,1,2026-06-22,Monday,0,22,0,0,0,1.0,1.0,2.0,6.0,1.0,2.8050000000000015,2.3492063492063493,0.0
BR001,2026-06-22,16,Account Opening,1,3.0,15.0,0.0,22.34,4.57,0,2026-06-22,Monday,0,22,0,0,0,1.0,4.0,2.0,5.0,1.0,1.980000000000002,2.338582677165354,0.2
BR001,2026-06-23,9,Account Opening,1,5.0,15.0,0.0,15.72,6.54,0,2026-06-23,Tuesday,1,23,0,0,0,1.0,1.0,2.0,4.0,1.0,4.093333333333335,2.328125,0.33
BR001,2026-06-23,10,Account Opening,3,2.3333333333333335,15.0,0.0,16.453333333333333,3.3633333333333333,1,2026-06-23,Tuesday,1,23,0,0,0,1.0,4.0,4.0,6.0,2.0,4.824444444444446,2.3333333333333335,0.16
BR001,2026-06-23,11,Account Opening,3,4.333333333333333,15.0,0.0,21.583333333333332,8.716666666666667,0,2026-06-23,Tuesday,1,23,0,0,0,3.0,2.0,6.0,8.0,3.0,6.206666666666668,2.3384615384615386,0.29
BR001,2026-06-23,12,Account Opening,1,5.0,15.0,0.0,17.42,8.16,0,2026-06-23,Tuesday,1,23,0,0,0,3.0,2.0,4.0,8.0,2.0,6.746666666666669,2.3282442748091605,0.33
BR001,2026-06-23,14,Account Opening,2,4.5,15.0,0.0,21.28,10.045,0,2026-06-23,Tuesday,1,23,0,0,0,1.0,2.0,3.0,9.0,2.0,8.973888888888892,2.3257575757575757,0.3
BR001,2026-06-23,15,Account Opening,3,3.6666666666666665,15.0,0.0,19.09,5.38,0,2026-06-23,Tuesday,1,23,0,0,0,2.0,1.0,5.0,9.0,2.0,7.861666666666668,2.330827067669173,0.24
BR001,2026-06-23,16,Account Opening,1,5.0,15.0,0.0,19.78,10.68,0,2026-06-23,Tuesday,1,23,0,0,0,3.0,1.0,4.0,7.0,2.0,8.701666666666668,2.3208955223880596,0.33
BR001,2026-06-24,9,Account Opening,2,2.5,15.0,0.0,21.75,5.68,1,2026-06-24,Wednesday,2,24,0,0,0,1.0,1.0,3.0,8.0,2.0,7.246666666666667,2.3185185185185184,0.17
BR001,2026-06-24,10,Account Opening,1,5.0,15.0,0.0,21.29,11.02,0,2026-06-24,Wednesday,2,24,0,0,0,2.0,1.0,3.0,7.0,2.0,9.126666666666669,2.3088235294117645,0.33
BR001,2026-06-24,11,Account Opening,4,2.75,15.0,0.0,19.6375,4.42,1,2026-06-24,Wednesday,2,24,0,0,0,1.0,3.0,5.0,8.0,2.0,7.040000000000002,2.321167883211679,0.18
BR001,2026-06-24,13,Account Opening,2,3.5,15.0,0.0,18.815,3.535,0,2026-06-24,Wednesday,2,24,0,0,0,4.0,3.0,6.0,9.0,3.0,6.325,2.318840579710145,0.23
BR001,2026-06-24,14,Account Opening,2,2.5,15.0,0.0,16.57,2.805,1,2026-06-24,Wednesday,2,24,0,0,0,2.0,1.0,4.0,9.0,2.0,3.586666666666668,2.316546762589928,0.17
BR001,2026-06-24,15,Account Opening,2,2.5,15.0,0.0,18.595,4.53,0,2026-06-24,Wednesday,2,24,0,0,0,2.0,2.0,4.0,10.0,2.0,3.623333333333335,2.3142857142857145,0.17
BR001,2026-06-25,9,Account Opening,2,1.0,15.0,0.0,21.1,2.54,0,2026-06-25,Thursday,3,25,0,0,0,2.0,3.0,4.0,8.0,2.0,3.291666666666668,2.3120567375886525,0.07
BR001,2026-06-25,10,Account Opening,1,0.0,15.0,0.0,24.94,0.42,1,2026-06-25,Thursday,3,25,0,0,0,2.0,1.0,3.0,7.0,2.0,2.4966666666666684,2.3028169014084505,0.0
BR001,2026-06-25,11,Account Opening,3,6.0,15.0,0.0,21.143333333333334,12.606666666666667,0,2026-06-25,Thursday,3,25,0,0,0,1.0,2.0,4.0,8.0,2.0,5.18888888888889,2.3076923076923075,0.4
BR001,2026-06-25,13,Account Opening,1,2.0,15.0,0.0,16.9,4.58,0,2026-06-25,Thursday,3,25,0,0,0,3.0,1.0,4.0,7.0,2.0,5.868888888888891,2.298611111111111,0.13
BR001,2026-06-25,14,Account Opening,3,4.0,15.0,0.0,20.30333333333333,7.686666666666667,0,2026-06-25,Thursday,3,25,0,0,0,1.0,4.0,4.0,8.0,2.0,8.291111111111112,2.303448275862069,0.27
BR001,2026-06-25,15,Account Opening,2,3.5,15.0,0.0,17.619999999999997,4.24,0,2026-06-25,Thursday,3,25,0,0,0,3.0,2.0,5.0,9.0,2.0,5.5022222222222235,2.3013698630136985,0.23
BR001,2026-06-25,16,Account Opening,2,3.0,15.0,0.0,17.32,4.475,0,2026-06-25,Thursday,3,25,0,0,0,2.0,2.0,4.0,8.0,2.0,5.467222222222223,2.2993197278911564,0.2
BR001,2026-06-26,9,Account Opening,1,4.0,15.0,0.0,24.52,11.08,0,2026-06-26,Friday,4,26,0,0,0,2.0,2.0,3.0,8.0,2.0,6.598333333333334,2.2905405405405403,0.27
BR001,2026-06-26,10,Account Opening,3,5.0,15.0,0.0,17.593333333333334,6.163333333333333,1,2026-06-26,Friday,4,26,0,0,0,1.0,2.0,4.0,8.0,2.0,7.239444444444445,2.295302013422819,0.33
BR001,2026-06-26,11,Account Opening,1,9.0,15.0,0.0,18.55,11.95,0,2026-06-26,Friday,4,26,0,0,0,3.0,1.0,4.0,7.0,2.0,9.731111111111112,2.286666666666666,0.6
BR001,2026-06-26,12,Account Opening,5,4.4,15.0,0.0,20.434,8.35,0,2026-06-26,Friday,4,26,0,0,0,1.0,3.0,6.0,10.0,3.0,8.821111111111113,2.304635761589404,0.29
BR001,2026-06-26,14,Account Opening,3,3.0,15.0,0.0,19.33,4.5200000000000005,1,2026-06-26,Friday,4,26,0,0,0,5.0,1.0,8.0,12.0,4.0,8.273333333333335,2.3092105263157894,0.2
BR001,2026-06-26,15,Account Opening,2,4.5,15.0,0.0,19.880000000000003,7.965,0,2026-06-26,Friday,4,26,0,0,0,3.0,3.0,5.0,11.0,2.0,6.945000000000001,2.30718954248366,0.3
BR001,2026-06-26,16,Account Opening,2,5.0,15.0,0.0,22.085,9.08,0,2026-06-26,Friday,4,26,0,0,0,2.0,2.0,4.0,12.0,2.0,7.188333333333335,2.3051948051948052,0.33
BR001,2026-06-27,9,Account Opening,3,2.3333333333333335,15.0,0.0,16.956666666666667,4.586666666666667,1,2026-06-27,Saturday,5,27,1,0,0,2.0,2.0,5.0,10.0,2.0,7.210555555555557,2.3096774193548386,0.16
BR001,2026-06-27,10,Account Opening,3,2.3333333333333335,15.0,0.0,19.94666666666667,5.053333333333334,1,2026-06-27,Saturday,5,27,1,0,0,3.0,1.0,6.0,10.0,3.0,6.240000000000002,2.3141025641025643,0.16
BR001,2026-06-27,13,Account Opening,3,2.6666666666666665,15.0,0.0,21.863333333333333,6.776666666666666,1,2026-06-27,Saturday,5,27,1,0,0,3.0,3.0,6.0,11.0,3.0,5.472222222222222,2.3184713375796178,0.18
BR001,2026-06-29,9,Account Opening,2,4.5,13.0,2.0,18.515,8.96,0,2026-06-29,Monday,0,29,0,1,0,3.0,1.0,5.0,11.0,2.0,6.930000000000001,2.3164556962025316,0.35
BR001,2026-06-29,10,Account Opening,1,8.0,13.0,2.0,23.44,20.25,0,2026-06-29,Monday,0,29,0,1,0,2.0,5.0,3.0,9.0,2.0,11.995555555555557,2.308176100628931,0.62
BR001,2026-06-29,11,Account Opening,4,9.25,13.0,2.0,19.9375,17.82,0,2026-06-29,Monday,0,29,0,1,0,1.0,3.0,5.0,10.0,2.0,15.676666666666668,2.31875,0.71
BR001,2026-06-29,12,Account Opening,1,1.0,13.0,2.0,21.29,1.49,1,2026-06-29,Monday,0,29,0,1,0,4.0,2.0,5.0,8.0,2.0,13.186666666666667,2.31055900621118,0.08
BR001,2026-06-29,13,Account Opening,3,4.0,13.0,2.0,19.44,8.676666666666668,0,2026-06-29,Monday,0,29,0,1,0,1.0,2.0,4.0,9.0,2.0,9.328888888888889,2.314814814814815,0.31
BR001,2026-06-29,14,Account Opening,4,6.25,13.0,2.0,22.0075,11.2825,2,2026-06-29,Monday,0,29,0,1,0,3.0,3.0,7.0,12.0,4.0,7.149722222222223,2.3251533742331287,0.48
BR001,2026-06-29,15,Account Opening,4,8.5,13.0,2.0,21.6575,17.8575,0,2026-06-29,Monday,0,29,0,1,0,4.0,3.0,8.0,12.0,4.0,12.60555555555556,2.3353658536585367,0.65
BR001,2026-06-29,16,Account Opening,1,3.0,13.0,2.0,23.22,7.57,0,2026-06-29,Monday,0,29,0,1,0,4.0,3.0,5.0,12.0,2.0,12.23666666666667,2.327272727272727,0.23
BR001,2026-06-30,9,Account Opening,1,0.0,15.0,0.0,17.4,0.33,1,2026-06-30,Tuesday,1,30,0,1,0,1.0,2.0,2.0,10.0,1.0,8.585833333333335,2.319277108433735,0.0
BR001,2026-06-30,10,Account Opening,5,5.4,15.0,0.0,21.53,10.232,1,2026-06-30,Tuesday,1,30,0,1,0,1.0,1.0,6.0,11.0,3.0,6.044000000000001,2.3353293413173652,0.36
BR001,2026-06-30,11,Account Opening,3,8.0,15.0,0.0,21.81,16.036666666666665,0,2026-06-30,Tuesday,1,30,0,1,0,5.0,4.0,8.0,10.0,4.0,8.866222222222223,2.3392857142857144,0.53
BR001,2026-06-30,12,Account Opening,2,3.0,15.0,0.0,19.15,3.84,1,2026-06-30,Tuesday,1,30,0,1,0,3.0,1.0,5.0,11.0,2.0,10.036222222222223,2.337278106508876,0.2
BR001,2026-06-30,13,Account Opening,1,4.0,15.0,0.0,19.95,8.36,0,2026-06-30,Tuesday,1,30,0,1,0,2.0,3.0,3.0,11.0,2.0,9.412222222222224,2.3294117647058825,0.27
BR001,2026-06-30,14,Account Opening,2,7.0,15.0,0.0,17.48,10.375,0,2026-06-30,Tuesday,1,30,0,1,0,1.0,4.0,3.0,8.0,2.0,7.525000000000001,2.327485380116959,0.47
BR001,2026-06-30,15,Account Opening,3,1.3333333333333333,15.0,0.0,18.64,2.813333333333333,2,2026-06-30,Tuesday,1,30,0,1,0,2.0,4.0,5.0,8.0,2.0,7.182777777777779,2.3313953488372094,0.09
BR001,2026-06-30,16,Account Opening,1,4.0,15.0,0.0,16.9,6.26,0,2026-06-30,Tuesday,1,30,0,1,0,3.0,1.0,4.0,7.0,2.0,6.4827777777777795,2.3236994219653178,0.27
BR001,2026-07-01,10,Account Opening,2,6.0,15.0,0.0,20.880000000000003,10.275,0,2026-07-01,Wednesday,2,1,0,0,1,1.0,1.0,3.0,8.0,2.0,6.449444444444445,2.32183908045977,0.4
BR001,2026-07-01,11,Account Opening,2,3.5,15.0,0.0,22.215,7.275,0,2026-07-01,Wednesday,2,1,0,0,1,2.0,5.0,4.0,8.0,2.0,7.936666666666667,2.32,0.23
BR001,2026-07-01,12,Account Opening,1,3.0,15.0,0.0,15.7,2.58,0,2026-07-01,Wednesday,2,1,0,0,1,2.0,3.0,3.0,6.0,2.0,6.710000000000002,2.3125,0.2
BR001,2026-07-01,13,Account Opening,2,4.5,15.0,0.0,16.67,5.42,0,2026-07-01,Wednesday,2,1,0,0,1,1.0,2.0,3.0,7.0,2.0,5.091666666666668,2.310734463276836,0.3
BR001,2026-07-01,14,Account Opening,2,7.5,15.0,0.0,19.494999999999997,10.675,0,2026-07-01,Wednesday,2,1,0,0,1,2.0,1.0,4.0,7.0,2.0,6.225000000000001,2.308988764044944,0.5
BR001,2026-07-01,15,Account Opening,4,3.75,15.0,0.0,20.96,8.0,1,2026-07-01,Wednesday,2,1,0,0,1,2.0,2.0,6.0,9.0,3.0,8.031666666666668,2.3184357541899443,0.25
BR001,2026-07-01,16,Account Opening,3,3.3333333333333335,15.0,0.0,20.816666666666663,7.203333333333333,1,2026-07-01,Wednesday,2,1,0,0,1,4.0,3.0,7.0,11.0,4.0,8.626111111111113,2.3222222222222224,0.22
BR001,2026-07-02,9,Account Opening,2,5.0,14.0,1.0,22.17,10.22,0,2026-07-02,Thursday,3,2,0,0,1,3.0,1.0,5.0,11.0,2.0,8.474444444444446,2.320441988950276,0.36
BR001,2026-07-02,11,Account Opening,4,3.75,14.0,1.0,20.1875,7.59,0,2026-07-02,Thursday,3,2,0,0,1,2.0,2.0,6.0,13.0,3.0,8.337777777777779,2.32967032967033,0.27
BR001,2026-07-02,12,Account Opening,1,4.0,14.0,1.0,15.78,3.67,0,2026-07-02,Thursday,3,2,0,0,1,4.0,2.0,5.0,10.0,2.0,7.160000000000001,2.3224043715846996,0.29
BR001,2026-07-02,13,Account Opening,1,2.0,14.0,1.0,24.29,4.08,0,2026-07-02,Thursday,3,2,0,0,1,1.0,1.0,2.0,8.0,1.0,5.113333333333334,2.3152173913043477,0.14
BR001,2026-07-02,14,Account Opening,4,5.0,14.0,1.0,16.700000000000003,8.2425,0,2026-07-02,Thursday,3,2,0,0,1,1.0,2.0,5.0,10.0,2.0,5.330833333333334,2.324324324324324,0.36
BR001,2026-07-02,15,Account Opening,1,8.0,14.0,1.0,24.58,15.91,0,2026-07-02,Thursday,3,2,0,0,1,4.0,2.0,5.0,7.0,2.0,9.410833333333334,2.317204301075269,0.57
BR001,2026-07-03,9,Account Opening,1,2.0,15.0,0.0,16.36,3.96,0,2026-07-03,Friday,4,3,0,0,1,1.0,4.0,2.0,7.0,1.0,9.370833333333335,2.3101604278074865,0.13
BR001,2026-07-03,10,Account Opening,7,4.857142857142857,15.0,0.0,19.997142857142855,7.582857142857143,2,2026-07-03,Friday,4,3,0,0,1,1.0,3.0,8.0,13.0,4.0,9.150952380952385,2.3351063829787235,0.32
BR001,2026-07-03,11,Account Opening,4,4.0,15.0,0.0,20.54,5.1575,2,2026-07-03,Friday,4,3,0,0,1,7.0,2.0,11.0,13.0,6.0,5.566785714285715,2.3439153439153437,0.27
BR001,2026-07-03,12,Account Opening,4,6.0,15.0,0.0,22.3125,12.06,0,2026-07-03,Friday,4,3,0,0,1,4.0,4.0,8.0,16.0,4.0,8.266785714285716,2.3526315789473684,0.4
BR001,2026-07-03,13,Account Opening,1,3.0,15.0,0.0,24.67,4.91,0,2026-07-03,Friday,4,3,0,0,1,4.0,1.0,5.0,16.0,2.0,7.375833333333333,2.345549738219895,0.2
BR001,2026-07-03,14,Account Opening,3,5.666666666666667,15.0,0.0,18.793333333333333,8.41,0,2026-07-03,Friday,4,3,0,0,1,1.0,1.0,4.0,12.0,2.0,8.46,2.3489583333333335,0.38
BR001,2026-07-03,15,Account Opening,2,5.5,15.0,0.0,22.465,11.02,0,2026-07-03,Friday,4,3,0,0,1,3.0,4.0,5.0,10.0,2.0,8.113333333333335,2.3471502590673574,0.37
BR001,2026-07-03,16,Account Opening,3,3.3333333333333335,15.0,0.0,20.48,5.6499999999999995,1,2026-07-03,Friday,4,3,0,0,1,2.0,1.0,5.0,9.0,2.0,8.360000000000001,2.350515463917526,0.22
BR001,2026-07-04,10,Account Opening,1,5.0,14.0,1.0,22.66,10.59,0,2026-07-04,Saturday,5,4,1,0,1,3.0,1.0,4.0,9.0,2.0,9.086666666666668,2.3435897435897437,0.36
BR001,2026-07-04,11,Account Opening,2,3.0,14.0,1.0,19.590000000000003,5.2299999999999995,1,2026-07-04,Saturday,5,4,1,0,1,1.0,7.0,3.0,8.0,2.0,7.156666666666667,2.3418367346938775,0.21
BR001,2026-07-04,14,Account Opening,2,1.5,14.0,1.0,19.7,2.095,1,2026-07-04,Saturday,5,4,1,0,1,2.0,4.0,4.0,8.0,2.0,5.971666666666668,2.3401015228426396,0.11
BR001,2026-07-04,15,Account Opening,3,5.0,14.0,1.0,20.933333333333337,11.906666666666666,0,2026-07-04,Saturday,5,4,1,0,1,2.0,4.0,5.0,8.0,2.0,6.410555555555557,2.343434343434343,0.36
BR001,2026-07-04,16,Account Opening,5,4.0,14.0,1.0,19.498,8.02,0,2026-07-04,Saturday,5,4,1,0,1,3.0,1.0,8.0,12.0,4.0,7.340555555555556,2.35678391959799,0.29
BR001,2026-07-06,9,Account Opening,2,0.5,13.0,2.0,22.125,0.49,2,2026-07-06,Monday,0,6,0,0,0,5.0,3.0,7.0,12.0,4.0,6.805555555555556,2.355,0.04
BR001,2026-07-06,10,Account Opening,4,5.75,13.0,2.0,20.0575,11.525,0,2026-07-06,Monday,0,6,0,0,0,2.0,2.0,6.0,14.0,3.0,6.678333333333335,2.36318407960199,0.44
BR001,2026-07-06,11,Account Opening,1,9.0,13.0,2.0,15.56,12.11,0,2026-07-06,Monday,0,6,0,0,0,4.0,3.0,5.0,12.0,2.0,8.041666666666668,2.3564356435643563,0.69
BR001,2026-07-06,12,Account Opening,3,6.333333333333333,13.0,2.0,19.276666666666667,11.9,0,2026-07-06,Monday,0,6,0,0,0,1.0,1.0,4.0,10.0,2.0,11.845,2.35960591133005,0.49
BR001,2026-07-06,13,Account Opening,1,4.0,13.0,2.0,24.47,12.24,0,2026-07-06,Monday,0,6,0,0,0,3.0,2.0,4.0,9.0,2.0,12.083333333333334,2.3529411764705883,0.31
BR001,2026-07-06,14,Account Opening,2,3.5,13.0,2.0,21.5,8.6,1,2026-07-06,Monday,0,6,0,0,0,1.0,2.0,3.0,7.0,2.0,10.913333333333334,2.351219512195122,0.27
BR001,2026-07-06,15,Account Opening,2,7.0,13.0,2.0,19.595,14.760000000000002,0,2026-07-06,Monday,0,6,0,0,0,2.0,3.0,4.0,8.0,2.0,11.866666666666667,2.349514563106796,0.54
BR001,2026-07-07,10,Account Opening,3,1.6666666666666667,15.0,0.0,18.66,2.4133333333333336,1,2026-07-07,Tuesday,1,7,0,0,0,2.0,5.0,5.0,8.0,2.0,8.591111111111113,2.3526570048309177,0.11
BR001,2026-07-07,11,Account Opening,2,6.0,15.0,0.0,22.08,11.285,0,2026-07-07,Tuesday,1,7,0,0,0,3.0,2.0,5.0,9.0,2.0,9.486111111111114,2.3509615384615383,0.4
BR001,2026-07-07,12,Account Opening,2,3.5,15.0,0.0,16.08,5.5,0,2026-07-07,Tuesday,1,7,0,0,0,2.0,4.0,4.0,9.0,2.0,6.399444444444446,2.349282296650718,0.23
BR001,2026-07-07,13,Account Opening,1,2.0,15.0,0.0,18.49,1.38,0,2026-07-07,Tuesday,1,7,0,0,0,2.0,1.0,3.0,8.0,2.0,6.055000000000001,2.342857142857143,0.13
BR001,2026-07-07,14,Account Opening,3,4.666666666666667,15.0,0.0,19.91,8.87,0,2026-07-07,Tuesday,1,7,0,0,0,1.0,3.0,4.0,8.0,2.0,5.250000000000001,2.345971563981043,0.31
BR001,2026-07-07,15,Account Opening,2,6.5,15.0,0.0,18.365,11.825,0,2026-07-07,Tuesday,1,7,0,0,0,3.0,1.0,5.0,8.0,2.0,7.358333333333334,2.3443396226415096,0.43
BR001,2026-07-07,16,Account Opening,2,2.0,15.0,0.0,19.375,2.485,0,2026-07-07,Tuesday,1,7,0,0,0,2.0,2.0,4.0,8.0,2.0,7.7266666666666675,2.3427230046948355,0.13
BR001,2026-07-08,9,Account Opening,1,3.0,15.0,0.0,22.9,6.42,0,2026-07-08,Wednesday,2,8,0,0,0,2.0,2.0,3.0,8.0,2.0,6.910000000000001,2.336448598130841,0.2
BR001,2026-07-08,10,Account Opening,1,2.0,15.0,0.0,23.37,1.93,0,2026-07-08,Wednesday,2,8,0,0,0,1.0,3.0,2.0,6.0,1.0,3.611666666666668,2.3302325581395347,0.13
BR001,2026-07-08,11,Account Opening,4,4.0,15.0,0.0,20.8325,7.095000000000001,1,2026-07-08,Wednesday,2,8,0,0,0,1.0,2.0,5.0,8.0,2.0,5.148333333333334,2.337962962962963,0.27
BR001,2026-07-08,12,Account Opening,1,5.0,15.0,0.0,24.79,10.09,0,2026-07-08,Wednesday,2,8,0,0,0,4.0,2.0,5.0,7.0,2.0,6.371666666666667,2.331797235023042,0.33
BR001,2026-07-08,13,Account Opening,1,1.0,15.0,0.0,21.03,2.69,0,2026-07-08,Wednesday,2,8,0,0,0,1.0,1.0,2.0,7.0,1.0,6.625000000000001,2.3256880733944953,0.07
BR001,2026-07-08,14,Account Opening,4,4.0,15.0,0.0,22.48,8.6275,0,2026-07-08,Wednesday,2,8,0,0,0,1.0,3.0,5.0,10.0,2.0,7.135833333333334,2.3333333333333335,0.27
BR001,2026-07-08,15,Account Opening,4,4.25,15.0,0.0,21.5875,7.8825,1,2026-07-08,Wednesday,2,8,0,0,0,4.0,2.0,8.0,10.0,4.0,6.400000000000001,2.340909090909091,0.28
BR001,2026-07-08,16,Account Opening,2,1.5,15.0,0.0,21.595,1.915,1,2026-07-08,Wednesday,2,8,0,0,0,4.0,2.0,6.0,11.0,3.0,6.141666666666667,2.339366515837104,0.1
BR001,2026-07-09,10,Account Opening,3,2.6666666666666665,15.0,0.0,18.703333333333333,4.223333333333334,2,2026-07-09,Thursday,3,9,0,0,0,2.0,1.0,5.0,13.0,2.0,4.6736111111111125,2.3423423423423424,0.18
BR001,2026-07-09,11,Account Opening,2,4.5,15.0,0.0,19.67,6.1899999999999995,0,2026-07-09,Thursday,3,9,0,0,0,3.0,1.0,5.0,11.0,2.0,4.109444444444446,2.3408071748878925,0.3
BR001,2026-07-09,13,Account Opening,1,2.0,15.0,0.0,17.59,4.54,0,2026-07-09,Thursday,3,9,0,0,0,2.0,4.0,3.0,8.0,2.0,4.984444444444446,2.3348214285714284,0.13
BR001,2026-07-09,14,Account Opening,3,5.0,15.0,0.0,16.99,8.94,0,2026-07-09,Thursday,3,9,0,0,0,1.0,1.0,4.0,9.0,2.0,6.5566666666666675,2.3377777777777777,0.33
BR001,2026-07-09,15,Account Opening,3,5.0,15.0,0.0,20.043333333333333,8.523333333333333,0,2026-07-09,Thursday,3,9,0,0,0,3.0,1.0,6.0,9.0,3.0,7.334444444444446,2.34070796460177,0.33
BR001,2026-07-09,16,Account Opening,1,3.0,15.0,0.0,18.14,5.03,0,2026-07-09,Thursday,3,9,0,0,0,3.0,4.0,4.0,8.0,2.0,7.49777777777778,2.3348017621145374,0.2
BR001,2026-07-10,9,Account Opening,3,4.333333333333333,15.0,0.0,20.386666666666667,5.923333333333333,0,2026-07-10,Friday,4,10,0,0,0,1.0,4.0,4.0,10.0,2.0,6.492222222222224,2.337719298245614,0.29
BR001,2026-07-10,10,Account Opening,1,1.0,15.0,0.0,23.32,1.1,1,2026-07-10,Friday,4,10,0,0,0,3.0,2.0,4.0,8.0,2.0,4.017777777777779,2.331877729257642,0.07
BR001,2026-07-10,11,Account Opening,3,7.666666666666667,15.0,0.0,18.94,12.06,0,2026-07-10,Friday,4,10,0,0,0,1.0,3.0,4.0,8.0,2.0,6.361111111111112,2.334782608695652,0.51
BR001,2026-07-10,12,Account Opening,2,2.5,15.0,0.0,22.485,4.949999999999999,0,2026-07-10,Friday,4,10,0,0,0,3.0,2.0,5.0,9.0,2.0,6.036666666666669,2.3333333333333335,0.17
BR001,2026-07-10,13,Account Opening,1,6.0,15.0,0.0,18.92,9.26,0,2026-07-10,Friday,4,10,0,0,0,2.0,1.0,3.0,7.0,2.0,8.756666666666668,2.3275862068965516,0.4
BR001,2026-07-10,14,Account Opening,2,4.0,15.0,0.0,17.075,5.944999999999999,1,2026-07-10,Friday,4,10,0,0,0,1.0,3.0,3.0,8.0,2.0,6.718333333333334,2.3261802575107295,0.27
BR001,2026-07-10,15,Account Opening,4,4.5,15.0,0.0,19.8775,7.945,1,2026-07-10,Friday,4,10,0,0,0,2.0,3.0,6.0,9.0,3.0,7.716666666666668,2.3333333333333335,0.3
BR001,2026-07-10,16,Account Opening,3,2.6666666666666665,15.0,0.0,20.673333333333332,5.010000000000001,0,2026-07-10,Friday,4,10,0,0,0,4.0,1.0,7.0,10.0,4.0,6.300000000000002,2.336170212765958,0.18
BR001,2026-07-11,9,Account Opening,2,2.5,15.0,0.0,19.865,6.545,1,2026-07-11,Saturday,5,11,1,0,0,3.0,3.0,5.0,11.0,2.0,6.500000000000001,2.3347457627118646,0.17
BR001,2026-07-11,10,Account Opening,3,2.3333333333333335,15.0,0.0,18.356666666666666,3.15,1,2026-07-11,Saturday,5,11,1,0,0,2.0,1.0,5.0,12.0,2.0,4.901666666666668,2.3375527426160336,0.16
BR001,2026-07-11,12,Account Opening,1,3.0,15.0,0.0,15.47,2.53,0,2026-07-11,Saturday,5,11,1,0,0,3.0,3.0,4.0,9.0,2.0,4.075000000000001,2.331932773109244,0.2
BR001,2026-07-11,14,Account Opening,1,2.0,15.0,0.0,24.77,6.96,0,2026-07-11,Saturday,5,11,1,0,0,1.0,2.0,2.0,7.0,1.0,4.213333333333335,2.3263598326359833,0.13
BR001,2026-07-11,15,Account Opening,1,6.0,15.0,0.0,18.9,12.34,0,2026-07-11,Saturday,5,11,1,0,0,1.0,1.0,2.0,6.0,1.0,7.276666666666668,2.3208333333333333,0.4
BR001,2026-07-13,9,Account Opening,3,3.0,15.0,0.0,18.683333333333337,4.486666666666667,1,2026-07-13,Monday,0,13,0,0,0,1.0,2.0,4.0,6.0,2.0,7.928888888888889,2.323651452282158,0.2
BR001,2026-07-13,10,Account Opening,2,6.0,15.0,0.0,23.475,11.91,0,2026-07-13,Monday,0,13,0,0,0,3.0,4.0,5.0,7.0,2.0,9.57888888888889,2.322314049586777,0.4
BR001,2026-07-13,11,Account Opening,4,3.0,15.0,0.0,19.425,3.6625,2,2026-07-13,Monday,0,13,0,0,0,2.0,3.0,6.0,10.0,3.0,6.686388888888891,2.3292181069958846,0.2
BR001,2026-07-13,12,Account Opening,2,2.5,15.0,0.0,22.2,5.069999999999999,1,2026-07-13,Monday,0,13,0,0,0,4.0,2.0,6.0,11.0,3.0,6.880833333333335,2.3278688524590163,0.17
BR001,2026-07-13,13,Account Opening,1,2.0,15.0,0.0,17.22,4.81,0,2026-07-13,Monday,0,13,0,0,0,2.0,3.0,3.0,9.0,2.0,4.514166666666668,2.3224489795918366,0.13
BR001,2026-07-13,14,Account Opening,7,5.0,15.0,0.0,19.54714285714286,7.877142857142857,2,2026-07-13,Monday,0,13,0,0,0,1.0,1.0,8.0,14.0,4.0,5.91904761904762,2.341463414634146,0.33
BR001,2026-07-13,15,Account Opening,2,5.0,15.0,0.0,18.07,8.37,0,2026-07-13,Monday,0,13,0,0,0,7.0,1.0,9.0,12.0,4.0,7.01904761904762,2.340080971659919,0.33
BR001,2026-07-14,9,Account Opening,1,0.0,14.0,1.0,24.09,0.2,1,2026-07-14,Tuesday,1,14,0,0,0,2.0,1.0,3.0,11.0,2.0,5.482380952380954,2.3346774193548385,0.0
BR001,2026-07-14,10,Account Opening,1,5.0,14.0,1.0,24.16,9.79,0,2026-07-14,Tuesday,1,14,0,0,0,1.0,3.0,2.0,11.0,1.0,6.120000000000001,2.3293172690763053,0.36
BR001,2026-07-14,11,Account Opening,2,5.0,14.0,1.0,21.06,8.005,0,2026-07-14,Tuesday,1,14,0,0,0,1.0,2.0,3.0,6.0,2.0,5.998333333333335,2.328,0.36
BR001,2026-07-14,12,Account Opening,3,2.6666666666666665,14.0,1.0,20.790000000000003,4.95,1,2026-07-14,Tuesday,1,14,0,0,0,2.0,4.0,5.0,7.0,2.0,7.581666666666668,2.3306772908366535,0.19
BR001,2026-07-14,13,Account Opening,2,4.0,14.0,1.0,19.765,5.34,0,2026-07-14,Tuesday,1,14,0,0,0,3.0,2.0,5.0,8.0,2.0,6.098333333333335,2.3293650793650795,0.29
BR001,2026-07-14,14,Account Opening,2,2.5,14.0,1.0,18.075000000000003,4.1850000000000005,0,2026-07-14,Tuesday,1,14,0,0,0,2.0,1.0,4.0,9.0,2.0,4.825000000000002,2.3280632411067192,0.18
BR001,2026-07-14,15,Account Opening,4,3.75,14.0,1.0,19.6975,7.145,0,2026-07-14,Tuesday,1,14,0,0,0,2.0,7.0,6.0,11.0,3.0,5.556666666666668,2.3346456692913384,0.27
BR001,2026-07-14,16,Account Opening,1,4.0,14.0,1.0,22.64,9.85,0,2026-07-14,Tuesday,1,14,0,0,0,4.0,2.0,5.0,9.0,2.0,7.060000000000001,2.3294117647058825,0.29
BR001,2026-07-15,10,Account Opening,2,6.5,15.0,0.0,20.325,11.71,0,2026-07-15,Wednesday,2,15,0,0,0,1.0,1.0,3.0,9.0,2.0,9.568333333333332,2.328125,0.43
BR001,2026-07-15,11,Account Opening,4,6.25,15.0,0.0,17.03,10.165,0,2026-07-15,Wednesday,2,15,0,0,0,2.0,1.0,6.0,11.0,3.0,10.575,2.3346303501945527,0.42
BR001,2026-07-15,12,Account Opening,4,2.75,15.0,0.0,21.0225,6.695,1,2026-07-15,Wednesday,2,15,0,0,0,4.0,2.0,8.0,11.0,4.0,9.523333333333335,2.3410852713178296,0.18
BR001,2026-07-15,13,Account Opening,4,2.75,15.0,0.0,19.55,4.6325,1,2026-07-15,Wednesday,2,15,0,0,0,4.0,3.0,8.0,14.0,4.0,7.164166666666669,2.3474903474903477,0.18
BR001,2026-07-15,14,Account Opening,1,6.0,15.0,0.0,15.27,8.42,0,2026-07-15,Wednesday,2,15,0,0,0,4.0,2.0,5.0,13.0,2.0,6.5825000000000005,2.3423076923076924,0.4
BR001,2026-07-16,9,Account Opening,1,0.0,14.0,1.0,24.06,0.2,1,2026-07-16,Thursday,3,16,0,0,0,1.0,2.0,2.0,10.0,1.0,4.417500000000001,2.3371647509578546,0.0
BR001,2026-07-16,11,Account Opening,2,5.0,14.0,1.0,17.98,7.815,0,2026-07-16,Thursday,3,16,0,0,0,1.0,4.0,3.0,8.0,2.0,5.478333333333334,2.33587786259542,0.36
BR001,2026-07-16,12,Account Opening,1,3.0,14.0,1.0,22.71,4.14,0,2026-07-16,Thursday,3,16,0,0,0,2.0,1.0,3.0,5.0,2.0,4.051666666666668,2.3307984790874525,0.21
BR001,2026-07-16,14,Account Opening,5,5.2,14.0,1.0,19.362,8.958,0,2026-07-16,Thursday,3,16,0,0,0,1.0,2.0,6.0,9.0,3.0,6.971000000000001,2.340909090909091,0.37
BR001,2026-07-16,15,Account Opening,3,3.0,14.0,1.0,18.683333333333337,6.016666666666667,1,2026-07-16,Thursday,3,16,0,0,0,5.0,4.0,8.0,11.0,4.0,6.371555555555556,2.3433962264150945,0.21
BR001,2026-07-16,16,Account Opening,2,1.5,14.0,1.0,20.22,4.365,1,2026-07-16,Thursday,3,16,0,0,0,3.0,4.0,5.0,11.0,2.0,6.446555555555556,2.3421052631578947,0.11
BR001,2026-07-17,9,Account Opening,3,2.3333333333333335,15.0,0.0,21.30666666666667,2.9766666666666666,1,2026-07-17,Friday,4,17,0,0,0,2.0,4.0,5.0,13.0,2.0,4.452777777777779,2.344569288389513,0.16
BR001,2026-07-17,10,Account Opening,6,5.333333333333333,15.0,0.0,21.55333333333333,9.381666666666666,0,2026-07-17,Friday,4,17,0,0,0,3.0,1.0,9.0,14.0,4.0,5.574444444444445,2.3582089552238807,0.36
BR001,2026-07-17,11,Account Opening,3,6.333333333333333,15.0,0.0,20.87,11.753333333333332,0,2026-07-17,Friday,4,17,0,0,0,6.0,1.0,9.0,14.0,4.0,8.037222222222223,2.3605947955390336,0.42
BR001,2026-07-17,12,Account Opening,4,5.25,15.0,0.0,20.6625,10.6625,0,2026-07-17,Friday,4,17,0,0,0,3.0,2.0,7.0,16.0,4.0,10.599166666666669,2.3666666666666667,0.35
BR001,2026-07-17,13,Account Opening,1,5.0,15.0,0.0,22.1,12.07,0,2026-07-17,Friday,4,17,0,0,0,4.0,1.0,5.0,14.0,2.0,11.495277777777778,2.3616236162361623,0.33
BR001,2026-07-17,14,Account Opening,5,5.2,15.0,0.0,19.91,8.358,0,2026-07-17,Friday,4,17,0,0,0,1.0,5.0,6.0,13.0,3.0,10.363500000000002,2.3713235294117645,0.35
BR001,2026-07-17,15,Account Opening,1,4.0,15.0,0.0,17.18,3.83,0,2026-07-17,Friday,4,17,0,0,0,5.0,3.0,6.0,11.0,3.0,8.086,2.3663003663003663,0.27
BR001,2026-07-17,16,Account Opening,1,0.0,15.0,0.0,18.33,1.09,1,2026-07-17,Friday,4,17,0,0,0,1.0,2.0,2.0,8.0,1.0,4.426000000000001,2.3613138686131387,0.0
BR001,2026-07-18,10,Account Opening,2,3.0,15.0,0.0,17.064999999999998,5.785,1,2026-07-18,Saturday,5,18,1,0,0,1.0,3.0,3.0,9.0,2.0,3.5683333333333347,2.36,0.2
BR001,2026-07-18,11,Account Opening,1,1.0,15.0,0.0,20.23,3.86,0,2026-07-18,Saturday,5,18,1,0,0,2.0,6.0,3.0,5.0,2.0,3.5783333333333345,2.3550724637681157,0.07
BR001,2026-07-18,12,Account Opening,1,1.0,15.0,0.0,23.37,2.29,0,2026-07-18,Saturday,5,18,1,0,0,1.0,3.0,2.0,5.0,1.0,3.978333333333335,2.3501805054151625,0.07
BR001,2026-07-18,13,Account Opening,1,3.0,15.0,0.0,15.99,6.62,0,2026-07-18,Saturday,5,18,1,0,0,1.0,4.0,2.0,5.0,1.0,4.256666666666668,2.3453237410071943,0.2
BR001,2026-07-18,15,Account Opening,2,3.5,15.0,0.0,17.635,6.59,0,2026-07-18,Saturday,5,18,1,0,0,1.0,1.0,3.0,5.0,2.0,5.166666666666668,2.3440860215053765,0.23
BR001,2026-07-18,16,Account Opening,1,2.0,15.0,0.0,23.14,1.95,0,2026-07-18,Saturday,5,18,1,0,0,2.0,5.0,3.0,5.0,2.0,5.053333333333334,2.3392857142857144,0.13
BR001,2026-07-20,9,Account Opening,3,3.0,15.0,0.0,19.87,6.06,1,2026-07-20,Monday,0,20,0,0,0,1.0,1.0,4.0,7.0,2.0,4.866666666666668,2.3416370106761564,0.2
BR001,2026-07-20,10,Account Opening,4,4.25,15.0,0.0,19.7275,6.3325,1,2026-07-20,Monday,0,20,0,0,0,3.0,1.0,7.0,10.0,4.0,4.780833333333335,2.347517730496454,0.28
BR001,2026-07-20,11,Account Opening,3,6.0,15.0,0.0,18.05,9.536666666666669,0,2026-07-20,Monday,0,20,0,0,0,4.0,2.0,7.0,11.0,4.0,7.309722222222224,2.34982332155477,0.4
BR001,2026-07-20,12,Account Opening,3,5.333333333333333,15.0,0.0,19.08,10.16,0,2026-07-20,Monday,0,20,0,0,0,3.0,1.0,6.0,13.0,3.0,8.676388888888889,2.352112676056338,0.36
BR001,2026-07-20,13,Account Opening,7,3.857142857142857,15.0,0.0,19.385714285714283,7.535714285714286,1,2026-07-20,Monday,0,20,0,0,0,3.0,1.0,10.0,17.0,5.0,9.07746031746032,2.3684210526315788,0.26
BR001,2026-07-20,15,Account Opening,3,2.3333333333333335,15.0,0.0,20.91,4.27,1,2026-07-20,Monday,0,20,0,0,0,7.0,1.0,10.0,16.0,5.0,7.321904761904762,2.370629370629371,0.16
BR001,2026-07-20,16,Account Opening,1,0.0,15.0,0.0,22.27,0.2,1,2026-07-20,Monday,0,20,0,0,0,3.0,2.0,4.0,14.0,2.0,4.001904761904763,2.3658536585365852,0.0
BR001,2026-07-21,9,Account Opening,2,2.0,15.0,0.0,19.885,2.59,0,2026-07-21,Tuesday,1,21,0,0,0,1.0,1.0,3.0,13.0,2.0,2.3533333333333344,2.3645833333333335,0.13
BR001,2026-07-21,10,Account Opening,1,4.0,15.0,0.0,24.93,9.58,0,2026-07-21,Tuesday,1,21,0,0,0,2.0,3.0,3.0,7.0,2.0,4.123333333333335,2.359861591695502,0.27
BR001,2026-07-21,12,Account Opening,4,2.25,15.0,0.0,20.8125,3.975,1,2026-07-21,Tuesday,1,21,0,0,0,1.0,4.0,5.0,8.0,2.0,5.381666666666668,2.3655172413793104,0.15
BR001,2026-07-21,13,Account Opening,2,1.0,15.0,0.0,23.494999999999997,2.005,1,2026-07-21,Tuesday,1,21,0,0,0,4.0,3.0,6.0,9.0,3.0,5.186666666666668,2.36426116838488,0.07
BR001,2026-07-21,14,Account Opening,1,2.0,15.0,0.0,20.51,2.72,0,2026-07-21,Tuesday,1,21,0,0,0,2.0,3.0,3.0,8.0,2.0,2.900000000000001,2.3595890410958904,0.13
BR001,2026-07-21,15,Account Opening,3,3.6666666666666665,15.0,0.0,22.813333333333333,7.286666666666666,1,2026-07-21,Tuesday,1,21,0,0,0,1.0,7.0,4.0,10.0,2.0,4.0038888888888895,2.361774744027304,0.24
BR001,2026-07-21,16,Account Opening,1,0.0,15.0,0.0,19.96,0.3,1,2026-07-21,Tuesday,1,21,0,0,0,3.0,3.0,4.0,7.0,2.0,3.435555555555556,2.357142857142857,0.0
BR001,2026-07-22,10,Account Opening,1,0.0,15.0,0.0,15.41,0.2,1,2026-07-22,Wednesday,2,22,0,0,0,1.0,1.0,2.0,6.0,1.0,2.595555555555556,2.352542372881356,0.0
BR001,2026-07-22,11,Account Opening,5,2.6,15.0,0.0,21.572,5.054,2,2026-07-22,Wednesday,2,22,0,0,0,1.0,2.0,6.0,10.0,3.0,1.851333333333334,2.3614864864864864,0.17
BR001,2026-07-22,12,Account Opening,1,6.0,15.0,0.0,16.3,7.79,0,2026-07-22,Wednesday,2,22,0,0,0,5.0,1.0,6.0,8.0,3.0,4.348000000000001,2.356902356902357,0.4
BR001,2026-07-22,13,Account Opening,1,0.0,15.0,0.0,21.14,0.2,1,2026-07-22,Wednesday,2,22,0,0,0,1.0,4.0,2.0,8.0,1.0,4.348,2.3523489932885906,0.0
BR001,2026-07-22,14,Account Opening,1,3.0,15.0,0.0,19.55,7.12,0,2026-07-22,Wednesday,2,22,0,0,0,1.0,2.0,2.0,8.0,1.0,5.036666666666668,2.347826086956522,0.2
BR001,2026-07-22,16,Account Opening,1,5.0,15.0,0.0,19.03,6.34,0,2026-07-22,Wednesday,2,22,0,0,0,1.0,1.0,2.0,4.0,1.0,4.553333333333334,2.3433333333333333,0.33
BR001,2026-07-23,9,Account Opening,2,2.5,15.0,0.0,21.075,3.64,0,2026-07-23,Thursday,3,23,0,0,0,1.0,3.0,3.0,5.0,2.0,5.7,2.3421926910299,0.17
BR001,2026-07-23,10,Account Opening,1,0.0,15.0,0.0,15.71,0.2,1,2026-07-23,Thursday,3,23,0,0,0,2.0,1.0,3.0,5.0,2.0,3.393333333333334,2.337748344370861,0.0
BR001,2026-07-23,11,Account Opening,3,4.666666666666667,15.0,0.0,20.643333333333334,9.336666666666666,0,2026-07-23,Thursday,3,23,0,0,0,1.0,1.0,4.0,7.0,2.0,4.392222222222222,2.33993399339934,0.31
BR001,2026-07-23,12,Account Opening,1,5.0,15.0,0.0,21.09,7.2,0,2026-07-23,Thursday,3,23,0,0,0,3.0,5.0,4.0,7.0,2.0,5.57888888888889,2.335526315789474,0.33
BR001,2026-07-23,14,Account Opening,1,5.0,15.0,0.0,20.3,6.63,0,2026-07-23,Thursday,3,23,0,0,0,1.0,1.0,2.0,6.0,1.0,7.722222222222222,2.3311475409836064,0.33
BR001,2026-07-23,16,Account Opening,2,2.0,15.0,0.0,20.630000000000003,2.215,0,2026-07-23,Thursday,3,23,0,0,0,1.0,1.0,3.0,7.0,2.0,5.348333333333334,2.3300653594771243,0.13
BR001,2026-07-24,9,Account Opening,1,2.0,14.0,1.0,23.66,5.62,0,2026-07-24,Friday,4,24,0,0,0,2.0,1.0,3.0,5.0,2.0,4.821666666666668,2.3257328990228014,0.14
BR001,2026-07-24,10,Account Opening,4,3.75,14.0,1.0,20.8325,7.3525,1,2026-07-24,Friday,4,24,0,0,0,1.0,1.0,5.0,8.0,2.0,5.062500000000001,2.331168831168831,0.27
BR001,2026-07-24,11,Account Opening,3,5.666666666666667,14.0,1.0,17.953333333333333,9.683333333333334,0,2026-07-24,Friday,4,24,0,0,0,4.0,2.0,7.0,10.0,4.0,7.551944444444445,2.3333333333333335,0.4
BR001,2026-07-24,12,Account Opening,2,7.0,14.0,1.0,24.605,17.384999999999998,0,2026-07-24,Friday,4,24,0,0,0,3.0,1.0,5.0,10.0,2.0,11.473611111111111,2.332258064516129,0.5
BR001,2026-07-24,13,Account Opening,2,4.5,14.0,1.0,19.86,8.555,0,2026-07-24,Friday,4,24,0,0,0,2.0,3.0,4.0,11.0,2.0,11.874444444444444,2.3311897106109325,0.32
BR001,2026-07-24,14,Account Opening,5,3.8,14.0,1.0,19.32,6.806,2,2026-07-24,Friday,4,24,0,0,0,2.0,1.0,7.0,12.0,4.0,10.915333333333333,2.33974358974359,0.27
BR001,2026-07-24,15,Account Opening,1,4.0,14.0,1.0,23.49,9.31,0,2026-07-24,Friday,4,24,0,0,0,5.0,1.0,6.0,10.0,3.0,8.223666666666666,2.3354632587859423,0.29
BR001,2026-07-24,16,Account Opening,3,2.6666666666666665,14.0,1.0,19.71,5.493333333333333,0,2026-07-24,Friday,4,24,0,0,0,1.0,2.0,4.0,11.0,2.0,7.20311111111111,2.337579617834395,0.19
BR001,2026-07-25,10,Account Opening,1,5.0,14.0,1.0,20.18,8.01,0,2026-07-25,Saturday,5,25,1,0,0,3.0,1.0,4.0,10.0,2.0,7.604444444444444,2.3333333333333335,0.36
BR001,2026-07-25,11,Account Opening,2,4.0,14.0,1.0,19.869999999999997,6.215,0,2026-07-25,Saturday,5,25,1,0,0,1.0,4.0,3.0,7.0,2.0,6.572777777777778,2.3322784810126582,0.29
BR001,2026-07-25,12,Account Opening,5,1.8,14.0,1.0,20.032,3.724,1,2026-07-25,Saturday,5,25,1,0,0,2.0,3.0,7.0,11.0,4.0,5.9830000000000005,2.3406940063091484,0.13
BR001,2026-07-25,14,Account Opening,1,4.0,14.0,1.0,19.41,6.98,0,2026-07-25,Saturday,5,25,1,0,0,5.0,2.0,6.0,9.0,3.0,5.639666666666667,2.3364779874213837,0.29
BR001,2026-07-25,15,Account Opening,1,5.0,14.0,1.0,19.44,8.76,0,2026-07-25,Saturday,5,25,1,0,0,1.0,2.0,2.0,9.0,1.0,6.4879999999999995,2.3322884012539187,0.36
BR001,2026-07-27,9,Account Opening,4,3.75,15.0,0.0,18.185,6.489999999999999,0,2026-07-27,Monday,0,27,0,0,0,1.0,5.0,5.0,11.0,2.0,7.41,2.3375,0.25
BR001,2026-07-27,10,Account Opening,4,6.25,15.0,0.0,20.67,11.97,0,2026-07-27,Monday,0,27,0,0,0,4.0,1.0,8.0,10.0,4.0,9.073333333333332,2.3426791277258565,0.42
BR001,2026-07-27,11,Account Opening,2,6.0,15.0,0.0,21.4,10.9,0,2026-07-27,Monday,0,27,0,0,0,4.0,3.0,6.0,11.0,3.0,9.786666666666669,2.341614906832298,0.4
BR001,2026-07-27,12,Account Opening,2,3.0,15.0,0.0,21.015,5.085,1,2026-07-27,Monday,0,27,0,0,0,2.0,1.0,4.0,12.0,2.0,9.318333333333332,2.3405572755417956,0.2
BR001,2026-07-27,13,Account Opening,1,0.0,15.0,0.0,24.85,0.2,1,2026-07-27,Monday,0,27,0,0,0,2.0,2.0,3.0,9.0,2.0,5.395,2.3364197530864197,0.0
BR001,2026-07-27,14,Account Opening,2,6.0,15.0,0.0,19.935,8.99,0,2026-07-27,Monday,0,27,0,0,0,1.0,5.0,3.0,7.0,2.0,4.758333333333334,2.335384615384615,0.4
BR001,2026-07-27,15,Account Opening,3,4.0,15.0,0.0,21.55,7.793333333333333,0,2026-07-27,Monday,0,27,0,0,0,2.0,1.0,5.0,8.0,2.0,5.661111111111111,2.3374233128834354,0.27
BR001,2026-07-27,16,Account Opening,2,1.5,15.0,0.0,19.994999999999997,3.25,1,2026-07-27,Monday,0,27,0,0,0,3.0,1.0,5.0,8.0,2.0,6.677777777777778,2.336391437308869,0.1
BR001,2026-07-28,9,Account Opening,1,3.0,14.0,1.0,16.15,4.83,0,2026-07-28,Tuesday,1,28,0,1,0,2.0,4.0,3.0,8.0,2.0,5.291111111111111,2.332317073170732,0.21
BR001,2026-07-28,10,Account Opening,3,6.333333333333333,14.0,1.0,19.11,9.243333333333334,1,2026-07-28,Tuesday,1,28,0,1,0,1.0,4.0,4.0,9.0,2.0,5.774444444444445,2.3343465045592704,0.45
BR001,2026-07-28,11,Account Opening,1,7.0,14.0,1.0,18.56,11.36,0,2026-07-28,Tuesday,1,28,0,1,0,3.0,2.0,4.0,7.0,2.0,8.477777777777778,2.33030303030303,0.5
BR001,2026-07-28,12,Account Opening,3,6.0,14.0,1.0,21.65,11.586666666666668,0,2026-07-28,Tuesday,1,28,0,1,0,1.0,2.0,4.0,8.0,2.0,10.73,2.3323262839879155,0.43
BR001,2026-07-28,13,Account Opening,2,1.0,14.0,1.0,19.35,3.195,1,2026-07-28,Tuesday,1,28,0,1,0,3.0,1.0,5.0,9.0,2.0,8.713888888888889,2.3313253012048194,0.07
BR001,2026-07-28,14,Account Opening,2,8.5,14.0,1.0,16.405,14.05,0,2026-07-28,Tuesday,1,28,0,1,0,2.0,2.0,4.0,8.0,2.0,9.610555555555557,2.33033033033033,0.61
BR001,2026-07-28,15,Account Opening,3,4.666666666666667,14.0,1.0,21.423333333333332,10.453333333333331,0,2026-07-28,Tuesday,1,28,0,1,0,2.0,3.0,5.0,10.0,2.0,9.23277777777778,2.332335329341318,0.33
BR001,2026-07-28,16,Account Opening,4,3.5,14.0,1.0,21.485,7.41,0,2026-07-28,Tuesday,1,28,0,1,0,3.0,2.0,7.0,11.0,4.0,10.637777777777778,2.337313432835821,0.25
BR001,2026-07-29,10,Account Opening,3,7.0,15.0,0.0,21.78333333333333,11.763333333333334,0,2026-07-29,Wednesday,2,29,0,1,0,4.0,1.0,7.0,12.0,4.0,9.875555555555556,2.3392857142857144,0.47
BR001,2026-07-29,11,Account Opening,3,5.0,15.0,0.0,20.326666666666668,7.783333333333334,1,2026-07-29,Wednesday,2,29,0,1,0,3.0,3.0,6.0,13.0,3.0,8.985555555555555,2.341246290801187,0.33
BR001,2026-07-29,12,Account Opening,8,3.5,15.0,0.0,18.38375,5.8100000000000005,1,2026-07-29,Wednesday,2,29,0,1,0,3.0,1.0,11.0,18.0,6.0,8.452222222222222,2.3579881656804735,0.23
BR001,2026-07-29,13,Account Opening,2,3.0,15.0,0.0,19.0,5.34,1,2026-07-29,Wednesday,2,29,0,1,0,8.0,3.0,10.0,16.0,5.0,6.311111111111111,2.3569321533923304,0.2
BR001,2026-07-29,14,Account Opening,3,5.0,15.0,0.0,17.076666666666664,8.066666666666666,0,2026-07-29,Wednesday,2,29,0,1,0,2.0,2.0,5.0,16.0,2.0,6.405555555555555,2.3588235294117648,0.33
BR001,2026-07-29,15,Account Opening,2,7.5,15.0,0.0,18.045,11.28,0,2026-07-29,Wednesday,2,29,0,1,0,3.0,2.0,5.0,15.0,2.0,8.22888888888889,2.3577712609970676,0.5
BR001,2026-07-29,16,Account Opening,1,2.0,15.0,0.0,17.36,1.3,0,2026-07-29,Wednesday,2,29,0,1,0,2.0,3.0,3.0,8.0,2.0,6.8822222222222225,2.353801169590643,0.13
BR001,2026-07-30,9,Account Opening,3,2.0,15.0,0.0,20.25,4.476666666666667,1,2026-07-30,Thursday,3,30,0,1,0,1.0,4.0,4.0,9.0,2.0,5.685555555555556,2.3556851311953353,0.13
BR001,2026-07-30,10,Account Opening,5,3.8,15.0,0.0,20.498,7.0920000000000005,2,2026-07-30,Thursday,3,30,0,1,0,3.0,3.0,8.0,11.0,4.0,4.289555555555555,2.363372093023256,0.25
BR001,2026-07-30,11,Account Opening,3,6.0,15.0,0.0,20.33,9.853333333333332,0,2026-07-30,Thursday,3,30,0,1,0,5.0,3.0,8.0,12.0,4.0,7.140666666666667,2.365217391304348,0.4
BR001,2026-07-30,12,Account Opening,2,5.0,15.0,0.0,19.83,7.975,0,2026-07-30,Thursday,3,30,0,1,0,3.0,8.0,5.0,13.0,2.0,8.306777777777777,2.364161849710982,0.33
BR001,2026-07-30,13,Account Opening,3,2.0,15.0,0.0,19.016666666666666,3.6366666666666663,2,2026-07-30,Thursday,3,30,0,1,0,2.0,2.0,5.0,13.0,2.0,7.155,2.365994236311239,0.13
BR001,2026-07-30,14,Account Opening,1,0.0,15.0,0.0,22.8,0.2,1,2026-07-30,Thursday,3,30,0,1,0,3.0,3.0,4.0,9.0,2.0,3.9372222222222217,2.3620689655172415,0.0
BR001,2026-07-30,15,Account Opening,1,6.0,15.0,0.0,20.21,10.7,0,2026-07-30,Thursday,3,30,0,1,0,1.0,2.0,2.0,7.0,1.0,4.845555555555555,2.358166189111748,0.4
BR001,2026-07-30,16,Account Opening,4,4.0,15.0,0.0,19.095,6.8075,1,2026-07-30,Thursday,3,30,0,1,0,1.0,1.0,5.0,9.0,2.0,5.9025,2.362857142857143,0.27
BR001,2026-07-31,9,Account Opening,2,3.0,15.0,0.0,19.47,5.859999999999999,1,2026-07-31,Friday,4,31,0,1,0,4.0,3.0,6.0,8.0,3.0,7.789166666666667,2.3618233618233617,0.2
BR001,2026-07-31,10,Account Opening,8,7.25,15.0,0.0,20.86125,12.18875,0,2026-07-31,Friday,4,31,0,1,0,2.0,5.0,10.0,15.0,5.0,8.285416666666666,2.377840909090909,0.48
BR001,2026-07-31,11,Account Opening,6,6.333333333333333,15.0,0.0,19.405,10.398333333333332,1,2026-07-31,Friday,4,31,0,1,0,8.0,3.0,14.0,20.0,7.0,9.48236111111111,2.3881019830028327,0.42
BR001,2026-07-31,12,Account Opening,1,7.0,15.0,0.0,18.8,12.88,0,2026-07-31,Friday,4,31,0,1,0,6.0,2.0,7.0,17.0,4.0,11.822361111111112,2.384180790960452,0.47
BR001,2026-07-31,13,Account Opening,2,5.0,15.0,0.0,19.505,8.934999999999999,0,2026-07-31,Friday,4,31,0,1,0,1.0,3.0,3.0,17.0,2.0,10.737777777777778,2.3830985915492957,0.33
BR001,2026-07-31,14,Account Opening,3,3.6666666666666665,15.0,0.0,21.55,7.0,1,2026-07-31,Friday,4,31,0,1,0,2.0,1.0,5.0,12.0,2.0,9.605,2.384831460674157,0.24
BR001,2026-07-31,15,Account Opening,3,5.0,15.0,0.0,20.336666666666662,11.02,1,2026-07-31,Friday,4,31,0,1,0,3.0,1.0,6.0,9.0,3.0,8.985,2.3865546218487395,0.33
BR001,2026-07-31,16,Account Opening,2,4.0,15.0,0.0,23.07,7.5,0,2026-07-31,Friday,4,31,0,1,0,3.0,4.0,5.0,10.0,2.0,8.506666666666668,2.3854748603351954,0.27
BR001,2026-08-01,10,Account Opening,3,1.6666666666666667,15.0,0.0,18.753333333333337,2.84,1,2026-08-01,Saturday,5,1,1,0,1,2.0,2.0,5.0,11.0,2.0,7.12,2.3871866295264623,0.11
BR001,2026-08-01,11,Account Opening,5,1.4,15.0,0.0,20.45,3.0520000000000005,3,2026-08-01,Saturday,5,1,1,0,1,3.0,8.0,8.0,13.0,4.0,4.4639999999999995,2.3944444444444444,0.09
BR001,2026-08-01,14,Account Opening,5,2.6,15.0,0.0,20.208,5.65,2,2026-08-01,Saturday,5,1,1,0,1,5.0,6.0,10.0,15.0,5.0,3.8473333333333337,2.401662049861496,0.17
BR001,2026-08-03,10,Account Opening,7,6.285714285714286,15.0,0.0,18.444285714285716,10.425714285714289,1,2026-08-03,Monday,0,3,0,0,1,5.0,1.0,12.0,20.0,6.0,6.375904761904763,2.414364640883978,0.42
BR001,2026-08-03,11,Account Opening,4,4.0,15.0,0.0,22.0575,6.2525,2,2026-08-03,Monday,0,3,0,0,1,7.0,2.0,11.0,21.0,6.0,7.442738095238096,2.418732782369146,0.27
BR001,2026-08-03,12,Account Opening,2,3.5,15.0,0.0,15.8,4.385,1,2026-08-03,Monday,0,3,0,0,1,4.0,3.0,6.0,18.0,3.0,7.021071428571428,2.4175824175824174,0.23
BR001,2026-08-03,14,Account Opening,3,2.3333333333333335,15.0,0.0,19.323333333333338,2.723333333333333,2,2026-08-03,Monday,0,3,0,0,1,2.0,3.0,5.0,16.0,2.0,4.453611111111111,2.419178082191781,0.16
BR001,2026-08-03,15,Account Opening,3,5.0,15.0,0.0,17.576666666666668,7.816666666666666,1,2026-08-03,Monday,0,3,0,0,1,3.0,2.0,6.0,12.0,3.0,4.9750000000000005,2.420765027322404,0.33
BR001,2026-08-03,16,Account Opening,2,0.0,15.0,0.0,19.835,0.2,2,2026-08-03,Monday,0,3,0,0,1,3.0,3.0,5.0,10.0,2.0,3.58,2.4196185286103544,0.0
BR001,2026-08-04,9,Account Opening,2,5.0,14.0,1.0,19.51,9.105,0,2026-08-04,Tuesday,1,4,0,0,1,2.0,5.0,4.0,10.0,2.0,5.7072222222222235,2.4184782608695654,0.36
BR001,2026-08-04,10,Account Opening,7,4.714285714285714,14.0,1.0,17.995714285714286,8.382857142857143,1,2026-08-04,Tuesday,1,4,0,0,1,2.0,5.0,9.0,14.0,4.0,5.895952380952381,2.430894308943089,0.34
BR001,2026-08-04,11,Account Opening,2,2.5,14.0,1.0,22.94,3.24,1,2026-08-04,Tuesday,1,4,0,0,1,7.0,7.0,9.0,13.0,4.0,6.909285714285715,2.4297297297297296,0.18
BR001,2026-08-04,12,Account Opening,3,3.3333333333333335,14.0,1.0,18.506666666666664,4.486666666666666,0,2026-08-04,Tuesday,1,4,0,0,1,2.0,4.0,5.0,14.0,2.0,5.36984126984127,2.431266846361186,0.24
BR001,2026-08-04,14,Account Opening,3,6.666666666666667,14.0,1.0,22.2,13.65,0,2026-08-04,Tuesday,1,4,0,0,1,3.0,2.0,6.0,15.0,3.0,7.1255555555555565,2.432795698924731,0.48
BR001,2026-08-04,15,Account Opening,2,3.5,14.0,1.0,22.655,7.034999999999999,1,2026-08-04,Tuesday,1,4,0,0,1,3.0,3.0,5.0,10.0,2.0,8.390555555555556,2.4316353887399464,0.25
BR001,2026-08-04,16,Account Opening,2,0.0,14.0,1.0,23.89,0.52,2,2026-08-04,Tuesday,1,4,0,0,1,2.0,3.0,4.0,10.0,2.0,7.068333333333334,2.43048128342246,0.0
BR001,2026-08-05,9,Account Opening,2,1.0,15.0,0.0,24.28,2.87,1,2026-08-05,Wednesday,2,5,0,0,1,2.0,2.0,4.0,9.0,2.0,3.475,2.429333333333333,0.07
BR001,2026-08-05,10,Account Opening,4,2.75,15.0,0.0,19.5725,4.81,2,2026-08-05,Wednesday,2,5,0,0,1,2.0,2.0,6.0,10.0,3.0,2.7333333333333343,2.4335106382978724,0.18
BR001,2026-08-05,11,Account Opening,3,5.333333333333333,15.0,0.0,19.776666666666667,9.523333333333332,0,2026-08-05,Wednesday,2,5,0,0,1,4.0,7.0,7.0,11.0,4.0,5.734444444444446,2.43501326259947,0.36
BR001,2026-08-05,12,Account Opening,3,5.0,15.0,0.0,20.256666666666664,9.666666666666666,0,2026-08-05,Wednesday,2,5,0,0,1,3.0,2.0,6.0,12.0,3.0,8.0,2.4365079365079363,0.33
BR001,2026-08-05,13,Account Opening,1,4.0,15.0,0.0,21.12,7.65,0,2026-08-05,Wednesday,2,5,0,0,1,3.0,3.0,4.0,11.0,2.0,8.946666666666667,2.4327176781002637,0.27
BR001,2026-08-05,14,Account Opening,2,6.0,15.0,0.0,17.564999999999998,9.495,0,2026-08-05,Wednesday,2,5,0,0,1,1.0,3.0,3.0,9.0,2.0,8.937222222222223,2.431578947368421,0.4
BR001,2026-08-05,15,Account Opening,1,4.0,15.0,0.0,21.07,6.88,0,2026-08-05,Wednesday,2,5,0,0,1,2.0,2.0,3.0,7.0,2.0,8.008333333333335,2.4278215223097113,0.27
BR001,2026-08-05,16,Account Opening,1,0.0,15.0,0.0,24.59,0.2,1,2026-08-05,Wednesday,2,5,0,0,1,1.0,2.0,2.0,5.0,1.0,5.525000000000001,2.424083769633508,0.0
BR001,2026-08-06,10,Account Opening,5,4.4,15.0,0.0,19.17,6.81,1,2026-08-06,Thursday,3,6,0,0,0,1.0,2.0,6.0,9.0,3.0,4.630000000000002,2.430809399477807,0.29
BR001,2026-08-06,11,Account Opening,4,3.0,15.0,0.0,18.485,4.9624999999999995,2,2026-08-06,Thursday,3,6,0,0,0,5.0,4.0,9.0,11.0,4.0,3.9908333333333346,2.4348958333333335,0.2
BR001,2026-08-06,13,Account Opening,1,5.0,15.0,0.0,20.99,7.49,0,2026-08-06,Thursday,3,6,0,0,0,4.0,3.0,5.0,11.0,2.0,6.420833333333334,2.431168831168831,0.33
BR001,2026-08-06,14,Account Opening,4,2.75,15.0,0.0,18.1525,4.4975,2,2026-08-06,Thursday,3,6,0,0,0,1.0,3.0,5.0,14.0,2.0,5.650000000000001,2.435233160621762,0.18
BR001,2026-08-06,15,Account Opening,1,3.0,15.0,0.0,24.5,7.87,0,2026-08-06,Thursday,3,6,0,0,0,4.0,1.0,5.0,10.0,2.0,6.619166666666668,2.4315245478036176,0.2
BR001,2026-08-07,10,Account Opening,2,1.5,15.0,0.0,21.825,3.205,1,2026-08-07,Friday,4,7,0,0,0,1.0,2.0,3.0,8.0,2.0,5.190833333333334,2.4304123711340204,0.1
BR001,2026-08-07,11,Account Opening,2,5.0,15.0,0.0,22.685,11.175,0,2026-08-07,Friday,4,7,0,0,0,2.0,1.0,4.0,9.0,2.0,7.416666666666668,2.429305912596401,0.33
BR001,2026-08-07,12,Account Opening,2,6.5,15.0,0.0,18.63,9.91,0,2026-08-07,Friday,4,7,0,0,0,2.0,1.0,4.0,7.0,2.0,8.096666666666668,2.428205128205128,0.43
BR001,2026-08-07,14,Account Opening,3,5.666666666666667,15.0,0.0,21.1,10.476666666666668,0,2026-08-07,Friday,4,7,0,0,0,2.0,5.0,5.0,9.0,2.0,10.520555555555555,2.4296675191815855,0.38
BR001,2026-08-07,15,Account Opening,2,6.0,15.0,0.0,20.494999999999997,12.575,0,2026-08-07,Friday,4,7,0,0,0,3.0,4.0,5.0,9.0,2.0,10.987222222222224,2.4285714285714284,0.4
BR001,2026-08-08,9,Account Opening,1,1.0,15.0,0.0,24.22,4.71,0,2026-08-08,Saturday,5,8,1,0,0,2.0,1.0,3.0,8.0,2.0,9.25388888888889,2.4249363867684477,0.07
BR001,2026-08-08,10,Account Opening,3,3.3333333333333335,15.0,0.0,18.996666666666663,4.506666666666667,1,2026-08-08,Saturday,5,8,1,0,0,1.0,4.0,4.0,9.0,2.0,7.26388888888889,2.4263959390862944,0.22
BR001,2026-08-08,11,Account Opening,3,4.666666666666667,15.0,0.0,20.253333333333337,8.59,0,2026-08-08,Saturday,5,8,1,0,0,3.0,1.0,6.0,9.0,3.0,5.935555555555557,2.427848101265823,0.31
BR001,2026-08-08,12,Account Opening,2,2.0,15.0,0.0,19.73,4.055,0,2026-08-08,Saturday,5,8,1,0,0,3.0,2.0,5.0,9.0,2.0,5.717222222222223,2.426767676767677,0.13
BR001,2026-08-08,13,Account Opening,2,0.5,15.0,0.0,17.59,0.5800000000000001,1,2026-08-08,Saturday,5,8,1,0,0,2.0,2.0,4.0,10.0,2.0,4.408333333333334,2.4256926952141056,0.03
BR001,2026-08-08,14,Account Opening,1,5.0,15.0,0.0,18.08,6.71,0,2026-08-08,Saturday,5,8,1,0,0,2.0,2.0,3.0,8.0,2.0,3.781666666666667,2.422110552763819,0.33
BR001,2026-08-08,15,Account Opening,1,6.0,15.0,0.0,16.14,8.75,0,2026-08-08,Saturday,5,8,1,0,0,1.0,3.0,2.0,6.0,1.0,5.346666666666668,2.418546365914787,0.4
BR001,2026-08-08,16,Account Opening,2,3.5,15.0,0.0,18.685,5.529999999999999,0,2026-08-08,Saturday,5,8,1,0,0,1.0,2.0,3.0,6.0,2.0,6.996666666666667,2.4175,0.23
BR001,2026-08-10,10,Account Opening,2,5.0,15.0,0.0,18.165,8.925,0,2026-08-10,Monday,0,10,0,0,0,2.0,1.0,4.0,6.0,2.0,7.735,2.4164588528678306,0.33
BR001,2026-08-10,11,Account Opening,3,2.3333333333333335,15.0,0.0,20.526666666666667,4.710000000000001,2,2026-08-10,Monday,0,10,0,0,0,2.0,3.0,5.0,8.0,2.0,6.3883333333333345,2.417910447761194,0.16
BR001,2026-08-10,12,Account Opening,1,7.0,15.0,0.0,19.86,12.92,0,2026-08-10,Monday,0,10,0,0,0,3.0,3.0,4.0,8.0,2.0,8.851666666666668,2.4143920595533497,0.47
BR001,2026-08-10,14,Account Opening,2,2.0,15.0,0.0,21.795,4.4799999999999995,1,2026-08-10,Monday,0,10,0,0,0,1.0,2.0,3.0,8.0,2.0,7.370000000000001,2.4133663366336635,0.13
BR001,2026-08-10,15,Account Opening,1,6.0,15.0,0.0,19.6,9.06,0,2026-08-10,Monday,0,10,0,0,0,2.0,2.0,3.0,7.0,2.0,8.82,2.4098765432098768,0.4
BR001,2026-08-11,9,Account Opening,3,2.6666666666666665,14.0,1.0,23.1,5.293333333333333,0,2026-08-11,Tuesday,1,11,0,0,0,1.0,1.0,4.0,7.0,2.0,6.277777777777779,2.4113300492610836,0.19
BR001,2026-08-11,10,Account Opening,3,4.333333333333333,14.0,1.0,18.33,7.126666666666668,1,2026-08-11,Tuesday,1,11,0,0,0,3.0,1.0,6.0,9.0,3.0,7.16,2.4127764127764126,0.31
BR001,2026-08-11,11,Account Opening,2,3.5,14.0,1.0,21.98,5.695,0,2026-08-11,Tuesday,1,11,0,0,0,3.0,2.0,5.0,9.0,2.0,6.038333333333334,2.411764705882353,0.25
BR001,2026-08-11,12,Account Opening,2,4.0,14.0,1.0,15.755,5.09,0,2026-08-11,Tuesday,1,11,0,0,0,2.0,2.0,4.0,10.0,2.0,5.970555555555556,2.410757946210269,0.29
BR001,2026-08-11,14,Account Opening,1,3.0,14.0,1.0,24.77,6.99,0,2026-08-11,Tuesday,1,11,0,0,0,2.0,3.0,3.0,8.0,2.0,5.925000000000001,2.4073170731707316,0.21
BR001,2026-08-11,15,Account Opening,4,5.5,14.0,1.0,21.2975,10.9375,0,2026-08-11,Tuesday,1,11,0,0,0,1.0,1.0,5.0,9.0,2.0,7.6725,2.411192214111922,0.39
BR001,2026-08-11,16,Account Opening,2,2.5,14.0,1.0,19.285,6.0,0,2026-08-11,Tuesday,1,11,0,0,0,4.0,2.0,6.0,9.0,3.0,7.975833333333334,2.4101941747572817,0.18
BR001,2026-08-12,9,Account Opening,1,4.0,15.0,0.0,17.19,8.69,0,2026-08-12,Wednesday,2,12,0,0,0,2.0,1.0,3.0,8.0,2.0,8.542500000000002,2.406779661016949,0.27
BR001,2026-08-12,10,Account Opening,1,6.0,15.0,0.0,17.78,9.72,0,2026-08-12,Wednesday,2,12,0,0,0,1.0,3.0,2.0,8.0,1.0,8.136666666666668,2.4033816425120773,0.4
BR001,2026-08-12,11,Account Opening,3,4.333333333333333,15.0,0.0,21.30666666666667,7.993333333333332,0,2026-08-12,Wednesday,2,12,0,0,0,1.0,3.0,4.0,7.0,2.0,8.801111111111112,2.404819277108434,0.29
BR001,2026-08-12,12,Account Opening,4,3.75,15.0,0.0,18.485,6.404999999999999,0,2026-08-12,Wednesday,2,12,0,0,0,3.0,2.0,7.0,9.0,4.0,8.039444444444447,2.4086538461538463,0.25
BR001,2026-08-12,15,Account Opening,3,2.6666666666666665,15.0,0.0,19.926666666666662,4.3999999999999995,1,2026-08-12,Wednesday,2,12,0,0,0,4.0,2.0,7.0,11.0,4.0,6.266111111111112,2.4100719424460433,0.18
BR001,2026-08-12,16,Account Opening,2,2.5,15.0,0.0,19.205,5.225,1,2026-08-12,Wednesday,2,12,0,0,0,3.0,1.0,5.0,12.0,2.0,5.343333333333334,2.409090909090909,0.17
BR001,2026-08-13,9,Account Opening,2,1.0,15.0,0.0,24.29,1.91,1,2026-08-13,Thursday,3,13,0,0,0,2.0,4.0,4.0,11.0,2.0,3.845000000000001,2.408114558472554,0.07
BR001,2026-08-13,10,Account Opening,1,3.0,15.0,0.0,22.5,4.72,0,2026-08-13,Thursday,3,13,0,0,0,2.0,2.0,3.0,8.0,2.0,3.951666666666668,2.4047619047619047,0.2
BR001,2026-08-13,11,Account Opening,3,1.0,15.0,0.0,18.856666666666666,1.586666666666667,2,2026-08-13,Thursday,3,13,0,0,0,1.0,1.0,4.0,8.0,2.0,2.7388888888888903,2.406175771971496,0.07
BR001,2026-08-13,12,Account Opening,3,5.333333333333333,15.0,0.0,20.166666666666668,10.166666666666666,0,2026-08-13,Thursday,3,13,0,0,0,3.0,1.0,6.0,9.0,3.0,5.491111111111112,2.4075829383886256,0.36
BR001,2026-08-13,14,Account Opening,3,3.0,15.0,0.0,20.493333333333336,5.933333333333334,1,2026-08-13,Thursday,3,13,0,0,0,3.0,3.0,6.0,10.0,3.0,5.895555555555557,2.408983451536643,0.2
BR001,2026-08-13,15,Account Opening,1,3.0,15.0,0.0,23.58,5.47,0,2026-08-13,Thursday,3,13,0,0,0,3.0,4.0,4.0,10.0,2.0,7.190000000000001,2.4056603773584904,0.2
BR001,2026-08-13,16,Account Opening,3,2.6666666666666665,15.0,0.0,17.906666666666666,5.073333333333333,0,2026-08-13,Thursday,3,13,0,0,0,1.0,3.0,4.0,10.0,2.0,5.492222222222224,2.407058823529412,0.18
BR001,2026-08-14,9,Account Opening,3,2.6666666666666665,15.0,0.0,17.853333333333335,5.456666666666667,0,2026-08-14,Friday,4,14,0,0,0,3.0,2.0,6.0,10.0,3.0,5.333333333333335,2.408450704225352,0.18
BR001,2026-08-14,10,Account Opening,4,4.5,15.0,0.0,21.34,8.4825,0,2026-08-14,Friday,4,14,0,0,0,3.0,2.0,7.0,11.0,4.0,6.337500000000001,2.4121779859484778,0.3
BR001,2026-08-14,11,Account Opening,3,4.333333333333333,15.0,0.0,18.99,6.62,0,2026-08-14,Friday,4,14,0,0,0,4.0,1.0,7.0,13.0,4.0,6.853055555555557,2.413551401869159,0.29
BR001,2026-08-14,12,Account Opening,3,4.333333333333333,15.0,0.0,17.236666666666668,6.4366666666666665,0,2026-08-14,Friday,4,14,0,0,0,3.0,3.0,6.0,13.0,3.0,7.179722222222224,2.414918414918415,0.29
BR001,2026-08-14,13,Account Opening,1,2.0,15.0,0.0,19.15,5.12,0,2026-08-14,Friday,4,14,0,0,0,3.0,3.0,4.0,11.0,2.0,6.05888888888889,2.411627906976744,0.13
BR001,2026-08-14,14,Account Opening,3,3.6666666666666665,15.0,0.0,18.183333333333337,4.9366666666666665,1,2026-08-14,Friday,4,14,0,0,0,1.0,3.0,4.0,10.0,2.0,5.497777777777778,2.4129930394431556,0.24
BR001,2026-08-14,15,Account Opening,4,4.75,15.0,0.0,18.6725,7.965,0,2026-08-14,Friday,4,14,0,0,0,3.0,1.0,7.0,11.0,4.0,6.0072222222222225,2.4166666666666665,0.32
BR001,2026-08-14,16,Account Opening,1,6.0,15.0,0.0,22.74,9.52,0,2026-08-14,Friday,4,14,0,0,0,4.0,3.0,5.0,9.0,2.0,7.473888888888889,2.4133949191685913,0.4
BR001,2026-08-15,9,Account Opening,2,1.0,13.0,2.0,19.53,1.61,1,2026-08-15,Saturday,5,15,1,0,0,1.0,3.0,3.0,10.0,2.0,6.365000000000001,2.412442396313364,0.08
BR001,2026-08-15,11,Account Opening,2,3.5,13.0,2.0,19.65,8.64,0,2026-08-15,Saturday,5,15,1,0,0,2.0,4.0,4.0,9.0,2.0,6.590000000000001,2.4114942528735632,0.27
BR001,2026-08-15,12,Account Opening,2,2.0,13.0,2.0,20.565,4.0,0,2026-08-15,Saturday,5,15,1,0,0,2.0,3.0,4.0,7.0,2.0,4.750000000000001,2.4105504587155964,0.15
BR001,2026-08-15,13,Account Opening,4,3.25,13.0,2.0,18.745,7.5375,0,2026-08-15,Saturday,5,15,1,0,0,2.0,3.0,6.0,10.0,3.0,6.725833333333334,2.414187643020595,0.25
BR001,2026-08-15,15,Account Opening,3,3.3333333333333335,13.0,2.0,20.646666666666665,6.163333333333333,0,2026-08-15,Saturday,5,15,1,0,0,4.0,1.0,7.0,11.0,4.0,5.900277777777778,2.415525114155251,0.26
BR001,2026-08-15,16,Account Opening,1,0.0,13.0,2.0,18.56,0.2,1,2026-08-15,Saturday,5,15,1,0,0,3.0,3.0,4.0,10.0,2.0,4.6336111111111125,2.4123006833712983,0.0
BR001,2026-08-17,9,Account Opening,2,5.0,13.0,2.0,18.93,9.64,0,2026-08-17,Monday,0,17,0,0,0,1.0,4.0,3.0,10.0,2.0,5.334444444444446,2.411363636363636,0.38
BR001,2026-08-17,10,Account Opening,3,5.333333333333333,13.0,2.0,20.283333333333335,10.956666666666669,0,2026-08-17,Monday,0,17,0,0,0,2.0,1.0,5.0,9.0,2.0,6.932222222222225,2.412698412698413,0.41
BR001,2026-08-17,11,Account Opening,3,6.0,13.0,2.0,21.183333333333337,13.85,0,2026-08-17,Monday,0,17,0,0,0,3.0,2.0,6.0,9.0,3.0,11.482222222222225,2.414027149321267,0.46
BR001,2026-08-17,12,Account Opening,2,4.0,13.0,2.0,23.155,8.77,0,2026-08-17,Monday,0,17,0,0,0,3.0,2.0,5.0,10.0,2.0,11.192222222222222,2.4130925507900676,0.31
BR001,2026-08-17,13,Account Opening,2,2.5,13.0,2.0,22.79,5.84,0,2026-08-17,Monday,0,17,0,0,0,2.0,2.0,4.0,10.0,2.0,9.486666666666666,2.4121621621621623,0.19
BR001,2026-08-17,14,Account Opening,2,6.0,13.0,2.0,22.755000000000003,15.02,0,2026-08-17,Monday,0,17,0,0,0,2.0,4.0,4.0,9.0,2.0,9.876666666666669,2.41123595505618,0.46
BR001,2026-08-17,15,Account Opening,2,3.0,13.0,2.0,18.785,5.65,0,2026-08-17,Monday,0,17,0,0,0,2.0,3.0,4.0,8.0,2.0,8.836666666666668,2.4103139013452917,0.23
BR001,2026-08-17,16,Account Opening,2,3.0,13.0,2.0,23.3,6.529999999999999,0,2026-08-17,Monday,0,17,0,0,0,2.0,1.0,4.0,8.0,2.0,9.066666666666668,2.4093959731543624,0.23
BR001,2026-08-18,9,Account Opening,1,5.0,15.0,0.0,19.67,9.0,0,2026-08-18,Tuesday,1,18,0,0,0,2.0,2.0,3.0,7.0,2.0,7.060000000000001,2.40625,0.33
BR001,2026-08-18,11,Account Opening,1,6.0,15.0,0.0,18.61,9.67,0,2026-08-18,Tuesday,1,18,0,0,0,1.0,3.0,2.0,6.0,1.0,8.4,2.403118040089087,0.4
BR001,2026-08-18,12,Account Opening,4,2.25,15.0,0.0,21.9825,4.41,0,2026-08-18,Tuesday,1,18,0,0,0,1.0,3.0,5.0,8.0,2.0,7.693333333333334,2.4066666666666667,0.15
BR001,2026-08-18,14,Account Opening,2,3.5,15.0,0.0,20.26,7.515,0,2026-08-18,Tuesday,1,18,0,0,0,4.0,2.0,6.0,8.0,3.0,7.198333333333334,2.4057649667405765,0.23
BR001,2026-08-18,15,Account Opening,1,6.0,15.0,0.0,18.46,8.59,0,2026-08-18,Tuesday,1,18,0,0,0,2.0,2.0,3.0,8.0,2.0,6.838333333333334,2.4026548672566372,0.4
BR001,2026-08-18,16,Account Opening,2,2.5,15.0,0.0,20.78,5.765,0,2026-08-18,Tuesday,1,18,0,0,0,1.0,2.0,3.0,9.0,2.0,7.29,2.401766004415011,0.17
BR001,2026-08-19,9,Account Opening,1,1.0,15.0,0.0,22.16,3.27,0,2026-08-19,Wednesday,2,19,0,0,0,2.0,2.0,3.0,6.0,2.0,5.875,2.398678414096916,0.07
BR001,2026-08-19,10,Account Opening,3,3.6666666666666665,15.0,0.0,17.716666666666665,6.283333333333334,1,2026-08-19,Wednesday,2,19,0,0,0,1.0,2.0,4.0,7.0,2.0,5.106111111111112,2.4,0.24
BR001,2026-08-19,11,Account Opening,2,6.0,15.0,0.0,19.755,11.01,0,2026-08-19,Wednesday,2,19,0,0,0,3.0,1.0,5.0,8.0,2.0,6.854444444444444,2.3991228070175437,0.4
BR001,2026-08-19,12,Account Opening,3,2.6666666666666665,15.0,0.0,16.613333333333333,4.883333333333334,1,2026-08-19,Wednesday,2,19,0,0,0,2.0,1.0,5.0,9.0,2.0,7.392222222222223,2.400437636761488,0.18
BR001,2026-08-19,13,Account Opening,1,0.0,15.0,0.0,18.52,0.2,1,2026-08-19,Wednesday,2,19,0,0,0,3.0,4.0,4.0,9.0,2.0,5.364444444444445,2.3973799126637556,0.0
BR001,2026-08-19,16,Account Opening,2,2.5,15.0,0.0,21.03,4.99,0,2026-08-19,Wednesday,2,19,0,0,0,1.0,2.0,3.0,8.0,2.0,3.357777777777778,2.396514161220044,0.17
BR001,2026-08-20,9,Account Opening,2,3.0,15.0,0.0,17.205,4.015000000000001,0,2026-08-20,Thursday,3,20,0,0,0,2.0,1.0,4.0,8.0,2.0,3.068333333333334,2.3956521739130436,0.2
BR001,2026-08-20,10,Account Opening,4,2.5,15.0,0.0,21.9125,5.79,1,2026-08-20,Thursday,3,20,0,0,0,2.0,2.0,6.0,9.0,3.0,4.9316666666666675,2.3991323210412148,0.17
BR001,2026-08-20,11,Account Opening,3,4.0,15.0,0.0,20.59,6.653333333333333,0,2026-08-20,Thursday,3,20,0,0,0,4.0,1.0,7.0,11.0,4.0,5.486111111111112,2.4004329004329006,0.27
BR001,2026-08-20,12,Account Opening,1,2.0,15.0,0.0,24.02,6.36,0,2026-08-20,Thursday,3,20,0,0,0,3.0,3.0,4.0,10.0,2.0,6.267777777777778,2.3974082073434126,0.13
BR001,2026-08-20,13,Account Opening,5,2.6,15.0,0.0,18.45,4.074,0,2026-08-20,Thursday,3,20,0,0,0,1.0,2.0,6.0,13.0,3.0,5.695777777777778,2.4030172413793105,0.17
BR001,2026-08-20,14,Account Opening,2,3.5,15.0,0.0,15.39,3.115,0,2026-08-20,Thursday,3,20,0,0,0,5.0,3.0,7.0,11.0,4.0,4.516333333333335,2.4021505376344088,0.23
BR001,2026-08-20,15,Account Opening,2,4.0,15.0,0.0,19.765,6.9399999999999995,0,2026-08-20,Thursday,3,20,0,0,0,2.0,1.0,4.0,10.0,2.0,4.709666666666667,2.4012875536480687,0.27
BR001,2026-08-20,16,Account Opening,2,3.0,15.0,0.0,22.035,6.875,0,2026-08-20,Thursday,3,20,0,0,0,2.0,2.0,4.0,11.0,2.0,5.6433333333333335,2.400428265524625,0.2
BR001,2026-08-21,9,Account Opening,2,5.5,15.0,0.0,16.28,8.455,0,2026-08-21,Friday,4,21,0,0,0,2.0,2.0,4.0,8.0,2.0,7.423333333333335,2.3995726495726495,0.37
BR001,2026-08-21,10,Account Opening,3,3.3333333333333335,15.0,0.0,22.02,5.846666666666667,1,2026-08-21,Friday,4,21,0,0,0,2.0,4.0,5.0,9.0,2.0,7.05888888888889,2.4008528784648187,0.22
BR001,2026-08-21,11,Account Opening,2,3.5,15.0,0.0,21.43,6.735,1,2026-08-21,Friday,4,21,0,0,0,3.0,3.0,5.0,9.0,2.0,7.012222222222223,2.4,0.23
BR001,2026-08-21,12,Account Opening,4,4.5,15.0,0.0,21.625,8.4525,1,2026-08-21,Friday,4,21,0,0,0,2.0,1.0,6.0,11.0,3.0,7.011388888888891,2.403397027600849,0.3
BR001,2026-08-21,13,Account Opening,2,1.0,15.0,0.0,19.765,1.085,1,2026-08-21,Friday,4,21,0,0,0,4.0,5.0,6.0,11.0,3.0,5.424166666666667,2.402542372881356,0.07
BR001,2026-08-21,14,Account Opening,3,4.0,15.0,0.0,18.58,7.12,1,2026-08-21,Friday,4,21,0,0,0,2.0,2.0,5.0,11.0,2.0,5.552500000000001,2.403805496828753,0.27
BR001,2026-08-21,15,Account Opening,3,4.333333333333333,15.0,0.0,20.56,6.926666666666667,0,2026-08-21,Friday,4,21,0,0,0,3.0,2.0,6.0,12.0,3.0,5.0438888888888895,2.4050632911392404,0.29
BR001,2026-08-21,16,Account Opening,2,4.0,15.0,0.0,19.295,6.625,0,2026-08-21,Friday,4,21,0,0,0,3.0,2.0,5.0,10.0,2.0,6.890555555555555,2.4042105263157896,0.27
BR001,2026-08-22,9,Account Opening,1,2.0,15.0,0.0,18.65,1.73,0,2026-08-22,Saturday,5,22,1,0,0,2.0,2.0,3.0,9.0,2.0,5.093888888888889,2.4012605042016806,0.13
BR001,2026-08-22,11,Account Opening,2,4.0,15.0,0.0,18.735,6.4399999999999995,0,2026-08-22,Saturday,5,22,1,0,0,1.0,3.0,3.0,8.0,2.0,4.931666666666667,2.40041928721174,0.27
BR001,2026-08-22,12,Account Opening,1,2.0,15.0,0.0,16.04,2.08,0,2026-08-22,Saturday,5,22,1,0,0,2.0,2.0,3.0,6.0,2.0,3.4166666666666674,2.397489539748954,0.13
BR001,2026-08-22,13,Account Opening,1,3.0,15.0,0.0,24.3,7.22,0,2026-08-22,Saturday,5,22,1,0,0,1.0,4.0,2.0,5.0,1.0,5.246666666666667,2.394572025052192,0.2
BR001,2026-08-22,15,Account Opening,1,5.0,15.0,0.0,24.06,9.48,0,2026-08-22,Saturday,5,22,1,0,0,1.0,2.0,2.0,5.0,1.0,6.260000000000001,2.3916666666666666,0.33
BR001,2026-08-22,16,Account Opening,2,1.0,15.0,0.0,18.195,1.7100000000000002,1,2026-08-22,Saturday,5,22,1,0,0,1.0,3.0,3.0,5.0,2.0,6.136666666666668,2.3908523908523907,0.07
BR001,2026-08-24,9,Account Opening,4,3.0,15.0,0.0,19.4275,6.05,0,2026-08-24,Monday,0,24,0,0,0,2.0,3.0,6.0,8.0,3.0,5.746666666666667,2.3941908713692945,0.2
BR001,2026-08-24,10,Account Opening,2,4.5,15.0,0.0,18.380000000000003,7.734999999999999,1,2026-08-24,Monday,0,24,0,0,0,4.0,2.0,6.0,9.0,3.0,5.165,2.393374741200828,0.3
BR001,2026-08-24,11,Account Opening,6,7.166666666666667,15.0,0.0,18.551666666666662,11.015,0,2026-08-24,Monday,0,24,0,0,0,2.0,1.0,8.0,14.0,4.0,8.266666666666667,2.4008264462809916,0.48
BR001,2026-08-24,12,Account Opening,1,4.0,15.0,0.0,23.45,9.47,0,2026-08-24,Monday,0,24,0,0,0,6.0,2.0,7.0,13.0,4.0,9.406666666666666,2.397938144329897,0.27
BR001,2026-08-24,13,Account Opening,1,3.0,15.0,0.0,22.71,5.64,0,2026-08-24,Monday,0,24,0,0,0,1.0,1.0,2.0,10.0,1.0,8.708333333333334,2.3950617283950617,0.2
BR001,2026-08-24,15,Account Opening,4,5.5,15.0,0.0,19.925,8.8325,1,2026-08-24,Monday,0,24,0,0,0,1.0,1.0,5.0,12.0,2.0,7.980833333333334,2.3983572895277208,0.37
BR001,2026-08-24,16,Account Opening,1,4.0,15.0,0.0,23.77,6.81,0,2026-08-24,Monday,0,24,0,0,0,4.0,1.0,5.0,7.0,2.0,7.094166666666666,2.3954918032786887,0.27
BR001,2026-08-25,9,Account Opening,2,2.5,15.0,0.0,17.439999999999998,4.78,0,2026-08-25,Tuesday,1,25,0,0,0,1.0,2.0,3.0,8.0,2.0,6.8075,2.394683026584867,0.17
BR001,2026-08-25,10,Account Opening,2,6.0,15.0,0.0,21.755,13.42,0,2026-08-25,Tuesday,1,25,0,0,0,2.0,4.0,4.0,9.0,2.0,8.336666666666666,2.393877551020408,0.4
BR001,2026-08-25,11,Account Opening,2,5.5,15.0,0.0,19.695,8.51,0,2026-08-25,Tuesday,1,25,0,0,0,2.0,2.0,4.0,7.0,2.0,8.903333333333334,2.3930753564154785,0.37
BR001,2026-08-25,12,Account Opening,3,2.0,15.0,0.0,18.22,4.796666666666667,1,2026-08-25,Tuesday,1,25,0,0,0,2.0,6.0,5.0,9.0,2.0,8.908888888888889,2.394308943089431,0.13
BR001,2026-08-25,13,Account Opening,2,2.0,15.0,0.0,19.62,5.15,0,2026-08-25,Tuesday,1,25,0,0,0,3.0,1.0,5.0,9.0,2.0,6.152222222222222,2.393509127789047,0.13
BR001,2026-08-25,14,Account Opening,1,5.0,15.0,0.0,18.87,6.11,0,2026-08-25,Tuesday,1,25,0,0,0,2.0,1.0,3.0,8.0,2.0,5.352222222222223,2.3906882591093117,0.33
BR001,2026-08-25,15,Account Opening,3,3.6666666666666665,15.0,0.0,20.226666666666663,5.413333333333333,0,2026-08-25,Tuesday,1,25,0,0,0,1.0,4.0,4.0,9.0,2.0,5.557777777777777,2.391919191919192,0.24
BR001,2026-08-25,16,Account Opening,1,5.0,15.0,0.0,18.64,10.17,0,2026-08-25,Tuesday,1,25,0,0,0,3.0,1.0,4.0,7.0,2.0,7.231111111111112,2.3891129032258065,0.33
BR001,2026-08-26,10,Account Opening,2,5.0,14.0,1.0,19.09,8.22,0,2026-08-26,Wednesday,2,26,0,0,0,1.0,2.0,3.0,7.0,2.0,7.934444444444445,2.3883299798792756,0.36
BR001,2026-08-26,11,Account Opening,4,3.25,14.0,1.0,21.435,7.355,0,2026-08-26,Wednesday,2,26,0,0,0,2.0,2.0,6.0,10.0,3.0,8.581666666666667,2.391566265060241,0.23
BR001,2026-08-26,12,Account Opening,2,5.5,14.0,1.0,20.695,12.295,0,2026-08-26,Wednesday,2,26,0,0,0,4.0,2.0,6.0,9.0,3.0,9.29,2.3907815631262523,0.39
BR001,2026-08-26,13,Account Opening,1,0.0,14.0,1.0,15.73,0.89,1,2026-08-26,Wednesday,2,26,0,0,0,2.0,3.0,3.0,9.0,2.0,6.846666666666667,2.388,0.0
BR001,2026-08-26,14,Account Opening,5,4.2,14.0,1.0,20.444,8.303999999999998,0,2026-08-26,Wednesday,2,26,0,0,0,1.0,2.0,6.0,12.0,3.0,7.162999999999999,2.3932135728542914,0.3
BR001,2026-08-26,15,Account Opening,2,4.0,14.0,1.0,17.3,6.369999999999999,0,2026-08-26,Wednesday,2,26,0,0,0,5.0,1.0,7.0,10.0,4.0,5.187999999999999,2.3924302788844622,0.29
BR001,2026-08-27,9,Account Opening,1,5.0,15.0,0.0,21.98,9.57,0,2026-08-27,Thursday,3,27,0,0,0,2.0,3.0,3.0,9.0,2.0,8.081333333333331,2.389662027833002,0.33
BR001,2026-08-27,10,Account Opening,6,3.8333333333333335,15.0,0.0,19.563333333333333,6.191666666666666,0,2026-08-27,Thursday,3,27,0,0,0,1.0,1.0,7.0,14.0,4.0,7.377222222222222,2.3968253968253967,0.26
BR001,2026-08-27,11,Account Opening,1,3.0,15.0,0.0,15.82,2.56,0,2026-08-27,Thursday,3,27,0,0,0,6.0,2.0,7.0,10.0,4.0,6.107222222222222,2.394059405940594,0.2
BR001,2026-08-27,12,Account Opening,2,6.5,15.0,0.0,21.815,13.665,0,2026-08-27,Thursday,3,27,0,0,0,1.0,4.0,3.0,10.0,2.0,7.472222222222221,2.3932806324110674,0.43
BR001,2026-08-27,13,Account Opening,1,3.0,15.0,0.0,23.23,4.54,0,2026-08-27,Thursday,3,27,0,0,0,2.0,2.0,3.0,10.0,2.0,6.921666666666666,2.3905325443786984,0.2
BR001,2026-08-27,14,Account Opening,3,2.6666666666666665,15.0,0.0,15.823333333333332,3.19,1,2026-08-27,Thursday,3,27,0,0,0,1.0,1.0,4.0,7.0,2.0,7.131666666666667,2.391732283464567,0.18
BR001,2026-08-27,15,Account Opening,3,4.333333333333333,15.0,0.0,20.766666666666666,7.336666666666667,0,2026-08-27,Thursday,3,27,0,0,0,3.0,5.0,6.0,9.0,3.0,5.022222222222221,2.392927308447937,0.29
BR001,2026-08-28,9,Account Opening,1,4.0,15.0,0.0,18.84,5.8,0,2026-08-28,Friday,4,28,0,1,0,3.0,2.0,4.0,8.0,2.0,5.442222222222221,2.3901960784313725,0.27
BR001,2026-08-28,10,Account Opening,1,8.0,15.0,0.0,20.99,15.48,0,2026-08-28,Friday,4,28,0,1,0,1.0,1.0,2.0,8.0,1.0,9.53888888888889,2.3874755381604698,0.53
BR001,2026-08-28,12,Account Opening,2,5.5,15.0,0.0,19.83,11.0,0,2026-08-28,Friday,4,28,0,1,0,1.0,6.0,3.0,7.0,2.0,10.76,2.38671875,0.37
BR001,2026-08-28,14,Account Opening,2,6.5,15.0,0.0,21.21,12.97,0,2026-08-28,Friday,4,28,0,1,0,2.0,1.0,4.0,6.0,2.0,13.15,2.3859649122807016,0.43
BR001,2026-08-28,15,Account Opening,2,8.5,15.0,0.0,21.424999999999997,15.145,0,2026-08-28,Friday,4,28,0,1,0,2.0,2.0,4.0,7.0,2.0,13.038333333333332,2.385214007782101,0.57
BR001,2026-08-28,16,Account Opening,2,3.5,15.0,0.0,16.93,3.96,0,2026-08-28,Friday,4,28,0,1,0,2.0,1.0,4.0,8.0,2.0,10.691666666666665,2.384466019417476,0.23
BR001,2026-08-29,9,Account Opening,3,3.6666666666666665,14.0,1.0,20.73,5.69,0,2026-08-29,Saturday,5,29,1,1,0,2.0,3.0,5.0,9.0,2.0,8.265,2.385658914728682,0.26
BR001,2026-08-29,10,Account Opening,2,5.5,14.0,1.0,20.88,11.965,0,2026-08-29,Saturday,5,29,1,1,0,3.0,3.0,5.0,9.0,2.0,7.204999999999999,2.3849129593810443,0.39
BR001,2026-08-29,11,Account Opening,3,3.6666666666666665,14.0,1.0,23.846666666666664,9.053333333333333,1,2026-08-29,Saturday,5,29,1,1,0,2.0,1.0,5.0,10.0,2.0,8.902777777777777,2.386100386100386,0.26
BR001,2026-08-29,12,Account Opening,1,0.0,14.0,1.0,15.56,0.24,1,2026-08-29,Saturday,5,29,1,1,0,3.0,1.0,4.0,9.0,2.0,7.086111111111111,2.3834296724470136,0.0
BR001,2026-08-29,13,Account Opening,1,0.0,14.0,1.0,17.33,0.58,1,2026-08-29,Saturday,5,29,1,1,0,1.0,2.0,2.0,7.0,1.0,3.2911111111111104,2.3807692307692307,0.0
BR001,2026-08-29,14,Account Opening,3,1.6666666666666667,14.0,1.0,20.89,3.81,2,2026-08-29,Saturday,5,29,1,1,0,1.0,2.0,4.0,8.0,2.0,1.5433333333333328,2.381957773512476,0.12
BR001,2026-08-29,16,Account Opening,3,2.0,14.0,1.0,21.913333333333338,3.633333333333333,1,2026-08-29,Saturday,5,29,1,1,0,3.0,2.0,6.0,8.0,3.0,2.6744444444444433,2.3831417624521074,0.14
BR001,2026-06-01,9,Cheque Withdrawal,1,5.0,15.0,0.0,3.21,1.8,0,2026-06-01,Monday,0,1,0,0,1,0.0,0.0,1.0,1.0,0.0,1.8,1.0,0.33
BR001,2026-06-01,10,Cheque Withdrawal,5,5.8,15.0,0.0,4.497999999999999,2.1919999999999997,0,2026-06-01,Monday,0,1,0,0,1,1.0,0.0,6.0,6.0,3.0,1.996,3.0,0.39
BR001,2026-06-01,11,Cheque Withdrawal,8,7.0,15.0,0.0,4.1075,2.1025,0,2026-06-01,Monday,0,1,0,0,1,5.0,0.0,13.0,14.0,6.0,2.0315,4.666666666666667,0.47
BR001,2026-06-01,12,Cheque Withdrawal,3,5.0,15.0,0.0,4.6866666666666665,3.4800000000000004,0,2026-06-01,Monday,0,1,0,0,1,8.0,0.0,11.0,17.0,6.0,2.5915,4.25,0.33
BR001,2026-06-01,14,Cheque Withdrawal,1,6.0,15.0,0.0,4.58,0.5,0,2026-06-01,Monday,0,1,0,0,1,3.0,0.0,4.0,17.0,2.0,2.0275,3.6,0.4
BR001,2026-06-01,15,Cheque Withdrawal,3,6.666666666666667,15.0,0.0,4.11,3.436666666666667,0,2026-06-01,Monday,0,1,0,0,1,1.0,0.0,4.0,15.0,2.0,2.4722222222222223,3.5,0.44
BR001,2026-06-01,16,Cheque Withdrawal,1,4.0,15.0,0.0,4.2,1.66,0,2026-06-01,Monday,0,1,0,0,1,3.0,0.0,4.0,8.0,2.0,1.8655555555555556,3.142857142857143,0.27
BR001,2026-06-02,10,Cheque Withdrawal,2,5.0,15.0,0.0,4.9350000000000005,2.785,0,2026-06-02,Tuesday,1,2,0,0,1,1.0,0.0,3.0,7.0,2.0,2.627222222222222,3.0,0.33
BR001,2026-06-02,11,Cheque Withdrawal,3,4.0,15.0,0.0,5.286666666666666,1.4533333333333334,1,2026-06-02,Tuesday,1,2,0,0,1,2.0,1.0,5.0,9.0,2.0,1.9661111111111111,3.0,0.27
BR001,2026-06-02,12,Cheque Withdrawal,2,1.5,15.0,0.0,4.38,0.4,1,2026-06-02,Tuesday,1,2,0,0,1,3.0,5.0,5.0,8.0,2.0,1.5461111111111112,2.9,0.1
BR001,2026-06-02,13,Cheque Withdrawal,2,3.5,15.0,0.0,3.54,0.635,0,2026-06-02,Tuesday,1,2,0,0,1,2.0,8.0,4.0,9.0,2.0,0.8294444444444444,2.8181818181818183,0.23
BR001,2026-06-02,14,Cheque Withdrawal,2,2.5,15.0,0.0,4.245,0.595,1,2026-06-02,Tuesday,1,2,0,0,1,2.0,3.0,4.0,9.0,2.0,0.5433333333333333,2.75,0.17
BR001,2026-06-02,15,Cheque Withdrawal,2,5.0,15.0,0.0,4.720000000000001,3.2249999999999996,0,2026-06-02,Tuesday,1,2,0,0,1,2.0,1.0,4.0,8.0,2.0,1.485,2.6923076923076925,0.33
BR001,2026-06-03,9,Cheque Withdrawal,2,4.5,15.0,0.0,4.58,2.77,0,2026-06-03,Wednesday,2,3,0,0,1,2.0,3.0,4.0,8.0,2.0,2.1966666666666668,2.642857142857143,0.3
BR001,2026-06-03,10,Cheque Withdrawal,1,6.0,15.0,0.0,4.42,2.59,0,2026-06-03,Wednesday,2,3,0,0,1,2.0,1.0,3.0,7.0,2.0,2.8616666666666664,2.533333333333333,0.4
BR001,2026-06-03,11,Cheque Withdrawal,2,6.5,15.0,0.0,3.75,4.115,0,2026-06-03,Wednesday,2,3,0,0,1,1.0,2.0,3.0,7.0,2.0,3.158333333333333,2.5,0.43
BR001,2026-06-03,12,Cheque Withdrawal,1,0.0,15.0,0.0,5.53,0.2,1,2026-06-03,Wednesday,2,3,0,0,1,2.0,3.0,3.0,6.0,2.0,2.3016666666666667,2.411764705882353,0.0
BR001,2026-06-03,13,Cheque Withdrawal,4,3.5,15.0,0.0,4.795,1.48,0,2026-06-03,Wednesday,2,3,0,0,1,1.0,2.0,5.0,8.0,2.0,1.9316666666666664,2.5,0.23
BR001,2026-06-03,14,Cheque Withdrawal,2,6.0,15.0,0.0,4.74,4.38,0,2026-06-03,Wednesday,2,3,0,0,1,4.0,2.0,6.0,9.0,3.0,2.0199999999999996,2.473684210526316,0.4
BR001,2026-06-03,15,Cheque Withdrawal,5,5.2,15.0,0.0,4.384,2.3139999999999996,0,2026-06-03,Wednesday,2,3,0,0,1,2.0,2.0,7.0,12.0,4.0,2.724666666666666,2.6,0.35
BR001,2026-06-03,16,Cheque Withdrawal,3,4.333333333333333,15.0,0.0,4.976666666666667,1.8533333333333335,0,2026-06-03,Wednesday,2,3,0,0,1,5.0,2.0,8.0,14.0,4.0,2.8491111111111107,2.619047619047619,0.29
BR001,2026-06-04,9,Cheque Withdrawal,1,3.0,13.0,2.0,4.21,3.78,0,2026-06-04,Thursday,3,4,0,0,1,3.0,2.0,4.0,11.0,2.0,2.6491111111111105,2.5454545454545454,0.23
BR001,2026-06-04,10,Cheque Withdrawal,4,4.25,13.0,2.0,4.7525,1.75,1,2026-06-04,Thursday,3,4,0,0,1,1.0,1.0,5.0,13.0,2.0,2.461111111111111,2.608695652173913,0.33
BR001,2026-06-04,11,Cheque Withdrawal,3,4.666666666666667,13.0,2.0,4.12,3.5033333333333334,0,2026-06-04,Thursday,3,4,0,0,1,4.0,2.0,7.0,11.0,4.0,3.011111111111111,2.625,0.36
BR001,2026-06-04,12,Cheque Withdrawal,2,4.5,13.0,2.0,4.555,3.49,0,2026-06-04,Thursday,3,4,0,0,1,3.0,1.0,5.0,10.0,2.0,2.914444444444444,2.6,0.35
BR001,2026-06-04,14,Cheque Withdrawal,2,5.5,13.0,2.0,4.365,3.675,0,2026-06-04,Thursday,3,4,0,0,1,2.0,4.0,4.0,11.0,2.0,3.556111111111111,2.576923076923077,0.42
BR001,2026-06-04,15,Cheque Withdrawal,3,7.0,13.0,2.0,3.516666666666667,3.0533333333333332,0,2026-06-04,Thursday,3,4,0,0,1,2.0,2.0,5.0,10.0,2.0,3.40611111111111,2.592592592592593,0.54
BR001,2026-06-04,16,Cheque Withdrawal,2,1.5,13.0,2.0,4.68,1.515,1,2026-06-04,Thursday,3,4,0,0,1,3.0,5.0,5.0,9.0,2.0,2.7477777777777774,2.5714285714285716,0.12
BR001,2026-06-05,10,Cheque Withdrawal,1,7.0,14.0,1.0,5.22,6.09,0,2026-06-05,Friday,4,5,0,0,1,2.0,3.0,3.0,8.0,2.0,3.552777777777777,2.5172413793103448,0.5
BR001,2026-06-05,11,Cheque Withdrawal,6,6.333333333333333,14.0,1.0,4.3500000000000005,2.58,1,2026-06-05,Friday,4,5,0,0,1,1.0,1.0,7.0,12.0,4.0,3.3949999999999996,2.6333333333333333,0.45
BR001,2026-06-05,12,Cheque Withdrawal,2,3.5,14.0,1.0,4.595000000000001,2.345,1,2026-06-05,Friday,4,5,0,0,1,6.0,4.0,8.0,11.0,4.0,3.6716666666666664,2.6129032258064515,0.25
BR001,2026-06-05,13,Cheque Withdrawal,1,7.0,14.0,1.0,3.14,2.07,0,2026-06-05,Friday,4,5,0,0,1,2.0,3.0,3.0,10.0,2.0,2.3316666666666666,2.5625,0.5
BR001,2026-06-05,14,Cheque Withdrawal,2,6.5,14.0,1.0,4.01,3.265,0,2026-06-05,Friday,4,5,0,0,1,1.0,2.0,3.0,11.0,2.0,2.56,2.5454545454545454,0.46
BR001,2026-06-05,15,Cheque Withdrawal,4,4.25,14.0,1.0,5.0425,2.625,2,2026-06-05,Friday,4,5,0,0,1,2.0,2.0,6.0,9.0,3.0,2.653333333333333,2.588235294117647,0.3
BR001,2026-06-05,16,Cheque Withdrawal,1,6.0,14.0,1.0,5.84,3.46,0,2026-06-05,Friday,4,5,0,0,1,4.0,3.0,5.0,8.0,2.0,3.1166666666666667,2.5428571428571427,0.43
BR001,2026-06-06,9,Cheque Withdrawal,2,4.0,14.0,1.0,4.105,1.335,0,2026-06-06,Saturday,5,6,1,0,0,1.0,2.0,3.0,9.0,2.0,2.4733333333333327,2.5277777777777777,0.29
BR001,2026-06-06,10,Cheque Withdrawal,1,3.0,14.0,1.0,5.2,2.86,0,2026-06-06,Saturday,5,6,1,0,0,2.0,1.0,3.0,8.0,2.0,2.5516666666666663,2.4864864864864864,0.21
BR001,2026-06-06,11,Cheque Withdrawal,2,4.0,14.0,1.0,4.755,0.5,0,2026-06-06,Saturday,5,6,1,0,0,1.0,6.0,3.0,6.0,2.0,1.5649999999999995,2.473684210526316,0.29
BR001,2026-06-06,12,Cheque Withdrawal,1,4.0,14.0,1.0,5.87,1.87,0,2026-06-06,Saturday,5,6,1,0,0,2.0,2.0,3.0,6.0,2.0,1.743333333333333,2.4358974358974357,0.29
BR001,2026-06-06,14,Cheque Withdrawal,3,2.3333333333333335,14.0,1.0,4.866666666666666,2.5000000000000004,1,2026-06-06,Saturday,5,6,1,0,0,1.0,1.0,4.0,7.0,2.0,1.623333333333333,2.45,0.17
BR001,2026-06-06,15,Cheque Withdrawal,1,5.0,14.0,1.0,4.4,4.78,0,2026-06-06,Saturday,5,6,1,0,0,3.0,2.0,4.0,7.0,2.0,3.0500000000000003,2.4146341463414633,0.36
BR001,2026-06-06,16,Cheque Withdrawal,1,3.0,14.0,1.0,3.48,3.43,0,2026-06-06,Saturday,5,6,1,0,0,1.0,4.0,2.0,6.0,1.0,3.5700000000000003,2.380952380952381,0.21
BR001,2026-06-08,9,Cheque Withdrawal,2,7.0,15.0,0.0,4.185,3.475,0,2026-06-08,Monday,0,8,0,0,0,1.0,1.0,3.0,7.0,2.0,3.895,2.372093023255814,0.47
BR001,2026-06-08,10,Cheque Withdrawal,4,5.0,15.0,0.0,4.5925,2.36,1,2026-06-08,Monday,0,8,0,0,0,2.0,2.0,6.0,8.0,3.0,3.088333333333333,2.409090909090909,0.33
BR001,2026-06-08,12,Cheque Withdrawal,2,5.0,15.0,0.0,5.425,1.95,0,2026-06-08,Monday,0,8,0,0,0,4.0,1.0,6.0,9.0,3.0,2.595,2.4,0.33
BR001,2026-06-08,13,Cheque Withdrawal,1,5.0,15.0,0.0,4.26,1.99,0,2026-06-08,Monday,0,8,0,0,0,2.0,2.0,3.0,9.0,2.0,2.0999999999999996,2.369565217391304,0.33
BR001,2026-06-08,15,Cheque Withdrawal,3,5.0,15.0,0.0,4.580000000000001,2.2633333333333336,1,2026-06-08,Monday,0,8,0,0,0,1.0,1.0,4.0,10.0,2.0,2.0677777777777777,2.382978723404255,0.33
BR001,2026-06-09,9,Cheque Withdrawal,3,4.0,15.0,0.0,4.476666666666667,1.0566666666666666,0,2026-06-09,Tuesday,1,9,0,0,0,3.0,3.0,6.0,9.0,3.0,1.7699999999999996,2.3958333333333335,0.27
BR001,2026-06-09,10,Cheque Withdrawal,6,3.3333333333333335,15.0,0.0,4.253333333333333,0.835,2,2026-06-09,Tuesday,1,9,0,0,0,3.0,1.0,9.0,13.0,4.0,1.3849999999999998,2.4693877551020407,0.22
BR001,2026-06-09,11,Cheque Withdrawal,3,6.0,15.0,0.0,3.5199999999999996,2.66,0,2026-06-09,Tuesday,1,9,0,0,0,6.0,1.0,9.0,15.0,4.0,1.517222222222222,2.48,0.4
BR001,2026-06-09,12,Cheque Withdrawal,2,3.5,15.0,0.0,4.945,2.685,0,2026-06-09,Tuesday,1,9,0,0,0,3.0,2.0,5.0,14.0,2.0,2.06,2.4705882352941178,0.23
BR001,2026-06-09,13,Cheque Withdrawal,5,4.0,15.0,0.0,4.43,1.46,1,2026-06-09,Tuesday,1,9,0,0,0,2.0,4.0,7.0,16.0,4.0,2.268333333333333,2.519230769230769,0.27
BR001,2026-06-09,14,Cheque Withdrawal,2,4.5,15.0,0.0,3.415,0.5,0,2026-06-09,Tuesday,1,9,0,0,0,5.0,2.0,7.0,12.0,4.0,1.5483333333333331,2.509433962264151,0.3
BR001,2026-06-10,9,Cheque Withdrawal,1,2.0,15.0,0.0,3.81,2.45,0,2026-06-10,Wednesday,2,10,0,0,0,2.0,1.0,3.0,10.0,2.0,1.4699999999999998,2.4814814814814814,0.13
BR001,2026-06-10,10,Cheque Withdrawal,2,6.0,15.0,0.0,3.645,2.405,0,2026-06-10,Wednesday,2,10,0,0,0,1.0,3.0,3.0,10.0,2.0,1.785,2.4727272727272727,0.4
BR001,2026-06-10,11,Cheque Withdrawal,1,2.0,15.0,0.0,3.48,0.5,0,2026-06-10,Wednesday,2,10,0,0,0,2.0,3.0,3.0,6.0,2.0,1.785,2.4464285714285716,0.13
BR001,2026-06-10,14,Cheque Withdrawal,2,3.0,15.0,0.0,3.665,1.215,1,2026-06-10,Wednesday,2,10,0,0,0,1.0,6.0,3.0,6.0,2.0,1.373333333333333,2.43859649122807,0.2
BR001,2026-06-10,15,Cheque Withdrawal,1,3.0,15.0,0.0,4.54,2.83,0,2026-06-10,Wednesday,2,10,0,0,0,2.0,3.0,3.0,6.0,2.0,1.5149999999999997,2.413793103448276,0.2
BR001,2026-06-10,16,Cheque Withdrawal,1,1.0,15.0,0.0,5.49,3.13,0,2026-06-10,Wednesday,2,10,0,0,0,1.0,2.0,2.0,5.0,1.0,2.391666666666666,2.389830508474576,0.07
BR001,2026-06-11,9,Cheque Withdrawal,1,1.0,15.0,0.0,3.32,0.5,0,2026-06-11,Thursday,3,11,0,0,0,1.0,5.0,2.0,5.0,1.0,2.153333333333333,2.3666666666666667,0.07
BR001,2026-06-11,10,Cheque Withdrawal,1,7.0,15.0,0.0,4.17,2.19,0,2026-06-11,Thursday,3,11,0,0,0,1.0,2.0,2.0,4.0,1.0,1.9399999999999995,2.3442622950819674,0.47
BR001,2026-06-11,11,Cheque Withdrawal,2,2.5,15.0,0.0,3.875,0.93,0,2026-06-11,Thursday,3,11,0,0,0,1.0,1.0,3.0,5.0,2.0,1.2066666666666663,2.338709677419355,0.17
BR001,2026-06-11,12,Cheque Withdrawal,3,2.6666666666666665,15.0,0.0,4.046666666666667,1.393333333333333,1,2026-06-11,Thursday,3,11,0,0,0,2.0,2.0,5.0,7.0,2.0,1.504444444444444,2.3492063492063493,0.18
BR001,2026-06-11,13,Cheque Withdrawal,1,2.0,15.0,0.0,4.93,1.12,0,2026-06-11,Thursday,3,11,0,0,0,3.0,1.0,4.0,7.0,2.0,1.1477777777777776,2.328125,0.13
BR001,2026-06-11,15,Cheque Withdrawal,4,3.75,15.0,0.0,4.2475000000000005,1.81,1,2026-06-11,Thursday,3,11,0,0,0,1.0,2.0,5.0,10.0,2.0,1.4411111111111108,2.353846153846154,0.25
BR001,2026-06-11,16,Cheque Withdrawal,1,3.0,15.0,0.0,5.85,0.5,0,2026-06-11,Thursday,3,11,0,0,0,4.0,1.0,5.0,9.0,2.0,1.143333333333333,2.3333333333333335,0.2
BR001,2026-06-12,10,Cheque Withdrawal,2,7.0,13.0,2.0,4.07,4.395,0,2026-06-12,Friday,4,12,0,0,0,1.0,1.0,3.0,8.0,2.0,2.234999999999999,2.328358208955224,0.54
BR001,2026-06-12,11,Cheque Withdrawal,3,8.666666666666666,13.0,2.0,5.093333333333334,5.156666666666666,0,2026-06-12,Friday,4,12,0,0,0,2.0,1.0,5.0,10.0,2.0,3.350555555555555,2.338235294117647,0.67
BR001,2026-06-12,12,Cheque Withdrawal,1,7.0,13.0,2.0,5.73,1.99,0,2026-06-12,Friday,4,12,0,0,0,3.0,1.0,4.0,7.0,2.0,3.8472222222222214,2.318840579710145,0.54
BR001,2026-06-12,13,Cheque Withdrawal,2,4.5,13.0,2.0,3.735,1.325,0,2026-06-12,Friday,4,12,0,0,0,1.0,2.0,3.0,8.0,2.0,2.823888888888888,2.3142857142857145,0.35
BR001,2026-06-12,14,Cheque Withdrawal,2,5.5,13.0,2.0,4.27,1.72,0,2026-06-12,Friday,4,12,0,0,0,2.0,3.0,4.0,8.0,2.0,1.6783333333333328,2.3098591549295775,0.42
BR001,2026-06-12,15,Cheque Withdrawal,1,0.0,13.0,2.0,5.81,0.2,1,2026-06-12,Friday,4,12,0,0,0,2.0,1.0,3.0,6.0,2.0,1.081666666666666,2.2916666666666665,0.0
BR001,2026-06-12,16,Cheque Withdrawal,3,6.333333333333333,13.0,2.0,5.103333333333333,2.533333333333333,0,2026-06-12,Friday,4,12,0,0,0,1.0,4.0,4.0,8.0,2.0,1.4844444444444438,2.3013698630136985,0.49
BR001,2026-06-13,9,Cheque Withdrawal,1,0.0,15.0,0.0,5.19,0.72,1,2026-06-13,Saturday,5,13,1,0,0,3.0,1.0,4.0,7.0,2.0,1.1511111111111103,2.283783783783784,0.0
BR001,2026-06-13,10,Cheque Withdrawal,3,5.0,15.0,0.0,4.8999999999999995,3.306666666666666,0,2026-06-13,Saturday,5,13,1,0,0,1.0,2.0,4.0,8.0,2.0,2.186666666666666,2.2933333333333334,0.33
BR001,2026-06-13,11,Cheque Withdrawal,3,1.0,15.0,0.0,4.953333333333333,0.7433333333333333,2,2026-06-13,Saturday,5,13,1,0,0,3.0,3.0,6.0,10.0,3.0,1.5899999999999992,2.3026315789473686,0.07
BR001,2026-06-13,14,Cheque Withdrawal,1,1.0,15.0,0.0,5.84,0.5,0,2026-06-13,Saturday,5,13,1,0,0,3.0,1.0,4.0,8.0,2.0,1.516666666666666,2.2857142857142856,0.07
BR001,2026-06-13,15,Cheque Withdrawal,1,2.0,15.0,0.0,3.51,0.97,0,2026-06-13,Saturday,5,13,1,0,0,1.0,2.0,2.0,8.0,1.0,0.7377777777777772,2.269230769230769,0.13
BR001,2026-06-13,16,Cheque Withdrawal,2,3.5,15.0,0.0,3.3600000000000003,0.5,0,2026-06-13,Saturday,5,13,1,0,0,1.0,2.0,3.0,7.0,2.0,0.6566666666666662,2.2658227848101267,0.23
BR001,2026-06-15,9,Cheque Withdrawal,4,3.5,15.0,0.0,3.855,2.3675,0,2026-06-15,Monday,0,15,0,0,0,2.0,1.0,6.0,8.0,3.0,1.279166666666666,2.2875,0.23
BR001,2026-06-15,10,Cheque Withdrawal,3,7.333333333333333,15.0,0.0,4.59,4.203333333333333,0,2026-06-15,Monday,0,15,0,0,0,4.0,3.0,7.0,10.0,4.0,2.356944444444444,2.2962962962962963,0.49
BR001,2026-06-15,11,Cheque Withdrawal,4,7.25,15.0,0.0,4.405,4.5725,0,2026-06-15,Monday,0,15,0,0,0,3.0,1.0,7.0,13.0,4.0,3.714444444444444,2.317073170731707,0.48
BR001,2026-06-15,12,Cheque Withdrawal,2,1.5,15.0,0.0,4.465,2.315,1,2026-06-15,Monday,0,15,0,0,0,4.0,3.0,6.0,13.0,3.0,3.696944444444444,2.3132530120481927,0.1
BR001,2026-06-15,13,Cheque Withdrawal,2,4.5,15.0,0.0,4.405,2.17,0,2026-06-15,Monday,0,15,0,0,0,2.0,3.0,4.0,11.0,2.0,3.0191666666666657,2.3095238095238093,0.3
BR001,2026-06-15,15,Cheque Withdrawal,2,4.0,15.0,0.0,3.145,2.5,0,2026-06-15,Monday,0,15,0,0,0,2.0,1.0,4.0,10.0,2.0,2.3283333333333327,2.3058823529411763,0.27
BR001,2026-06-15,16,Cheque Withdrawal,3,3.0,15.0,0.0,5.246666666666667,2.783333333333333,0,2026-06-15,Monday,0,15,0,0,0,2.0,1.0,5.0,9.0,2.0,2.484444444444444,2.313953488372093,0.2
BR001,2026-06-16,9,Cheque Withdrawal,2,3.5,15.0,0.0,4.84,1.235,0,2026-06-16,Tuesday,1,16,0,0,0,3.0,2.0,5.0,9.0,2.0,2.1727777777777773,2.310344827586207,0.23
BR001,2026-06-16,10,Cheque Withdrawal,3,1.6666666666666667,15.0,0.0,4.1066666666666665,2.063333333333333,1,2026-06-16,Tuesday,1,16,0,0,0,2.0,4.0,5.0,10.0,2.0,2.027222222222221,2.3181818181818183,0.11
BR001,2026-06-16,11,Cheque Withdrawal,3,5.666666666666667,15.0,0.0,4.916666666666667,3.6833333333333336,0,2026-06-16,Tuesday,1,16,0,0,0,3.0,3.0,6.0,11.0,3.0,2.3272222222222214,2.3258426966292136,0.38
BR001,2026-06-16,12,Cheque Withdrawal,2,3.0,15.0,0.0,3.61,2.755,0,2026-06-16,Tuesday,1,16,0,0,0,3.0,4.0,5.0,10.0,2.0,2.833888888888888,2.3222222222222224,0.2
BR001,2026-06-16,13,Cheque Withdrawal,3,2.0,15.0,0.0,4.46,0.3766666666666666,2,2026-06-16,Tuesday,1,16,0,0,0,2.0,2.0,5.0,11.0,2.0,2.271666666666666,2.32967032967033,0.13
BR001,2026-06-16,14,Cheque Withdrawal,1,5.0,15.0,0.0,5.18,4.95,0,2026-06-16,Tuesday,1,16,0,0,0,3.0,2.0,4.0,9.0,2.0,2.693888888888889,2.3152173913043477,0.33
BR001,2026-06-16,15,Cheque Withdrawal,2,5.5,15.0,0.0,3.83,2.555,0,2026-06-16,Tuesday,1,16,0,0,0,1.0,2.0,3.0,8.0,2.0,2.627222222222222,2.3118279569892475,0.37
BR001,2026-06-17,9,Cheque Withdrawal,1,1.0,15.0,0.0,3.54,0.83,0,2026-06-17,Wednesday,2,17,0,0,0,2.0,3.0,3.0,7.0,2.0,2.778333333333333,2.297872340425532,0.07
BR001,2026-06-17,10,Cheque Withdrawal,3,5.0,15.0,0.0,4.03,2.6766666666666663,0,2026-06-17,Wednesday,2,17,0,0,0,1.0,2.0,4.0,7.0,2.0,2.0205555555555548,2.305263157894737,0.33
BR001,2026-06-17,11,Cheque Withdrawal,4,5.75,15.0,0.0,4.1975,1.775,0,2026-06-17,Wednesday,2,17,0,0,0,3.0,3.0,7.0,10.0,4.0,1.7605555555555548,2.3229166666666665,0.38
BR001,2026-06-17,12,Cheque Withdrawal,2,2.0,15.0,0.0,4.305,0.35,1,2026-06-17,Wednesday,2,17,0,0,0,4.0,3.0,6.0,10.0,3.0,1.6005555555555546,2.3195876288659796,0.13
BR001,2026-06-17,14,Cheque Withdrawal,2,4.0,15.0,0.0,4.81,2.94,0,2026-06-17,Wednesday,2,17,0,0,0,2.0,2.0,4.0,11.0,2.0,1.6883333333333326,2.316326530612245,0.27
BR001,2026-06-18,9,Cheque Withdrawal,3,4.0,14.0,1.0,5.013333333333333,4.066666666666666,0,2026-06-18,Thursday,3,18,0,0,0,2.0,3.0,5.0,11.0,2.0,2.4522222222222214,2.323232323232323,0.29
BR001,2026-06-18,10,Cheque Withdrawal,2,3.5,14.0,1.0,3.87,2.55,0,2026-06-18,Thursday,3,18,0,0,0,3.0,1.0,5.0,9.0,2.0,3.185555555555555,2.32,0.25
BR001,2026-06-18,11,Cheque Withdrawal,2,5.0,14.0,1.0,4.17,0.92,0,2026-06-18,Thursday,3,18,0,0,0,2.0,2.0,4.0,9.0,2.0,2.512222222222221,2.3168316831683167,0.36
BR001,2026-06-18,12,Cheque Withdrawal,2,5.0,14.0,1.0,3.825,1.005,0,2026-06-18,Thursday,3,18,0,0,0,2.0,1.0,4.0,9.0,2.0,1.4916666666666656,2.313725490196078,0.36
BR001,2026-06-18,14,Cheque Withdrawal,4,3.0,14.0,1.0,4.61,1.665,0,2026-06-18,Thursday,3,18,0,0,0,2.0,3.0,6.0,10.0,3.0,1.1966666666666657,2.3300970873786406,0.21
BR001,2026-06-18,15,Cheque Withdrawal,5,2.6,14.0,1.0,4.036,1.49,1,2026-06-18,Thursday,3,18,0,0,0,4.0,4.0,9.0,13.0,4.0,1.3866666666666658,2.355769230769231,0.19
BR001,2026-06-18,16,Cheque Withdrawal,1,1.0,14.0,1.0,4.4,0.5,0,2026-06-18,Thursday,3,18,0,0,0,5.0,2.0,6.0,12.0,3.0,1.2183333333333326,2.342857142857143,0.07
BR001,2026-06-19,9,Cheque Withdrawal,3,3.6666666666666665,15.0,0.0,4.773333333333333,2.5033333333333334,0,2026-06-19,Friday,4,19,0,0,0,1.0,2.0,4.0,13.0,2.0,1.4977777777777768,2.349056603773585,0.24
BR001,2026-06-19,10,Cheque Withdrawal,3,4.666666666666667,15.0,0.0,3.89,0.86,0,2026-06-19,Friday,4,19,0,0,0,3.0,3.0,6.0,12.0,3.0,1.2877777777777768,2.3551401869158877,0.31
BR001,2026-06-19,11,Cheque Withdrawal,3,4.666666666666667,15.0,0.0,5.72,3.0766666666666667,0,2026-06-19,Friday,4,19,0,0,0,3.0,2.0,6.0,10.0,3.0,2.146666666666666,2.361111111111111,0.31
BR001,2026-06-19,12,Cheque Withdrawal,2,4.5,15.0,0.0,5.140000000000001,1.3,0,2026-06-19,Friday,4,19,0,0,0,3.0,2.0,5.0,11.0,2.0,1.7455555555555546,2.3577981651376145,0.3
BR001,2026-06-19,13,Cheque Withdrawal,1,2.0,15.0,0.0,3.67,1.99,0,2026-06-19,Friday,4,19,0,0,0,2.0,2.0,3.0,9.0,2.0,2.1222222222222213,2.3454545454545452,0.13
BR001,2026-06-19,14,Cheque Withdrawal,2,5.0,15.0,0.0,5.02,2.535,0,2026-06-19,Friday,4,19,0,0,0,1.0,4.0,3.0,8.0,2.0,1.9416666666666655,2.3423423423423424,0.33
BR001,2026-06-19,15,Cheque Withdrawal,3,3.0,15.0,0.0,4.226666666666667,2.48,0,2026-06-19,Friday,4,19,0,0,0,2.0,5.0,5.0,8.0,2.0,2.334999999999999,2.3482142857142856,0.2
BR001,2026-06-19,16,Cheque Withdrawal,6,4.0,15.0,0.0,4.61,1.855,0,2026-06-19,Friday,4,19,0,0,0,3.0,1.0,9.0,12.0,4.0,2.289999999999999,2.3805309734513274,0.27
BR001,2026-06-20,9,Cheque Withdrawal,1,4.0,14.0,1.0,5.93,1.26,0,2026-06-20,Saturday,5,20,1,0,0,6.0,3.0,7.0,12.0,4.0,1.864999999999999,2.3684210526315788,0.29
BR001,2026-06-20,11,Cheque Withdrawal,1,0.0,14.0,1.0,5.69,0.2,1,2026-06-20,Saturday,5,20,1,0,0,1.0,3.0,2.0,11.0,1.0,1.104999999999999,2.356521739130435,0.0
BR001,2026-06-20,13,Cheque Withdrawal,1,6.0,14.0,1.0,4.4,1.95,0,2026-06-20,Saturday,5,20,1,0,0,1.0,3.0,2.0,9.0,1.0,1.1366666666666656,2.3448275862068964,0.43
